case_id,case_reference,title,client_name,opposing_party,category,jurisdiction,document_type,status,intake_status,ai_confidence,human_review_status,important_dates,amounts,missing_fields,source_document,detected_format,sample_variant,created_by,created_at,updated_at
1,SYN-26-00001,Late payment for delivered cardboard packaging,Kestrelpoint Packaging BV,Orrinford Digital BV,Commercial dispute,Brussels Enterprise Court,Formal notice,Closed,Complete,0.92,Approved,"[{""label"": ""incident_date"", ""date"": ""2025-10-18"", ""incomplete"": false}, {""label"": ""notice_date"", ""date"": ""2025-12-16"", ""incomplete"": false}, {""label"": ""response_deadline"", ""date"": ""2025-12-31"", ""incomplete"": false}]","[{""label"": ""amount_claimed"", ""value"": 58889.5}]",[],DOC-0001_formal_notice.png,png,clean,reviewer_01,2026-01-05T10:16:52,2026-02-26T10:16:52
2,SYN-26-00002,Notice period dispute,Yannick Maerlant-Oost,Wexmoor Retail SRL,Employment matter,Brussels Labour Court,Employment termination letter,Open,Complete,0.81,Approved with corrections,"[{""label"": ""incident_date"", ""date"": ""2026-01-29"", ""incomplete"": false}, {""label"": ""notice_date"", ""date"": ""2026-03-25"", ""incomplete"": false}, {""label"": ""response_deadline"", ""date"": ""2026-04-15"", ""incomplete"": false}, {""label"": ""hearing_date"", ""date"": ""2026-06-21"", ""incomplete"": false}]","[{""label"": ""amount_claimed"", ""value"": 18766}, {""label"": ""late_interest"", ""value"": 585.57}]",[],DOC-0002_employment_termination_letter.jpg,jpg,degraded,reviewer_02,2026-01-06T10:08:21,2026-01-06T10:10:21
3,SYN-26-00003,Notice period dispute,Joris Moreau-Lint,Norvale Foods SRL,Employment matter,Liege Labour Court,Employment termination letter,Closed,Missing Information,0.657,Approved with corrections,"[{""label"": ""incident_date"", ""date"": ""2026-03-15"", ""incomplete"": false}, {""label"": ""notice_date"", ""date"": ""2026-05-06"", ""incomplete"": false}, {""label"": ""response_deadline"", ""date"": ""2026-05-27"", ""incomplete"": false}]","[{""label"": ""amount_claimed"", ""value"": 9038}, {""label"": ""late_interest"", ""value"": 514.13}]",[],DOC-0003_employment_termination_letter.pdf,pdf,degraded,reviewer_02,2026-01-06T12:50:25,2026-02-24T12:50:25
4,SYN-26-00004,Unpaid overtime claim,Clara Quenneville,Ambermoor Systems NV,Employment matter,Liege Labour Court,Employment termination letter,Closed,Complete,0.938,Approved,"[{""label"": ""incident_date"", ""date"": ""2025-12-21"", ""incomplete"": false}, {""label"": ""notice_date"", ""date"": ""2026-01-30"", ""incomplete"": false}, {""label"": ""response_deadline"", ""date"": ""2026-02-20"", ""incomplete"": false}, {""label"": ""hearing_date"", ""date"": ""2026-03-24"", ""incomplete"": false}]","[{""label"": ""amount_claimed"", ""value"": 18904}]",[],DOC-0004_employment_termination_letter.pdf,pdf,clean,reviewer_03,2026-01-06T16:50:09,2026-02-15T16:50:09
5,SYN-26-00005,Contested dismissal of an employee,Elise Halvorn,Greywood Print SRL,Employment matter,,Employment termination letter,Awaiting information,Missing Information,0.731,Approved,"[{""label"": ""incident_date"", ""date"": ""2026-02-17"", ""incomplete"": false}, {""label"": ""notice_date"", ""date"": ""2026-03-28"", ""incomplete"": false}, {""label"": ""response_deadline"", ""date"": ""2026-04-27"", ""incomplete"": false}]",,"[""jurisdiction"", ""amounts""]",DOC-0005_employment_termination_letter.png,png,missing_fields,reviewer_04,2026-01-07T08:15:20,2026-01-07T08:15:20
6,SYN-26-00006,Non-performance under the software maintenance agreement,Castellan Construction BV,Norvale Interiors BV,Contract dispute,Brussels Court of First Instance,Formal notice,Open,Complete,0.948,Approved,"[{""label"": ""incident_date"", ""date"": ""2025-12-21"", ""incomplete"": false}, {""label"": ""notice_date"", ""date"": ""2026-02-13"", ""incomplete"": false}, {""label"": ""response_deadline"", ""date"": ""2026-02-28"", ""incomplete"": false}]","[{""label"": ""amount_claimed"", ""value"": 69511}, {""label"": ""late_interest"", ""value"": 5253.49}]",[],DOC-0006_formal_notice.png,png,clean,reviewer_02,2026-01-07T11:51:06,2026-01-07T11:51:06
7,SYN-26-00010,Unpaid overtime claim,Mila Moreau-Lint,Silverbirch Systems SA,Employment matter,Liege Labour Court,Employment termination letter,Open,Complete,0.937,Approved,"[{""label"": ""incident_date"", ""date"": ""2026-03-03"", ""incomplete"": false}, {""label"": ""notice_date"", ""date"": ""2026-04-22"", ""incomplete"": false}, {""label"": ""response_deadline"", ""date"": ""2026-05-22"", ""incomplete"": false}]","[{""label"": ""amount_claimed"", ""value"": 20850.4}]",[],DOC-0010_employment_termination_letter.pdf,pdf,clean,reviewer_01,2026-01-09T10:13:36,2026-01-09T10:13:36
8,SYN-26-00012,Contested board resolution,Calloway Vale Digital NV,Oona Halvorn,Corporate matter,Brussels Enterprise Court,Shareholder letter,Closed,Complete,0.948,Approved,"[{""label"": ""incident_date"", ""date"": ""2025-12-27"", ""incomplete"": false}, {""label"": ""notice_date"", ""date"": ""2026-01-27"", ""incomplete"": false}, {""label"": ""response_deadline"", ""date"": ""2026-02-17"", ""incomplete"": false}]","[{""label"": ""amount_claimed"", ""value"": 11035}]",[],DOC-0012_shareholder_letter.pdf,pdf,clean,reviewer_03,2026-01-09T14:24:04,2026-03-19T14:24:04
9,SYN-26-00013,Breach of the software maintenance service agreement,Aldenmere Catering NV,Merriton Mobility SRL,Contract dispute,Brussels Court of First Instance,Court summons,Closed,Missing Information,0.898,Approved,"[{""label"": ""incident_date"", ""date"": ""2025-09-22"", ""incomplete"": false}, {""label"": ""notice_date"", ""date"": ""2025-11-09"", ""incomplete"": false}, {""label"": ""response_deadline"", ""date"": null, ""incomplete"": true}, {""label"": ""hearing_date"", ""date"": ""2026-01-23"", ""incomplete"": false}]","[{""label"": ""contractual_penalty"", ""value"": 4868.7}]","[""amounts""]",DOC-0013_court_summons.pdf,pdf,missing_fields,reviewer_04,2026-01-09T18:00:27,2026-03-01T18:00:27
10,SYN-26-00014,Request for a copy of a mediation record,Ines Vissenaeken,Ruben Dufrasne,Other,Leuven Justice of the Peace,Formal notice,Closed,Missing Information,0.727,Approved with corrections,"[{""label"": ""incident_date"", ""date"": ""2025-09-23"", ""incomplete"": false}, {""label"": ""notice_date"", ""date"": ""2025-10-11"", ""incomplete"": false}, {""label"": ""response_deadline"", ""date"": ""2025-10-26"", ""incomplete"": false}]","[{""label"": ""amount_claimed"", ""value"": 525}]",[],DOC-0014_formal_notice.png,png,degraded,reviewer_02,2026-01-12T14:37:38,2026-02-21T14:37:38
11,SYN-26-00015,Notice period dispute,Joris Vandermolen,Redcliff Packaging SA,Employment matter,Liege Labour Court,Employment termination letter,Awaiting information,Missing Information,0.829,Approved,"[{""label"": ""incident_date"", ""date"": ""2026-03-17"", ""incomplete"": false}, {""label"": ""notice_date"", ""date"": ""2026-05-08"", ""incomplete"": false}, {""label"": ""response_deadline"", ""date"": ""2026-06-07"", ""incomplete"": false}]",,"[""amounts""]",DOC-0015_employment_termination_letter.pdf,pdf,missing_fields,reviewer_03,2026-01-13T17:38:59,2026-01-13T18:41:59
12,SYN-26-00016,Contested dismissal of an employee,Oona Vandermolen,Castellan Catering SRL,Employment matter,Brussels Labour Court,Employment termination letter,Open,Complete,0.942,Approved,"[{""label"": ""incident_date"", ""date"": ""2026-02-12"", ""incomplete"": false}, {""label"": ""notice_date"", ""date"": ""2026-03-21"", ""incomplete"": false}, {""label"": ""response_deadline"", ""date"": ""2026-04-05"", ""incomplete"": false}]","[{""label"": ""amount_claimed"", ""value"": 36744.4}]",[],DOC-0016_employment_termination_letter.pdf,pdf,clean,reviewer_04,2026-01-14T12:05:44,2026-01-14T12:05:44
13,SYN-26-00017,Early termination of the facility management contract,Wexmoor Mobility SRL,Wexmoor Systems BV,Contract dispute,Namur Court of First Instance,Formal notice,Closed,Complete,0.948,Approved,"[{""label"": ""incident_date"", ""date"": ""2026-04-28"", ""incomplete"": false}, {""label"": ""notice_date"", ""date"": ""2026-06-12"", ""incomplete"": false}, {""label"": ""response_deadline"", ""date"": ""2026-06-27"", ""incomplete"": false}]","[{""label"": ""amount_claimed"", ""value"": 4210}, {""label"": ""late_interest"", ""value"": 187.69}, {""label"": ""contractual_penalty"", ""value"": 421.0}]",[],DOC-0017_formal_notice.pdf,pdf,clean,reviewer_04,2026-01-14T13:46:28,2026-02-20T13:46:28
14,SYN-26-00020,Breach of the software maintenance service agreement,Brookhollow Studios SRL,Orrinford Consulting SA,Contract dispute,Namur Court of First Instance,Formal notice,Closed,Complete,0.948,Approved,"[{""label"": ""incident_date"", ""date"": ""2025-10-13"", ""incomplete"": false}, {""label"": ""notice_date"", ""date"": ""2025-12-09"", ""incomplete"": false}, {""label"": ""response_deadline"", ""date"": ""2025-12-24"", ""incomplete"": false}]","[{""label"": ""amount_claimed"", ""value"": 17802}, {""label"": ""late_interest"", ""value"": 774.01}]",[],DOC-0020_formal_notice.pdf,pdf,multipage,reviewer_01,2026-01-16T14:22:17,2026-02-23T14:22:17
15,SYN-26-00021,Contested board resolution,Redcliff Interiors BV,Joris Delacroixe,Corporate matter,Ghent Enterprise Court,Shareholder letter,Open,Complete,0.918,Approved,"[{""label"": ""incident_date"", ""date"": ""2025-09-11"", ""incomplete"": false}, {""label"": ""notice_date"", ""date"": ""2025-10-03"", ""incomplete"": false}, {""label"": ""response_deadline"", ""date"": ""2025-10-18"", ""incomplete"": false}, {""label"": ""hearing_date"", ""date"": ""2025-11-27"", ""incomplete"": false}]","[{""label"": ""amount_claimed"", ""value"": 89173}, {""label"": ""late_interest"", ""value"": 3710.67}]",[],DOC-0021_shareholder_letter.pdf,pdf,degraded,reviewer_02,2026-01-16T16:17:00,2026-01-16T16:35:00
16,SYN-26-00023,Appeal against a zoning decision,Silverbirch Print BV,Municipality of Orrinford,Administrative matter,Namur Court of First Instance,Administrative decision,Open,Complete,0.948,Approved,"[{""label"": ""incident_date"", ""date"": ""2025-09-02"", ""incomplete"": false}, {""label"": ""notice_date"", ""date"": ""2025-10-20"", ""incomplete"": false}, {""label"": ""response_deadline"", ""date"": ""2025-11-04"", ""incomplete"": false}, {""label"": ""hearing_date"", ""date"": ""2025-12-10"", ""incomplete"": false}]","[{""label"": ""amount_claimed"", ""value"": 13216}, {""label"": ""late_interest"", ""value"": 761.12}]",[],DOC-0023_administrative_decision.pdf,pdf,multipage,reviewer_04,2026-01-19T12:04:44,2026-01-19T12:04:44
17,SYN-26-00024,Early termination of the facility management contract,Quillfield Retail BV,Fernhill Print NV,Contract dispute,Brussels Court of First Instance,Formal notice,Open,Complete,0.948,Approved,"[{""label"": ""incident_date"", ""date"": ""2026-02-06"", ""incomplete"": false}, {""label"": ""notice_date"", ""date"": ""2026-03-22"", ""incomplete"": false}, {""label"": ""response_deadline"", ""date"": ""2026-04-06"", ""incomplete"": false}]","[{""label"": ""amount_claimed"", ""value"": 62781}, {""label"": ""late_interest"", ""value"": 4471.28}, {""label"": ""contractual_penalty"", ""value"": 6278.1}]",[],DOC-0024_formal_notice.png,png,clean,reviewer_04,2026-01-19T12:57:48,2026-01-19T12:57:48
18,SYN-26-00025,Notice period dispute,Joris Quenneville,Orrinford Print SA,Employment matter,Ghent Labour Court,Formal notice,Open,Complete,0.912,Approved with corrections,"[{""label"": ""incident_date"", ""date"": ""2026-03-12"", ""incomplete"": false}, {""label"": ""notice_date"", ""date"": ""2026-03-31"", ""incomplete"": false}, {""label"": ""response_deadline"", ""date"": ""2026-04-21"", ""incomplete"": false}]","[{""label"": ""amount_claimed"", ""value"": 25292}, {""label"": ""late_interest"", ""value"": 977.74}]",[],DOC-0025_formal_notice.pdf,pdf,degraded,reviewer_04,2026-01-20T09:50:33,2026-01-20T09:50:33
19,SYN-26-00027,Appeal against a permit refusal,Calloway Vale Retail NV,Municipality of Aldenmere,Administrative matter,Namur Court of First Instance,Administrative decision,Open,Complete,0.948,Approved,"[{""label"": ""incident_date"", ""date"": ""2026-02-11"", ""incomplete"": false}, {""label"": ""notice_date"", ""date"": ""2026-03-05"", ""incomplete"": false}, {""label"": ""response_deadline"", ""date"": ""2026-03-26"", ""incomplete"": false}, {""label"": ""hearing_date"", ""date"": ""2026-06-19"", ""incomplete"": false}]","[{""label"": ""amount_claimed"", ""value"": 13152}, {""label"": ""late_interest"", ""value"": 804.68}]",[],DOC-0027_administrative_decision.pdf,pdf,clean,reviewer_04,2026-01-21T12:06:31,2026-01-21T12:06:31
20,SYN-26-00029,Unpaid overtime claim,Mila Moreau-Lint,Harbourline Mobility SRL,Employment matter,Brussels Labour Court,Employment termination letter,Closed,Complete,0.938,Approved,"[{""label"": ""incident_date"", ""date"": ""2026-01-18"", ""incomplete"": false}, {""label"": ""notice_date"", ""date"": ""2026-02-11"", ""incomplete"": false}, {""label"": ""response_deadline"", ""date"": ""2026-02-26"", ""incomplete"": false}]","[{""label"": ""amount_claimed"", ""value"": 24272.4}]",[],DOC-0029_employment_termination_letter.png,png,clean,reviewer_03,2026-01-21T17:00:10,2026-03-27T17:00:10
21,SYN-26-00030,Non-performance under the facility management agreement,Quillfield Logistics SA,Ambermoor Interiors SRL,Contract dispute,Brussels Court of First Instance,Court summons,Open,Complete,0.918,Approved,"[{""label"": ""incident_date"", ""date"": ""2025-11-11"", ""incomplete"": false}, {""label"": ""notice_date"", ""date"": ""2026-01-07"", ""incomplete"": false}, {""label"": ""response_deadline"", ""date"": ""2026-01-28"", ""incomplete"": false}]","[{""label"": ""amount_claimed"", ""value"": 53702}]",[],DOC-0030_court_summons.pdf,pdf,clean,reviewer_04,2026-01-22T08:57:23,2026-01-22T09:32:23
22,SYN-26-00032,Unpaid invoices for IT hardware,Orrinford Catering BV,Merriton Consulting SA,Commercial dispute,Brussels Enterprise Court,Formal notice,Open,Missing Information,0.814,Approved with corrections,"[{""label"": ""incident_date"", ""date"": ""2026-01-18"", ""incomplete"": false}, {""label"": ""notice_date"", ""date"": ""2026-03-08"", ""incomplete"": false}, {""label"": ""response_deadline"", ""date"": ""2026-04-07"", ""incomplete"": false}]","[{""label"": ""amount_claimed"", ""value"": 5408.5}, {""label"": ""late_interest"", ""value"": 375.24}]",[],DOC-0032_formal_notice.jpg,jpg,degraded,reviewer_03,2026-01-22T16:19:03,2026-01-22T16:42:03
23,SYN-26-00033,Breach of the software maintenance service agreement,Quillfield Logistics NV,Orrinford Foods SA,Contract dispute,Antwerp Enterprise Court,Formal notice,Closed,Complete,0.937,Approved,"[{""label"": ""incident_date"", ""date"": ""2025-09-30"", ""incomplete"": false}, {""label"": ""notice_date"", ""date"": ""2025-11-08"", ""incomplete"": false}, {""label"": ""response_deadline"", ""date"": ""2025-12-08"", ""incomplete"": false}, {""label"": ""hearing_date"", ""date"": ""2026-01-25"", ""incomplete"": false}]","[{""label"": ""amount_claimed"", ""value"": 49697}]",[],DOC-0033_formal_notice.pdf,pdf,clean,reviewer_04,2026-01-23T12:47:46,2026-03-21T12:47:46
24,SYN-26-00034,Appeal against a zoning decision,Pellbrook Retail SA,Municipality of Orrinford,Administrative matter,Namur Court of First Instance,Administrative decision,Closed,Complete,0.948,Approved,"[{""label"": ""incident_date"", ""date"": ""2026-03-15"", ""incomplete"": false}, {""label"": ""notice_date"", ""date"": ""2026-04-17"", ""incomplete"": false}, {""label"": ""response_deadline"", ""date"": ""2026-05-02"", ""incomplete"": false}, {""label"": ""hearing_date"", ""date"": ""2026-07-21"", ""incomplete"": false}]","[{""label"": ""amount_claimed"", ""value"": 1807}, {""label"": ""late_interest"", ""value"": 44.88}]",[],DOC-0034_administrative_decision.pdf,pdf,multipage,reviewer_03,2026-01-26T09:49:29,2026-02-16T09:49:29
25,SYN-26-00036,Breach of the software maintenance service agreement,Lindenbrook Consulting SRL,Brookhollow Interiors SRL,Contract dispute,Brussels Court of First Instance,Court summons,Open,Complete,0.948,Approved,"[{""label"": ""incident_date"", ""date"": ""2025-09-15"", ""incomplete"": false}, {""label"": ""notice_date"", ""date"": ""2025-11-04"", ""incomplete"": false}, {""label"": ""response_deadline"", ""date"": ""2025-12-04"", ""incomplete"": false}]","[{""label"": ""amount_claimed"", ""value"": 91653}, {""label"": ""late_interest"", ""value"": 5131.57}]",[],DOC-0036_court_summons.pdf,pdf,multipage,reviewer_01,2026-01-27T16:41:27,2026-01-27T18:01:27
26,SYN-26-00037,Late payment for delivered catering supplies,Castellan Facilities SA,Orrinford Consulting SRL,Commercial dispute,Antwerp Enterprise Court,Invoice dispute letter,Open,Complete,0.948,Approved,"[{""label"": ""incident_date"", ""date"": ""2025-11-14"", ""incomplete"": false}, {""label"": ""notice_date"", ""date"": ""2025-11-25"", ""incomplete"": false}, {""label"": ""response_deadline"", ""date"": ""2025-12-10"", ""incomplete"": false}, {""label"": ""hearing_date"", ""date"": ""2026-02-08"", ""incomplete"": false}]","[{""label"": ""amount_claimed"", ""value"": 40083}]",[],DOC-0037_invoice_dispute_letter.pdf,pdf,multipage,reviewer_04,2026-01-28T08:12:59,2026-01-28T08:12:59
27,SYN-26-00038,Unpaid invoices for cardboard packaging,Norvale Systems BV,Brookhollow Catering SA,Commercial dispute,Antwerp Enterprise Court,Formal notice,Open,Complete,0.922,Approved with corrections,"[{""label"": ""incident_date"", ""date"": ""2026-01-05"", ""incomplete"": false}, {""label"": ""notice_date"", ""date"": ""2026-01-22"", ""incomplete"": false}, {""label"": ""response_deadline"", ""date"": ""2026-02-06"", ""incomplete"": false}, {""label"": ""hearing_date"", ""date"": ""2026-05-02"", ""incomplete"": false}]","[{""label"": ""amount_claimed"", ""value"": 22416.8}, {""label"": ""late_interest"", ""value"": 575.52}]",[],DOC-0038_formal_notice.jpg,jpg,clean,reviewer_03,2026-01-28T14:43:38,2026-01-28T15:59:38
28,SYN-26-00042,Disputed delivery of cardboard packaging,Kestrelpoint Print BV,Castellan Studios SA,Commercial dispute,Ghent Enterprise Court,Invoice dispute letter,Closed,Complete,0.924,Approved with corrections,"[{""label"": ""incident_date"", ""date"": ""2026-04-20"", ""incomplete"": false}, {""label"": ""notice_date"", ""date"": ""2026-05-27"", ""incomplete"": false}, {""label"": ""response_deadline"", ""date"": ""2026-06-17"", ""incomplete"": false}]","[{""label"": ""amount_claimed"", ""value"": 34246.5}]",[],DOC-0042_invoice_dispute_letter.pdf,pdf,clean,reviewer_04,2026-01-30T17:15:15,2026-03-27T17:15:15
29,SYN-26-00043,Unpaid invoices for catering supplies,Duskwater Interiors SRL,Merriton Interiors BV,Commercial dispute,Antwerp Enterprise Court,Formal notice,Closed,Complete,0.861,Approved,"[{""label"": ""incident_date"", ""date"": ""2025-10-31"", ""incomplete"": false}, {""label"": ""notice_date"", ""date"": ""2025-12-06"", ""incomplete"": false}, {""label"": ""response_deadline"", ""date"": ""2026-01-05"", ""incomplete"": false}]","[{""label"": ""amount_claimed"", ""value"": 26317}, {""label"": ""late_interest"", ""value"": 786.52}]",[],DOC-0043_formal_notice.jpg,jpg,clean,reviewer_02,2026-02-03T08:33:16,2026-03-25T08:33:16
30,SYN-26-00047,Shareholder dispute over a share transfer,Brookhollow Foods NV,Leila Talmont,Corporate matter,Brussels Enterprise Court,Court summons,Open,Complete,0.948,Approved,"[{""label"": ""incident_date"", ""date"": ""2025-10-29"", ""incomplete"": false}, {""label"": ""notice_date"", ""date"": ""2025-11-13"", ""incomplete"": false}, {""label"": ""response_deadline"", ""date"": ""2025-12-13"", ""incomplete"": false}]","[{""label"": ""amount_claimed"", ""value"": 86704}]",[],DOC-0047_court_summons.pdf,pdf,clean,reviewer_01,2026-02-04T15:12:43,2026-02-04T16:11:43
31,SYN-26-00048,Non-performance under the marketing agreement,Lindenbrook Logistics SA,Brookhollow Studios SA,Contract dispute,Brussels Court of First Instance,Court summons,Closed,Complete,0.948,Approved,"[{""label"": ""incident_date"", ""date"": ""2025-09-17"", ""incomplete"": false}, {""label"": ""notice_date"", ""date"": ""2025-10-12"", ""incomplete"": false}, {""label"": ""response_deadline"", ""date"": ""2025-10-27"", ""incomplete"": false}]","[{""label"": ""amount_claimed"", ""value"": 27917}]",[],DOC-0048_court_summons.pdf,pdf,clean,reviewer_04,2026-02-04T18:14:23,2026-03-21T18:14:23
32,SYN-26-00049,Unpaid invoices for catering supplies,Merriton Facilities SA,Calloway Vale Catering BV,Commercial dispute,Brussels Enterprise Court,Invoice dispute letter,Closed,Complete,0.918,Approved,"[{""label"": ""incident_date"", ""date"": ""2026-02-24"", ""incomplete"": false}, {""label"": ""notice_date"", ""date"": ""2026-04-10"", ""incomplete"": false}, {""label"": ""response_deadline"", ""date"": ""2026-05-10"", ""incomplete"": false}]","[{""label"": ""amount_claimed"", ""value"": 3795.8}]",[],DOC-0049_invoice_dispute_letter.pdf,pdf,clean,reviewer_04,2026-02-05T13:44:47,2026-03-31T13:44:47
33,SYN-26-00050,Contested dismissal of an employee,Oona Arlenbos,Oakhaven Digital BV,Employment matter,Liege Labour Court,Formal notice,Closed,Complete,0.856,Approved,"[{""label"": ""incident_date"", ""date"": ""2026-03-26"", ""incomplete"": false}, {""label"": ""notice_date"", ""date"": ""2026-04-19"", ""incomplete"": false}, {""label"": ""response_deadline"", ""date"": ""2026-05-19"", ""incomplete"": false}]","[{""label"": ""amount_claimed"", ""value"": 4949}]",[],DOC-0050_formal_notice.pdf,pdf,multipage,reviewer_02,2026-02-06T12:04:02,2026-02-27T12:04:02
34,SYN-26-00051,Disputed delivery of cardboard packaging,Norvale Facilities SRL,Pellbrook Mobility NV,Commercial dispute,,Invoice dispute letter,Closed,Missing Information,0.769,Approved with corrections,"[{""label"": ""incident_date"", ""date"": ""2025-12-17"", ""incomplete"": false}, {""label"": ""notice_date"", ""date"": ""2026-01-20"", ""incomplete"": false}, {""label"": ""response_deadline"", ""date"": null, ""incomplete"": true}, {""label"": ""hearing_date"", ""date"": ""2026-03-19"", ""incomplete"": false}]","[{""label"": ""amount_claimed"", ""value"": 51910}, {""label"": ""late_interest"", ""value"": 1407.09}]","[""jurisdiction""]",DOC-0051_invoice_dispute_letter.pdf,pdf,missing_fields,reviewer_03,2026-02-06T15:24:45,2026-03-08T15:24:45
35,SYN-26-00053,Notice period dispute,Bram Talmont,Harbourline Interiors NV,Employment matter,Ghent Labour Court,Formal notice,Closed,Complete,0.942,Approved,"[{""label"": ""incident_date"", ""date"": ""2025-11-10"", ""incomplete"": false}, {""label"": ""notice_date"", ""date"": ""2025-12-30"", ""incomplete"": false}, {""label"": ""response_deadline"", ""date"": ""2026-01-14"", ""incomplete"": false}]","[{""label"": ""amount_claimed"", ""value"": 4248.4}, {""label"": ""late_interest"", ""value"": 264.51}]",[],DOC-0053_formal_notice.pdf,pdf,clean,reviewer_01,2026-02-06T17:03:09,2026-04-08T17:03:09
36,SYN-26-00054,Unpaid invoices for office furniture,Tamsinworth Packaging SA,Quillfield Systems NV,Commercial dispute,Ghent Enterprise Court,Formal notice,Open,Complete,0.948,Approved,"[{""label"": ""incident_date"", ""date"": ""2025-09-18"", ""incomplete"": false}, {""label"": ""notice_date"", ""date"": ""2025-11-08"", ""incomplete"": false}, {""label"": ""response_deadline"", ""date"": ""2025-11-23"", ""incomplete"": false}]","[{""label"": ""amount_claimed"", ""value"": 11789.5}, {""label"": ""late_interest"", ""value"": 792.23}]",[],DOC-0054_formal_notice.pdf,pdf,clean,reviewer_04,2026-02-06T18:19:44,2026-02-06T18:19:44
37,SYN-26-00055,Shareholder dispute over a share transfer,Calloway Vale Packaging BV,Leila Halvorn,Corporate matter,Brussels Enterprise Court,Court summons,Open,Complete,0.914,Approved,"[{""label"": ""incident_date"", ""date"": ""2026-01-15"", ""incomplete"": false}, {""label"": ""notice_date"", ""date"": ""2026-02-16"", ""incomplete"": false}, {""label"": ""response_deadline"", ""date"": ""2026-03-18"", ""incomplete"": false}]","[{""label"": ""amount_claimed"", ""value"": 88319}]",[],DOC-0055_court_summons.pdf,pdf,clean,reviewer_04,2026-02-09T13:42:04,2026-02-09T14:42:04
38,SYN-26-00059,Unpaid invoices for IT hardware,Castellan Digital SRL,Lindenbrook Systems NV,Commercial dispute,Ghent Enterprise Court,Formal notice,Open,Missing Information,0.722,Approved with corrections,"[{""label"": ""incident_date"", ""date"": ""2026-03-11"", ""incomplete"": false}, {""label"": ""notice_date"", ""date"": ""2026-05-06"", ""incomplete"": false}, {""label"": ""response_deadline"", ""date"": ""2026-05-27"", ""incomplete"": false}]","[{""label"": ""amount_claimed"", ""value"": 46107}, {""label"": ""late_interest"", ""value"": 1169.0}]",[],DOC-0059_formal_notice.pdf,pdf,degraded,reviewer_01,2026-02-10T14:08:29,2026-02-10T14:08:29
39,SYN-26-00063,Unpaid invoices for printed brochures,Veldon Foods SA,,Commercial dispute,Leuven Justice of the Peace,Invoice dispute letter,Closed,Missing Information,0.842,Approved,"[{""label"": ""incident_date"", ""date"": ""2026-03-04"", ""incomplete"": false}, {""label"": ""notice_date"", ""date"": ""2026-04-10"", ""incomplete"": false}, {""label"": ""response_deadline"", ""date"": ""2026-05-10"", ""incomplete"": false}, {""label"": ""hearing_date"", ""date"": ""2026-06-12"", ""incomplete"": false}]","[{""label"": ""late_interest"", ""value"": 361.43}]","[""opposing_party"", ""amounts""]",DOC-0063_invoice_dispute_letter.pdf,pdf,missing_fields,reviewer_02,2026-02-13T10:32:33,2026-04-23T10:32:33
40,SYN-26-00064,Challenge to a capital increase,Quillfield Interiors NV,Femke Talmont,Corporate matter,Ghent Enterprise Court,Court summons,Open,Complete,0.948,Approved,"[{""label"": ""incident_date"", ""date"": ""2026-03-11"", ""incomplete"": false}, {""label"": ""notice_date"", ""date"": ""2026-04-07"", ""incomplete"": false}, {""label"": ""response_deadline"", ""date"": ""2026-05-07"", ""incomplete"": false}, {""label"": ""hearing_date"", ""date"": ""2026-06-26"", ""incomplete"": false}]","[{""label"": ""amount_claimed"", ""value"": 63206}, {""label"": ""late_interest"", ""value"": 4194.31}]",[],DOC-0064_court_summons.png,png,clean,reviewer_02,2026-02-16T08:15:59,2026-02-16T08:15:59
41,SYN-26-00041,Early termination of the facility management contract,Silverbirch Construction NV,Brightwater Facilities NV,Contract dispute,Antwerp Enterprise Court,Court summons,Closed,Complete,0.948,Approved,"[{""label"": ""incident_date"", ""date"": ""2025-09-28"", ""incomplete"": false}, {""label"": ""notice_date"", ""date"": ""2025-11-11"", ""incomplete"": false}, {""label"": ""response_deadline"", ""date"": ""2025-11-26"", ""incomplete"": false}, {""label"": ""hearing_date"", ""date"": ""2026-01-17"", ""incomplete"": false}]","[{""label"": ""amount_claimed"", ""value"": 44811}, {""label"": ""late_interest"", ""value"": 3359.87}]",[],DOC-0041_court_summons.docx,docx,clean,reviewer_03,2026-02-16T13:13:30,2026-03-31T13:13:30
42,SYN-26-00007,Non-performance under the marketing agreement,Duskwater Packaging BV,Thornlea Mobility NV,Contract dispute,Namur Court of First Instance,Court summons,Awaiting information,Missing Information,0.891,Approved,"[{""label"": ""incident_date"", ""date"": ""2026-03-21"", ""incomplete"": false}, {""label"": ""notice_date"", ""date"": ""2026-04-13"", ""incomplete"": false}, {""label"": ""response_deadline"", ""date"": null, ""incomplete"": true}]","[{""label"": ""late_interest"", ""value"": 163.79}]","[""amounts""]",DOC-0007_court_summons.docx,docx,missing_fields,reviewer_02,2026-02-16T14:09:58,2026-02-16T15:26:58
43,SYN-26-00057,Shareholder dispute over a share transfer,Oakhaven Facilities SRL,Ines Ostaven,Corporate matter,Brussels Enterprise Court,Shareholder letter,Open,Needs Review,0.906,Approved with corrections,"[{""label"": ""incident_date"", ""date"": ""2026-01-13"", ""incomplete"": false}, {""label"": ""notice_date"", ""date"": ""2026-02-13"", ""incomplete"": false}, {""label"": ""response_deadline"", ""date"": ""2026-03-13"", ""incomplete"": false}]","[{""label"": ""amount_claimed"", ""value"": 28948}, {""label"": ""late_interest"", ""value"": 2292.37}]",[],DOC-0057_shareholder_letter.docx,docx,contradictory,reviewer_02,2026-02-16T15:09:29,2026-02-16T15:53:29
44,SYN-26-00026,Early termination of the cleaning contract,Oakhaven Foods NV,Merriton Retail SRL,Contract dispute,Antwerp Enterprise Court,Formal notice,Open,Complete,0.918,Approved,"[{""label"": ""incident_date"", ""date"": ""2025-11-20"", ""incomplete"": false}, {""label"": ""notice_date"", ""date"": ""2026-01-04"", ""incomplete"": false}, {""label"": ""response_deadline"", ""date"": ""2026-01-19"", ""incomplete"": false}]","[{""label"": ""amount_claimed"", ""value"": 5652}, {""label"": ""late_interest"", ""value"": 318.49}]",[],DOC-0026_formal_notice.docx,docx,clean,reviewer_01,2026-02-16T20:08:23,2026-02-16T20:58:23
45,SYN-26-00011,Breach of the software maintenance service agreement,Harbourline Interiors BV,Orrinford Interiors SRL,Contract dispute,,Formal notice,Closed,Missing Information,0.842,Approved,"[{""label"": ""incident_date"", ""date"": ""2025-11-01"", ""incomplete"": false}, {""label"": ""notice_date"", ""date"": ""2025-11-24"", ""incomplete"": false}, {""label"": ""response_deadline"", ""date"": ""2025-12-15"", ""incomplete"": false}]","[{""label"": ""contractual_penalty"", ""value"": 8908.1}]","[""jurisdiction"", ""amounts""]",DOC-0011_formal_notice.docx,docx,missing_fields,reviewer_02,2026-02-17T06:15:24,2026-03-10T06:15:24
46,SYN-26-00065,Unpaid invoices for catering supplies,Norvale Logistics NV,Pellbrook Construction BV,Commercial dispute,Antwerp Enterprise Court,Formal notice,Closed,Complete,0.894,Approved with corrections,"[{""label"": ""incident_date"", ""date"": ""2025-09-14"", ""incomplete"": false}, {""label"": ""notice_date"", ""date"": ""2025-10-07"", ""incomplete"": false}, {""label"": ""response_deadline"", ""date"": ""2025-11-06"", ""incomplete"": false}, {""label"": ""hearing_date"", ""date"": ""2026-01-20"", ""incomplete"": false}]","[{""label"": ""amount_claimed"", ""value"": 46318.5}]",[],DOC-0065_formal_notice.pdf,pdf,degraded,reviewer_04,2026-02-17T08:13:23,2026-03-12T08:13:23
47,SYN-26-00060,Contested municipal fine,Greywood Mobility BV,Municipality of Thornlea,Administrative matter,Namur Court of First Instance,Administrative decision,Open,Complete,0.948,Approved,"[{""label"": ""incident_date"", ""date"": ""2026-01-13"", ""incomplete"": false}, {""label"": ""notice_date"", ""date"": ""2026-02-17"", ""incomplete"": false}, {""label"": ""response_deadline"", ""date"": ""2026-03-04"", ""incomplete"": false}, {""label"": ""hearing_date"", ""date"": ""2026-05-26"", ""incomplete"": false}]","[{""label"": ""amount_claimed"", ""value"": 11008}, {""label"": ""late_interest"", ""value"": 808.47}]",[],DOC-0060_administrative_decision.docx,docx,clean,reviewer_02,2026-02-17T10:23:36,2026-02-17T11:27:36
48,SYN-26-00052,Unpaid overtime claim,Sanne Delacroixe,Greywood Logistics NV,Employment matter,Ghent Labour Court,Formal notice,Closed,Complete,0.938,Approved,"[{""label"": ""incident_date"", ""date"": ""2025-10-16"", ""incomplete"": false}, {""label"": ""notice_date"", ""date"": ""2025-11-10"", ""incomplete"": false}, {""label"": ""response_deadline"", ""date"": ""2025-11-25"", ""incomplete"": false}, {""label"": ""hearing_date"", ""date"": ""2026-02-20"", ""incomplete"": false}]","[{""label"": ""amount_claimed"", ""value"": 10767.4}]",[],DOC-0052_formal_notice.docx,docx,clean,reviewer_01,2026-02-17T12:17:19,2026-03-29T12:17:19
49,SYN-26-00066,Early termination of the facility management contract,Veldon Studios SA,Thornlea Retail SA,Contract dispute,Brussels Court of First Instance,Court summons,Closed,Complete,0.948,Approved,"[{""label"": ""incident_date"", ""date"": ""2025-11-24"", ""incomplete"": false}, {""label"": ""notice_date"", ""date"": ""2025-12-13"", ""incomplete"": false}, {""label"": ""response_deadline"", ""date"": ""2025-12-28"", ""incomplete"": false}]","[{""label"": ""amount_claimed"", ""value"": 34384}, {""label"": ""contractual_penalty"", ""value"": 3438.4}]",[],DOC-0066_court_summons.pdf,pdf,multipage,reviewer_03,2026-02-17T14:41:47,2026-03-20T14:41:47
50,SYN-26-00009,Appeal against a zoning decision,Brightwater Retail NV,Municipality of Orrinford,Administrative matter,Namur Court of First Instance,Administrative decision,Open,Complete,0.948,Approved,"[{""label"": ""incident_date"", ""date"": ""2025-10-19"", ""incomplete"": false}, {""label"": ""notice_date"", ""date"": ""2025-10-29"", ""incomplete"": false}, {""label"": ""response_deadline"", ""date"": ""2025-11-19"", ""incomplete"": false}]","[{""label"": ""amount_claimed"", ""value"": 12042}, {""label"": ""late_interest"", ""value"": 462.63}]",[],DOC-0009_administrative_decision.docx,docx,clean,reviewer_04,2026-02-17T23:10:09,2026-02-17T23:10:09
51,SYN-26-00031,Appeal against a zoning decision,Redcliff Construction SA,Municipality of Aldenmere,Administrative matter,Namur Court of First Instance,Formal notice,Closed,Complete,0.948,Approved,"[{""label"": ""incident_date"", ""date"": ""2026-03-22"", ""incomplete"": false}, {""label"": ""notice_date"", ""date"": ""2026-04-23"", ""incomplete"": false}, {""label"": ""response_deadline"", ""date"": ""2026-05-14"", ""incomplete"": false}]","[{""label"": ""amount_claimed"", ""value"": 10987}]",[],DOC-0031_formal_notice.docx,docx,clean,reviewer_03,2026-02-18T02:14:53,2026-04-19T02:14:53
52,SYN-26-00008,Contested dismissal of an employee,Clara Dufrasne,Aldenmere Logistics NV,Employment matter,Ghent Labour Court,Employment termination letter,Open,Needs Review,0.9,Approved with corrections,"[{""label"": ""incident_date"", ""date"": ""2026-04-27"", ""incomplete"": false}, {""label"": ""notice_date"", ""date"": ""2026-05-15"", ""incomplete"": false}, {""label"": ""response_deadline"", ""date"": ""2026-06-14"", ""incomplete"": false}]","[{""label"": ""amount_claimed"", ""value"": 25216.51}]",[],DOC-0008_employment_termination_letter.docx,docx,contradictory,reviewer_02,2026-02-18T03:27:39,2026-02-18T03:27:39
53,SYN-26-00022,Disputed delivery of catering supplies,Thornlea Mobility NV,,Commercial dispute,,Formal notice,Closed,Missing Information,0.737,Approved,"[{""label"": ""incident_date"", ""date"": ""2025-09-07"", ""incomplete"": false}, {""label"": ""notice_date"", ""date"": ""2025-10-16"", ""incomplete"": false}, {""label"": ""response_deadline"", ""date"": ""2025-11-15"", ""incomplete"": false}]","[{""label"": ""amount_claimed"", ""value"": 20919.5}]","[""opposing_party"", ""jurisdiction""]",DOC-0022_formal_notice.docx,docx,missing_fields,reviewer_02,2026-02-18T05:18:13,2026-03-13T05:18:13
54,SYN-26-00028,Disputed delivery of IT hardware,Brookhollow Retail SA,Oakhaven Mobility NV,Commercial dispute,Ghent Enterprise Court,Invoice dispute letter,Closed,Complete,0.918,Approved,"[{""label"": ""incident_date"", ""date"": ""2026-02-26"", ""incomplete"": false}, {""label"": ""notice_date"", ""date"": ""2026-04-15"", ""incomplete"": false}, {""label"": ""response_deadline"", ""date"": ""2026-05-15"", ""incomplete"": false}]","[{""label"": ""amount_claimed"", ""value"": 2438.5}, {""label"": ""late_interest"", ""value"": 83.01}]",[],DOC-0028_invoice_dispute_letter.docx,docx,clean,reviewer_01,2026-02-18T09:27:10,2026-03-18T09:27:10
55,SYN-26-00062,Contested municipal fine,Veldon Catering NV,Municipality of Aldenmere,Administrative matter,Namur Court of First Instance,Administrative decision,Open,Needs Review,0.906,Approved with corrections,"[{""label"": ""incident_date"", ""date"": ""2026-04-05"", ""incomplete"": false}, {""label"": ""notice_date"", ""date"": ""2026-04-29"", ""incomplete"": false}, {""label"": ""response_deadline"", ""date"": ""2026-05-20"", ""incomplete"": false}]","[{""label"": ""amount_claimed"", ""value"": 2255.04}, {""label"": ""late_interest"", ""value"": 165.37}]",[],DOC-0062_administrative_decision.docx,docx,contradictory,reviewer_02,2026-02-18T10:05:34,2026-02-18T11:30:34
56,SYN-26-00018,Appeal against a permit refusal,Harbourline Print SRL,Municipality of Thornlea,Administrative matter,Council of State,Formal notice,Closed,Complete,0.861,Approved,"[{""label"": ""incident_date"", ""date"": ""2026-03-25"", ""incomplete"": false}, {""label"": ""notice_date"", ""date"": ""2026-04-13"", ""incomplete"": false}, {""label"": ""response_deadline"", ""date"": ""2026-05-13"", ""incomplete"": false}]","[{""label"": ""amount_claimed"", ""value"": 9193}]",[],DOC-0018_formal_notice.docx,docx,clean,reviewer_01,2026-02-18T11:25:30,2026-04-01T11:25:30
57,SYN-26-00044,Disputed delivery of printed brochures,Greywood Packaging SA,Brightwater Logistics SRL,Commercial dispute,Ghent Enterprise Court,Invoice dispute letter,Closed,Complete,0.948,Approved,"[{""label"": ""incident_date"", ""date"": ""2026-01-17"", ""incomplete"": false}, {""label"": ""notice_date"", ""date"": ""2026-02-05"", ""incomplete"": false}, {""label"": ""response_deadline"", ""date"": ""2026-03-07"", ""incomplete"": false}]","[{""label"": ""amount_claimed"", ""value"": 51241.8}, {""label"": ""late_interest"", ""value"": 3439.03}]",[],DOC-0044_invoice_dispute_letter.docx,docx,clean,reviewer_03,2026-02-18T13:14:55,2026-03-19T13:14:55
58,SYN-26-00045,Breach of the marketing service agreement,Orrinford Facilities BV,Veldon Digital NV,Contract dispute,Antwerp Enterprise Court,Formal notice,Open,Complete,0.948,Approved,"[{""label"": ""incident_date"", ""date"": ""2025-09-10"", ""incomplete"": false}, {""label"": ""notice_date"", ""date"": ""2025-09-28"", ""incomplete"": false}, {""label"": ""response_deadline"", ""date"": ""2025-10-28"", ""incomplete"": false}]","[{""label"": ""amount_claimed"", ""value"": 42246}, {""label"": ""late_interest"", ""value"": 1578.5}, {""label"": ""contractual_penalty"", ""value"": 4224.6}]",[],DOC-0045_formal_notice.docx,docx,clean,reviewer_04,2026-02-18T15:13:03,2026-02-18T15:46:03
59,SYN-26-00019,Early termination of the cleaning contract,Thornlea Print BV,Lindenbrook Consulting SA,Contract dispute,Namur Court of First Instance,Formal notice,Open,Complete,0.948,Approved,"[{""label"": ""incident_date"", ""date"": ""2025-11-24"", ""incomplete"": false}, {""label"": ""notice_date"", ""date"": ""2025-12-27"", ""incomplete"": false}, {""label"": ""response_deadline"", ""date"": ""2026-01-17"", ""incomplete"": false}]","[{""label"": ""amount_claimed"", ""value"": 94667}, {""label"": ""late_interest"", ""value"": 5746.06}]",[],DOC-0019_formal_notice.docx,docx,clean,reviewer_03,2026-02-18T16:10:21,2026-02-18T17:09:21
60,SYN-26-00067,Unpaid invoices for office furniture,Brightwater Facilities SA,Aldenmere Logistics NV,Commercial dispute,Leuven Justice of the Peace,Formal notice,Closed,Complete,0.948,Approved,"[{""label"": ""incident_date"", ""date"": ""2026-04-09"", ""incomplete"": false}, {""label"": ""notice_date"", ""date"": ""2026-06-03"", ""incomplete"": false}, {""label"": ""response_deadline"", ""date"": ""2026-06-24"", ""incomplete"": false}]","[{""label"": ""amount_claimed"", ""value"": 10221}, {""label"": ""late_interest"", ""value"": 651.0}]",[],DOC-0067_formal_notice.pdf,pdf,clean,reviewer_02,2026-02-18T18:02:46,2026-04-20T18:02:46
61,SYN-26-00035,Shareholder dispute over a share transfer,Calloway Vale Mobility SRL,Sanne Talmont,Corporate matter,Brussels Enterprise Court,Shareholder letter,Closed,Needs Review,0.876,Approved with corrections,"[{""label"": ""incident_date"", ""date"": ""2025-10-07"", ""incomplete"": false}, {""label"": ""notice_date"", ""date"": ""2025-11-07"", ""incomplete"": false}, {""label"": ""response_deadline"", ""date"": ""2025-12-07"", ""incomplete"": false}]","[{""label"": ""amount_claimed"", ""value"": 76506.12}, {""label"": ""late_interest"", ""value"": 2286.81}]",[],DOC-0035_shareholder_letter.docx,docx,contradictory,reviewer_04,2026-02-18T20:22:55,2026-03-14T20:22:55
62,SYN-26-00056,Unpaid overtime claim,Lotte Dufrasne,Greywood Studios SRL,Employment matter,Liege Labour Court,Formal notice,Closed,Complete,0.938,Approved,"[{""label"": ""incident_date"", ""date"": ""2025-09-23"", ""incomplete"": false}, {""label"": ""notice_date"", ""date"": ""2025-11-05"", ""incomplete"": false}, {""label"": ""response_deadline"", ""date"": ""2025-11-26"", ""incomplete"": false}, {""label"": ""hearing_date"", ""date"": ""2026-01-13"", ""incomplete"": false}]","[{""label"": ""amount_claimed"", ""value"": 20574}, {""label"": ""late_interest"", ""value"": 1565.18}]",[],DOC-0056_formal_notice.docx,docx,clean,reviewer_01,2026-02-18T23:11:47,2026-03-31T23:11:47
63,SYN-26-00039,Unpaid overtime claim,Maxime Talmont,Greywood Logistics SRL,Employment matter,Liege Labour Court,Employment termination letter,Open,Complete,0.938,Approved,"[{""label"": ""incident_date"", ""date"": ""2025-11-05"", ""incomplete"": false}, {""label"": ""notice_date"", ""date"": ""2025-12-12"", ""incomplete"": false}, {""label"": ""response_deadline"", ""date"": ""2026-01-02"", ""incomplete"": false}]","[{""label"": ""amount_claimed"", ""value"": 16972}]",[],DOC-0039_employment_termination_letter.docx,docx,clean,reviewer_03,2026-02-19T01:01:46,2026-02-19T01:01:46
64,SYN-26-00061,Contested board resolution,Wexmoor Foods NV,Maxime Brecquet,Corporate matter,Ghent Enterprise Court,Shareholder letter,Closed,Complete,0.948,Approved,"[{""label"": ""incident_date"", ""date"": ""2025-12-17"", ""incomplete"": false}, {""label"": ""notice_date"", ""date"": ""2026-01-18"", ""incomplete"": false}, {""label"": ""response_deadline"", ""date"": ""2026-02-17"", ""incomplete"": false}]","[{""label"": ""amount_claimed"", ""value"": 64360}, {""label"": ""late_interest"", ""value"": 2965.05}]",[],DOC-0061_shareholder_letter.docx,docx,clean,reviewer_04,2026-02-19T01:20:09,2026-04-24T01:20:09
65,SYN-26-00058,Disputed delivery of printed brochures,Fernhill Facilities SA,Orrinford Packaging SA,Commercial dispute,Brussels Enterprise Court,Formal notice,Closed,Complete,0.948,Approved,"[{""label"": ""incident_date"", ""date"": ""2026-01-14"", ""incomplete"": false}, {""label"": ""notice_date"", ""date"": ""2026-01-25"", ""incomplete"": false}, {""label"": ""response_deadline"", ""date"": ""2026-02-24"", ""incomplete"": false}]","[{""label"": ""amount_claimed"", ""value"": 23877}]",[],DOC-0058_formal_notice.docx,docx,clean,reviewer_03,2026-02-19T05:29:59,2026-04-09T05:29:59
66,SYN-26-00040,Shareholder dispute over a share transfer,Aldenmere Consulting NV,Tomas Pellegrand,Corporate matter,Brussels Enterprise Court,Court summons,Open,Needs Review,0.906,Approved with corrections,"[{""label"": ""incident_date"", ""date"": ""2025-11-12"", ""incomplete"": false}, {""label"": ""notice_date"", ""date"": ""2025-12-15"", ""incomplete"": false}, {""label"": ""response_deadline"", ""date"": ""2026-01-05"", ""incomplete"": false}, {""label"": ""hearing_date"", ""date"": ""2026-02-23"", ""incomplete"": false}]","[{""label"": ""amount_claimed"", ""value"": 46268.1}]",[],DOC-0040_court_summons.docx,docx,contradictory,reviewer_02,2026-02-19T06:10:47,2026-02-19T06:58:47
67,SYN-26-00046,Unpaid overtime claim,Ruben Ostaven,Silverbirch Construction SRL,Employment matter,Liege Labour Court,Formal notice,Open,Complete,0.938,Approved,"[{""label"": ""incident_date"", ""date"": ""2026-01-26"", ""incomplete"": false}, {""label"": ""notice_date"", ""date"": ""2026-02-25"", ""incomplete"": false}, {""label"": ""response_deadline"", ""date"": ""2026-03-12"", ""incomplete"": false}]","[{""label"": ""amount_claimed"", ""value"": 12757}, {""label"": ""late_interest"", ""value"": 861.94}]",[],DOC-0046_formal_notice.docx,docx,clean,reviewer_03,2026-02-19T06:13:30,2026-02-19T06:13:30
68,SYN-26-00068,Notice period dispute,Clara Vandermolen,Lindenbrook Construction BV,Employment matter,Ghent Labour Court,Employment termination letter,Open,Needs Review,0.892,Approved,"[{""label"": ""incident_date"", ""date"": ""2026-01-05"", ""incomplete"": false}, {""label"": ""notice_date"", ""date"": ""2026-02-19"", ""incomplete"": false}, {""label"": ""response_deadline"", ""date"": null, ""incomplete"": true}]","[{""label"": ""amount_claimed"", ""value"": 11078}]",[],DOC-0068_employment_termination_letter.pdf,pdf,missing_fields,reviewer_01,2026-02-19T08:28:33,2026-02-19T08:51:33
69,SYN-26-00069,Shareholder dispute over a share transfer,Oakhaven Systems SA,Tomas Vandermolen,Corporate matter,Ghent Enterprise Court,Shareholder letter,Open,Complete,0.948,Approved,"[{""label"": ""incident_date"", ""date"": ""2025-12-13"", ""incomplete"": false}, {""label"": ""notice_date"", ""date"": ""2026-02-03"", ""incomplete"": false}, {""label"": ""response_deadline"", ""date"": ""2026-02-18"", ""incomplete"": false}]","[{""label"": ""amount_claimed"", ""value"": 68417}, {""label"": ""late_interest"", ""value"": 5373.31}]",[],DOC-0069_shareholder_letter.png,png,clean,reviewer_02,2026-02-19T09:10:58,2026-02-19T09:57:58
70,SYN-26-00070,Contested dismissal of an employee,Clara Delacroixe,Silverbirch Consulting NV,Employment matter,Liege Labour Court,Employment termination letter,Awaiting information,Missing Information,0.837,Approved,"[{""label"": ""incident_date"", ""date"": ""2025-11-23"", ""incomplete"": false}, {""label"": ""notice_date"", ""date"": ""2026-01-19"", ""incomplete"": false}, {""label"": ""response_deadline"", ""date"": ""2026-02-09"", ""incomplete"": false}]",,"[""amounts""]",DOC-0070_employment_termination_letter.docx,docx,missing_fields,reviewer_01,2026-02-19T13:53:12,2026-02-19T13:53:12
71,SYN-26-00071,Unpaid overtime claim,Elise Talmont,Fernhill Print SRL,Employment matter,Brussels Labour Court,Formal notice,Open,Complete,0.83,Approved with corrections,"[{""label"": ""incident_date"", ""date"": ""2025-11-15"", ""incomplete"": false}, {""label"": ""notice_date"", ""date"": ""2026-01-08"", ""incomplete"": false}, {""label"": ""response_deadline"", ""date"": ""2026-01-29"", ""incomplete"": false}, {""label"": ""hearing_date"", ""date"": ""2026-03-31"", ""incomplete"": false}]","[{""label"": ""amount_claimed"", ""value"": 16105.4}]",[],DOC-0071_formal_notice.pdf,pdf,degraded,reviewer_03,2026-02-19T17:00:34,2026-02-19T18:26:34
72,SYN-26-00072,Disputed delivery of cardboard packaging,Quillfield Studios SRL,Lindenbrook Construction NV,Commercial dispute,Ghent Enterprise Court,Formal notice,Open,Complete,0.928,Approved with corrections,"[{""label"": ""incident_date"", ""date"": ""2025-12-21"", ""incomplete"": false}, {""label"": ""notice_date"", ""date"": ""2026-02-13"", ""incomplete"": false}, {""label"": ""response_deadline"", ""date"": ""2026-03-15"", ""incomplete"": false}]","[{""label"": ""amount_claimed"", ""value"": 43363.5}]",[],DOC-0072_formal_notice.pdf,pdf,clean,reviewer_01,2026-02-20T09:31:44,2026-02-20T09:31:44
73,SYN-26-00073,Contested municipal fine,Brookhollow Construction NV,Municipality of Orrinford,Administrative matter,Namur Court of First Instance,Administrative decision,Open,Missing Information,0.687,Approved with corrections,"[{""label"": ""incident_date"", ""date"": ""2025-09-25"", ""incomplete"": false}, {""label"": ""notice_date"", ""date"": ""2025-10-29"", ""incomplete"": false}, {""label"": ""response_deadline"", ""date"": ""2025-11-19"", ""incomplete"": false}, {""label"": ""hearing_date"", ""date"": ""2026-01-26"", ""incomplete"": false}]","[{""label"": ""amount_claimed"", ""value"": 11597}, {""label"": ""late_interest"", ""value"": 236.26}]",[],DOC-0073_administrative_decision.png,png,degraded,reviewer_01,2026-02-23T12:42:31,2026-02-23T12:42:31
74,SYN-26-00074,Unpaid invoices for office furniture,Wexmoor Packaging NV,Fernhill Catering BV,Commercial dispute,Antwerp Enterprise Court,Formal notice,Closed,Complete,0.937,Approved,"[{""label"": ""incident_date"", ""date"": ""2025-10-13"", ""incomplete"": false}, {""label"": ""notice_date"", ""date"": ""2025-12-06"", ""incomplete"": false}, {""label"": ""response_deadline"", ""date"": ""2026-01-05"", ""incomplete"": false}, {""label"": ""hearing_date"", ""date"": ""2026-03-02"", ""incomplete"": false}]","[{""label"": ""amount_claimed"", ""value"": 24486.8}, {""label"": ""late_interest"", ""value"": 1812.43}]",[],DOC-0074_formal_notice.pdf,pdf,clean,reviewer_02,2026-02-25T14:20:45,2026-04-13T14:20:45
75,SYN-26-00075,Appeal against a permit refusal,Fernhill Systems BV,Municipality of Thornlea,Administrative matter,Namur Court of First Instance,Formal notice,Closed,Needs Review,0.906,Approved with corrections,"[{""label"": ""incident_date"", ""date"": ""2026-03-24"", ""incomplete"": false}, {""label"": ""notice_date"", ""date"": ""2026-04-04"", ""incomplete"": false}, {""label"": ""response_deadline"", ""date"": ""2026-05-02"", ""incomplete"": false}]","[{""label"": ""amount_claimed"", ""value"": 7996}]",[],DOC-0075_formal_notice.docx,docx,contradictory,reviewer_03,2026-02-26T13:42:33,2026-05-06T13:42:33
76,SYN-26-00076,Contested dismissal of an employee,Jonas Stroobaert,Brightwater Catering SRL,Employment matter,Ghent Labour Court,Employment termination letter,Open,Complete,0.942,Approved,"[{""label"": ""incident_date"", ""date"": ""2025-12-26"", ""incomplete"": false}, {""label"": ""notice_date"", ""date"": ""2026-01-26"", ""incomplete"": false}, {""label"": ""response_deadline"", ""date"": ""2026-02-16"", ""incomplete"": false}]","[{""label"": ""amount_claimed"", ""value"": 12735}, {""label"": ""late_interest"", ""value"": 405.74}]",[],DOC-0076_employment_termination_letter.pdf,pdf,clean,reviewer_01,2026-02-27T11:00:46,2026-02-27T11:00:46
77,SYN-26-00077,Notice period dispute,Elise Stroobaert,Silverbirch Systems SRL,Employment matter,Brussels Labour Court,Employment termination letter,Closed,Needs Review,0.897,Approved with corrections,"[{""label"": ""incident_date"", ""date"": ""2026-04-26"", ""incomplete"": false}, {""label"": ""notice_date"", ""date"": ""2026-05-25"", ""incomplete"": false}, {""label"": ""response_deadline"", ""date"": ""2026-06-15"", ""incomplete"": false}]","[{""label"": ""amount_claimed"", ""value"": 24289.4}]",[],DOC-0077_employment_termination_letter.docx,docx,contradictory,reviewer_04,2026-03-02T12:57:48,2026-04-28T12:57:48
78,SYN-26-00078,Late payment for delivered cardboard packaging,Kestrelpoint Retail NV,Pellbrook Digital NV,Commercial dispute,Ghent Enterprise Court,Invoice dispute letter,Closed,Complete,0.92,Approved,"[{""label"": ""incident_date"", ""date"": ""2026-04-03"", ""incomplete"": false}, {""label"": ""notice_date"", ""date"": ""2026-05-23"", ""incomplete"": false}, {""label"": ""response_deadline"", ""date"": ""2026-06-22"", ""incomplete"": false}, {""label"": ""hearing_date"", ""date"": ""2026-08-07"", ""incomplete"": false}]","[{""label"": ""amount_claimed"", ""value"": 49730.8}]",[],DOC-0078_invoice_dispute_letter.png,png,clean,reviewer_03,2026-03-02T13:39:16,2026-04-27T13:39:16
79,SYN-26-00079,Non-performance under the facility management agreement,Duskwater Facilities BV,Oakhaven Facilities BV,Contract dispute,Namur Court of First Instance,Court summons,Closed,Needs Review,0.791,Approved with corrections,"[{""label"": ""incident_date"", ""date"": ""2026-02-02"", ""incomplete"": false}, {""label"": ""notice_date"", ""date"": ""2026-03-25"", ""incomplete"": false}, {""label"": ""response_deadline"", ""date"": ""2026-04-24"", ""incomplete"": false}, {""label"": ""hearing_date"", ""date"": ""2026-06-13"", ""incomplete"": false}]","[{""label"": ""amount_claimed"", ""value"": 84941}, {""label"": ""late_interest"", ""value"": 4704.74}]",[],DOC-0079_court_summons.jpg,jpg,degraded,reviewer_04,2026-03-03T09:27:42,2026-04-04T09:27:42
80,SYN-26-00080,Appeal against a zoning decision,Veldon Logistics SRL,Municipality of Westrook,Administrative matter,Namur Court of First Instance,Administrative decision,Open,Complete,0.948,Approved,"[{""label"": ""incident_date"", ""date"": ""2025-09-12"", ""incomplete"": false}, {""label"": ""notice_date"", ""date"": ""2025-10-05"", ""incomplete"": false}, {""label"": ""response_deadline"", ""date"": ""2025-10-20"", ""incomplete"": false}, {""label"": ""hearing_date"", ""date"": ""2026-01-15"", ""incomplete"": false}]","[{""label"": ""amount_claimed"", ""value"": 13512}]",[],DOC-0080_administrative_decision.pdf,pdf,multipage,reviewer_03,2026-03-03T10:35:32,2026-03-03T10:58:32
81,SYN-26-00081,Breach of the software maintenance service agreement,Duskwater Digital SRL,Oakhaven Studios BV,Contract dispute,Brussels Court of First Instance,Court summons,Open,Complete,0.948,Approved,"[{""label"": ""incident_date"", ""date"": ""2026-01-10"", ""incomplete"": false}, {""label"": ""notice_date"", ""date"": ""2026-02-27"", ""incomplete"": false}, {""label"": ""response_deadline"", ""date"": ""2026-03-29"", ""incomplete"": false}, {""label"": ""hearing_date"", ""date"": ""2026-05-10"", ""incomplete"": false}]","[{""label"": ""amount_claimed"", ""value"": 74894}, {""label"": ""late_interest"", ""value"": 4680.86}, {""label"": ""contractual_penalty"", ""value"": 7489.4}]",[],DOC-0081_court_summons.pdf,pdf,clean,reviewer_01,2026-03-03T16:42:07,2026-03-03T16:42:07
82,SYN-26-00082,Contested dismissal of an employee,Victor Delacroixe,Pellbrook Construction NV,Employment matter,Brussels Labour Court,Employment termination letter,Closed,Complete,0.942,Approved,"[{""label"": ""incident_date"", ""date"": ""2025-10-11"", ""incomplete"": false}, {""label"": ""notice_date"", ""date"": ""2025-11-28"", ""incomplete"": false}, {""label"": ""response_deadline"", ""date"": ""2025-12-28"", ""incomplete"": false}]","[{""label"": ""amount_claimed"", ""value"": 35629.4}, {""label"": ""late_interest"", ""value"": 1215.0}]",[],DOC-0082_employment_termination_letter.docx,docx,clean,reviewer_03,2026-03-04T14:02:34,2026-05-01T14:02:34
83,SYN-26-00083,Unpaid invoices for printed brochures,Veldon Catering NV,Merriton Mobility BV,Commercial dispute,Ghent Enterprise Court,Formal notice,Open,Complete,0.861,Approved,"[{""label"": ""incident_date"", ""date"": ""2025-11-03"", ""incomplete"": false}, {""label"": ""notice_date"", ""date"": ""2025-11-29"", ""incomplete"": false}, {""label"": ""response_deadline"", ""date"": ""2025-12-20"", ""incomplete"": false}]","[{""label"": ""amount_claimed"", ""value"": 14433.5}]",[],DOC-0083_formal_notice.docx,docx,clean,reviewer_01,2026-03-04T14:44:51,2026-03-04T14:44:51
84,SYN-26-00084,Challenge to a capital increase,Ambermoor Foods SRL,Joris Dufrasne,Corporate matter,Brussels Enterprise Court,Court summons,Closed,Complete,0.861,Approved,"[{""label"": ""incident_date"", ""date"": ""2026-04-21"", ""incomplete"": false}, {""label"": ""notice_date"", ""date"": ""2026-05-29"", ""incomplete"": false}, {""label"": ""response_deadline"", ""date"": ""2026-06-19"", ""incomplete"": false}]","[{""label"": ""amount_claimed"", ""value"": 76591}]",[],DOC-0084_court_summons.pdf,pdf,clean,reviewer_02,2026-03-05T15:20:44,2026-05-11T15:20:44
85,SYN-26-00085,Late payment for delivered IT hardware,Harbourline Foods BV,Redcliff Mobility NV,Commercial dispute,Leuven Justice of the Peace,Formal notice,Closed,Complete,0.948,Approved,"[{""label"": ""incident_date"", ""date"": ""2025-10-20"", ""incomplete"": false}, {""label"": ""notice_date"", ""date"": ""2025-11-14"", ""incomplete"": false}, {""label"": ""response_deadline"", ""date"": ""2025-11-29"", ""incomplete"": false}]","[{""label"": ""amount_claimed"", ""value"": 7772.25}]",[],DOC-0085_formal_notice.docx,docx,clean,reviewer_03,2026-03-05T15:22:29,2026-04-28T15:22:29
86,SYN-26-00086,Breach of the marketing service agreement,Veldon Consulting NV,Redcliff Logistics SRL,Contract dispute,Antwerp Enterprise Court,Court summons,Closed,Missing Information,0.767,Approved with corrections,"[{""label"": ""incident_date"", ""date"": ""2026-04-04"", ""incomplete"": false}, {""label"": ""notice_date"", ""date"": ""2026-04-14"", ""incomplete"": false}, {""label"": ""response_deadline"", ""date"": ""2026-05-14"", ""incomplete"": false}]","[{""label"": ""amount_claimed"", ""value"": 32259}]",[],DOC-0086_court_summons.pdf,pdf,multipage,reviewer_04,2026-03-05T15:42:51,2026-03-30T15:42:51
87,SYN-26-00087,Contested dismissal of an employee,Dario Quenneville,Lindenbrook Interiors NV,Employment matter,Brussels Labour Court,Employment termination letter,Open,Missing Information,0.761,Approved with corrections,"[{""label"": ""incident_date"", ""date"": ""2026-03-20"", ""incomplete"": false}, {""label"": ""notice_date"", ""date"": ""2026-04-04"", ""incomplete"": false}, {""label"": ""response_deadline"", ""date"": ""2026-04-25"", ""incomplete"": false}]","[{""label"": ""amount_claimed"", ""value"": 16477}, {""label"": ""late_interest"", ""value"": 1050.36}]",[],DOC-0087_employment_termination_letter.png,png,clean,reviewer_04,2026-03-06T12:51:56,2026-03-06T14:01:56
88,SYN-26-00088,Early termination of the facility management contract,Aldenmere Systems NV,Oakhaven Print BV,Contract dispute,Brussels Court of First Instance,Formal notice,Open,Complete,0.948,Approved,"[{""label"": ""incident_date"", ""date"": ""2026-01-07"", ""incomplete"": false}, {""label"": ""notice_date"", ""date"": ""2026-02-21"", ""incomplete"": false}, {""label"": ""response_deadline"", ""date"": ""2026-03-23"", ""incomplete"": false}]","[{""label"": ""amount_claimed"", ""value"": 18363}, {""label"": ""late_interest"", ""value"": 566.39}, {""label"": ""contractual_penalty"", ""value"": 1836.3}]",[],DOC-0088_formal_notice.pdf,pdf,clean,reviewer_04,2026-03-06T15:23:07,2026-03-06T16:32:07
89,SYN-26-00089,Request for a copy of a mediation record,Mila Stroobaert,Ines Rondeaux,Other,Brussels Court of First Instance,Formal notice,Closed,Complete,0.887,Approved,"[{""label"": ""incident_date"", ""date"": ""2026-04-22"", ""incomplete"": false}, {""label"": ""notice_date"", ""date"": ""2026-06-10"", ""incomplete"": false}, {""label"": ""response_deadline"", ""date"": ""2026-07-01"", ""incomplete"": false}]","[{""label"": ""amount_claimed"", ""value"": 825}]",[],DOC-0089_formal_notice.png,png,clean,reviewer_04,2026-03-06T16:48:41,2026-05-13T16:48:41
90,SYN-26-00090,Non-performance under the software maintenance agreement,Ambermoor Systems SRL,Orrinford Mobility NV,Contract dispute,Antwerp Enterprise Court,Formal notice,Closed,Complete,0.922,Approved,"[{""label"": ""incident_date"", ""date"": ""2025-12-26"", ""incomplete"": false}, {""label"": ""notice_date"", ""date"": ""2026-01-29"", ""incomplete"": false}, {""label"": ""response_deadline"", ""date"": ""2026-02-28"", ""incomplete"": false}, {""label"": ""hearing_date"", ""date"": ""2026-05-03"", ""incomplete"": false}]","[{""label"": ""amount_claimed"", ""value"": 89216}, {""label"": ""late_interest"", ""value"": 2974.58}, {""label"": ""contractual_penalty"", ""value"": 8921.6}]",[],DOC-0090_formal_notice.pdf,pdf,degraded,reviewer_03,2026-03-06T17:30:29,2026-04-05T17:30:29
91,SYN-26-00091,Contested board resolution,Harbourline Print NV,Tomas Moreau-Lint,Corporate matter,Antwerp Enterprise Court,Court summons,Closed,Needs Review,0.901,Approved with corrections,"[{""label"": ""incident_date"", ""date"": ""2025-11-26"", ""incomplete"": false}, {""label"": ""notice_date"", ""date"": ""2026-01-15"", ""incomplete"": false}, {""label"": ""response_deadline"", ""date"": ""2026-02-14"", ""incomplete"": false}]","[{""label"": ""amount_claimed"", ""value"": 24765}]",[],DOC-0091_court_summons.docx,docx,contradictory,reviewer_01,2026-03-09T11:00:23,2026-04-22T11:00:23
92,SYN-26-00092,Late payment for delivered office furniture,Fernhill Print BV,Oakhaven Retail BV,Commercial dispute,Ghent Enterprise Court,Invoice dispute letter,Closed,Complete,0.948,Approved,"[{""label"": ""incident_date"", ""date"": ""2025-09-03"", ""incomplete"": false}, {""label"": ""notice_date"", ""date"": ""2025-10-12"", ""incomplete"": false}, {""label"": ""response_deadline"", ""date"": ""2025-10-27"", ""incomplete"": false}]","[{""label"": ""amount_claimed"", ""value"": 41733.5}, {""label"": ""late_interest"", ""value"": 2793.21}]",[],DOC-0092_invoice_dispute_letter.png,png,clean,reviewer_02,2026-03-10T14:56:48,2026-05-06T14:56:48
93,SYN-26-00093,Late payment for delivered cardboard packaging,Harbourline Print NV,,Commercial dispute,,Formal notice,Awaiting information,Missing Information,0.737,Approved,"[{""label"": ""incident_date"", ""date"": ""2025-11-02"", ""incomplete"": false}, {""label"": ""notice_date"", ""date"": ""2025-12-12"", ""incomplete"": false}, {""label"": ""response_deadline"", ""date"": ""2026-01-02"", ""incomplete"": false}]","[{""label"": ""amount_claimed"", ""value"": 45894.25}, {""label"": ""late_interest"", ""value"": 1777.99}]","[""opposing_party"", ""jurisdiction""]",DOC-0093_formal_notice.docx,docx,missing_fields,reviewer_03,2026-03-11T10:45:55,2026-03-11T10:49:55
94,SYN-26-00094,Appeal against a permit refusal,Ambermoor Logistics SRL,Municipality of Orrinford,Administrative matter,Namur Court of First Instance,Formal notice,Closed,Missing Information,0.92,Approved with corrections,"[{""label"": ""incident_date"", ""date"": ""2025-10-17"", ""incomplete"": false}, {""label"": ""notice_date"", ""date"": ""2025-10-31"", ""incomplete"": false}, {""label"": ""response_deadline"", ""date"": ""2025-11-30"", ""incomplete"": false}]","[{""label"": ""amount_claimed"", ""value"": 5860}, {""label"": ""late_interest"", ""value"": 152.98}]",[],DOC-0094_formal_notice.pdf,pdf,degraded,reviewer_01,2026-03-12T17:26:38,2026-04-25T17:26:38
95,SYN-26-00095,Non-performance under the software maintenance agreement,Merriton Facilities BV,Oakhaven Catering SRL,Contract dispute,Antwerp Enterprise Court,Formal notice,Open,Complete,0.948,Approved,"[{""label"": ""incident_date"", ""date"": ""2026-02-15"", ""incomplete"": false}, {""label"": ""notice_date"", ""date"": ""2026-03-14"", ""incomplete"": false}, {""label"": ""response_deadline"", ""date"": ""2026-04-13"", ""incomplete"": false}]","[{""label"": ""amount_claimed"", ""value"": 36312}, {""label"": ""late_interest"", ""value"": 2293.33}, {""label"": ""contractual_penalty"", ""value"": 3631.2}]",[],DOC-0095_formal_notice.png,png,clean,reviewer_03,2026-03-13T09:16:04,2026-03-13T10:07:04
96,SYN-26-00096,Challenge to a capital increase,Aldenmere Systems SA,Tomas Kellwyn,Corporate matter,Brussels Enterprise Court,Shareholder letter,Closed,Complete,0.948,Approved,"[{""label"": ""incident_date"", ""date"": ""2025-12-30"", ""incomplete"": false}, {""label"": ""notice_date"", ""date"": ""2026-01-13"", ""incomplete"": false}, {""label"": ""response_deadline"", ""date"": ""2026-01-28"", ""incomplete"": false}]","[{""label"": ""amount_claimed"", ""value"": 87027}, {""label"": ""late_interest"", ""value"": 2929.05}]",[],DOC-0096_shareholder_letter.pdf,pdf,clean,reviewer_03,2026-03-13T13:43:08,2026-04-22T13:43:08
97,SYN-26-00097,Request for a copy of a mediation record,Noor Halvorn,Elise Moreau-Lint,Other,Brussels Court of First Instance,Formal notice,Closed,Complete,0.887,Approved,"[{""label"": ""incident_date"", ""date"": ""2026-03-26"", ""incomplete"": false}, {""label"": ""notice_date"", ""date"": ""2026-05-19"", ""incomplete"": false}, {""label"": ""response_deadline"", ""date"": ""2026-06-09"", ""incomplete"": false}]","[{""label"": ""amount_claimed"", ""value"": 662}]",[],DOC-0097_formal_notice.docx,docx,clean,reviewer_02,2026-03-13T17:19:16,2026-05-20T17:19:16
98,SYN-26-00098,Breach of the software maintenance service agreement,Veldon Foods NV,Wexmoor Mobility SRL,Contract dispute,Brussels Labour Court,Court summons,Closed,Needs Review,0.902,Approved with corrections,"[{""label"": ""incident_date"", ""date"": ""2026-01-02"", ""incomplete"": false}, {""label"": ""notice_date"", ""date"": ""2026-01-20"", ""incomplete"": false}, {""label"": ""response_deadline"", ""date"": ""2026-02-19"", ""incomplete"": false}]","[{""label"": ""amount_claimed"", ""value"": 35978}, {""label"": ""late_interest"", ""value"": 1396.8}, {""label"": ""contractual_penalty"", ""value"": 3597.8}]",[],DOC-0098_court_summons.docx,docx,contradictory,reviewer_03,2026-03-13T17:34:33,2026-04-04T17:34:33
99,SYN-26-00099,Breach of the cleaning service agreement,Thornlea Interiors NV,Tamsinworth Mobility NV,Contract dispute,Namur Court of First Instance,Formal notice,Open,Complete,0.918,Approved,"[{""label"": ""incident_date"", ""date"": ""2026-03-14"", ""incomplete"": false}, {""label"": ""notice_date"", ""date"": ""2026-04-01"", ""incomplete"": false}, {""label"": ""response_deadline"", ""date"": ""2026-04-22"", ""incomplete"": false}, {""label"": ""hearing_date"", ""date"": ""2026-06-26"", ""incomplete"": false}]","[{""label"": ""amount_claimed"", ""value"": 35894}]",[],DOC-0099_formal_notice.jpg,jpg,clean,reviewer_03,2026-03-16T09:27:01,2026-03-16T09:27:01
100,SYN-26-00100,Late payment for delivered printed brochures,Oakhaven Digital SRL,Fernhill Print SRL,Commercial dispute,Ghent Enterprise Court,Invoice dispute letter,Closed,Needs Review,0.906,Approved with corrections,"[{""label"": ""incident_date"", ""date"": ""2025-10-04"", ""incomplete"": false}, {""label"": ""notice_date"", ""date"": ""2025-11-01"", ""incomplete"": false}, {""label"": ""response_deadline"", ""date"": ""2025-12-08"", ""incomplete"": false}]","[{""label"": ""amount_claimed"", ""value"": 28902.25}]",[],DOC-0100_invoice_dispute_letter.pdf,pdf,contradictory,reviewer_04,2026-03-16T11:13:56,2026-05-01T11:13:56
101,SYN-26-00101,Contested dismissal of an employee,Amir Stroobaert,Greywood Construction BV,Employment matter,Brussels Labour Court,Employment termination letter,Open,Complete,0.915,Approved with corrections,"[{""label"": ""incident_date"", ""date"": ""2025-09-12"", ""incomplete"": false}, {""label"": ""notice_date"", ""date"": ""2025-10-15"", ""incomplete"": false}, {""label"": ""response_deadline"", ""date"": ""2025-10-30"", ""incomplete"": false}]","[{""label"": ""amount_claimed"", ""value"": 21736.4}]",[],DOC-0101_employment_termination_letter.pdf,pdf,degraded,reviewer_01,2026-03-16T18:11:01,2026-03-16T18:11:01
102,SYN-26-00102,Appeal against a permit refusal,Lindenbrook Packaging SRL,Municipality of Thornlea,Administrative matter,Namur Court of First Instance,Administrative decision,Open,Needs Review,0.826,Approved with corrections,"[{""label"": ""incident_date"", ""date"": ""2026-01-31"", ""incomplete"": false}, {""label"": ""notice_date"", ""date"": ""2026-03-04"", ""incomplete"": false}, {""label"": ""response_deadline"", ""date"": ""2026-04-03"", ""incomplete"": false}, {""label"": ""hearing_date"", ""date"": ""2026-06-29"", ""incomplete"": false}]","[{""label"": ""amount_claimed"", ""value"": 10139.4}]",[],DOC-0102_administrative_decision.pdf,pdf,contradictory,reviewer_03,2026-03-17T14:25:23,2026-03-17T14:25:23
103,SYN-26-00103,Late payment for delivered printed brochures,Norvale Studios NV,Oakhaven Consulting NV,Commercial dispute,Leuven Justice of the Peace,Invoice dispute letter,Open,Needs Review,0.9,Approved with corrections,"[{""label"": ""incident_date"", ""date"": ""2026-02-01"", ""incomplete"": false}, {""label"": ""notice_date"", ""date"": ""2026-02-24"", ""incomplete"": false}, {""label"": ""response_deadline"", ""date"": ""2026-03-17"", ""incomplete"": false}]","[{""label"": ""amount_claimed"", ""value"": 15216.8}]",[],DOC-0103_invoice_dispute_letter.docx,docx,contradictory,reviewer_01,2026-03-17T15:07:32,2026-03-17T15:07:32
104,SYN-26-00104,Late payment for delivered cardboard packaging,Tamsinworth Interiors SA,Calloway Vale Interiors SA,Commercial dispute,Ghent Enterprise Court,Invoice dispute letter,Open,Complete,0.918,Approved,"[{""label"": ""incident_date"", ""date"": ""2025-12-30"", ""incomplete"": false}, {""label"": ""notice_date"", ""date"": ""2026-02-21"", ""incomplete"": false}, {""label"": ""response_deadline"", ""date"": ""2026-03-23"", ""incomplete"": false}, {""label"": ""hearing_date"", ""date"": ""2026-04-24"", ""incomplete"": false}]","[{""label"": ""amount_claimed"", ""value"": 36393.25}, {""label"": ""late_interest"", ""value"": 835.24}]",[],DOC-0104_invoice_dispute_letter.pdf,pdf,clean,reviewer_03,2026-03-17T15:31:25,2026-03-17T16:34:25
105,SYN-26-00105,Unpaid invoices for cardboard packaging,Castellan Print SRL,Kestrelpoint Studios BV,Commercial dispute,Leuven Justice of the Peace,Invoice dispute letter,Open,Missing Information,0.736,Approved with corrections,"[{""label"": ""incident_date"", ""date"": ""2025-09-21"", ""incomplete"": false}, {""label"": ""notice_date"", ""date"": ""2025-10-21"", ""incomplete"": false}, {""label"": ""response_deadline"", ""date"": ""2025-11-20"", ""incomplete"": false}, {""label"": ""hearing_date"", ""date"": ""2026-01-30"", ""incomplete"": false}]","[{""label"": ""amount_claimed"", ""value"": 39085.25}, {""label"": ""late_interest"", ""value"": 1273.68}]",[],DOC-0105_invoice_dispute_letter.pdf,pdf,degraded,reviewer_03,2026-03-18T09:57:57,2026-03-18T09:57:57
106,SYN-26-00106,Challenge to a capital increase,Kestrelpoint Catering NV,Ines Brecquet,Corporate matter,Ghent Enterprise Court,Court summons,Closed,Complete,0.948,Approved,"[{""label"": ""incident_date"", ""date"": ""2025-10-20"", ""incomplete"": false}, {""label"": ""notice_date"", ""date"": ""2025-11-25"", ""incomplete"": false}, {""label"": ""response_deadline"", ""date"": ""2025-12-16"", ""incomplete"": false}, {""label"": ""hearing_date"", ""date"": ""2026-03-06"", ""incomplete"": false}]","[{""label"": ""amount_claimed"", ""value"": 30184}]",[],DOC-0106_court_summons.pdf,pdf,clean,reviewer_02,2026-03-18T10:15:13,2026-04-22T10:15:13
107,SYN-26-00107,Early termination of the cleaning contract,Quillfield Logistics NV,Pellbrook Systems NV,Contract dispute,Antwerp Enterprise Court,Court summons,Closed,Complete,0.948,Approved,"[{""label"": ""incident_date"", ""date"": ""2025-12-30"", ""incomplete"": false}, {""label"": ""notice_date"", ""date"": ""2026-01-12"", ""incomplete"": false}, {""label"": ""response_deadline"", ""date"": ""2026-02-11"", ""incomplete"": false}]","[{""label"": ""amount_claimed"", ""value"": 54620}]",[],DOC-0107_court_summons.pdf,pdf,clean,reviewer_01,2026-03-18T11:13:19,2026-05-12T11:13:19
108,SYN-26-00108,Notice period dispute,Mila Rondeaux,Redcliff Print SA,Employment matter,Liege Labour Court,Formal notice,Open,Complete,0.912,Approved,"[{""label"": ""incident_date"", ""date"": ""2025-10-10"", ""incomplete"": false}, {""label"": ""notice_date"", ""date"": ""2025-11-01"", ""incomplete"": false}, {""label"": ""response_deadline"", ""date"": ""2025-12-01"", ""incomplete"": false}]","[{""label"": ""amount_claimed"", ""value"": 19857}]",[],DOC-0108_formal_notice.pdf,pdf,multipage,reviewer_02,2026-03-18T15:43:42,2026-03-18T16:27:42
109,SYN-26-00109,Request for a copy of a mediation record,Leila Delacroixe,Leila Vissenaeken,Other,Brussels Court of First Instance,Formal notice,Open,Missing Information,0.65,Approved with corrections,"[{""label"": ""incident_date"", ""date"": ""2025-10-17"", ""incomplete"": false}, {""label"": ""notice_date"", ""date"": ""2025-11-10"", ""incomplete"": false}, {""label"": ""response_deadline"", ""date"": ""2025-12-01"", ""incomplete"": false}, {""label"": ""hearing_date"", ""date"": ""2026-01-15"", ""incomplete"": false}]","[{""label"": ""amount_claimed"", ""value"": 504}]",[],DOC-0109_formal_notice.jpg,jpg,degraded,reviewer_04,2026-03-19T11:32:40,2026-03-19T11:37:40
110,SYN-26-00110,Late payment for delivered cardboard packaging,Ambermoor Construction NV,Kestrelpoint Foods SA,Commercial dispute,Antwerp Enterprise Court,Formal notice,Closed,Complete,0.948,Approved,"[{""label"": ""incident_date"", ""date"": ""2025-09-15"", ""incomplete"": false}, {""label"": ""notice_date"", ""date"": ""2025-10-11"", ""incomplete"": false}, {""label"": ""response_deadline"", ""date"": ""2025-10-26"", ""incomplete"": false}]","[{""label"": ""amount_claimed"", ""value"": 52823.25}]",[],DOC-0110_formal_notice.docx,docx,clean,reviewer_03,2026-03-19T13:23:56,2026-05-20T13:23:56
111,SYN-26-00111,Unpaid overtime claim,Elise Pellegrand,Calloway Vale Facilities NV,Employment matter,Brussels Labour Court,Employment termination letter,Closed,Complete,0.938,Approved,"[{""label"": ""incident_date"", ""date"": ""2025-09-10"", ""incomplete"": false}, {""label"": ""notice_date"", ""date"": ""2025-10-20"", ""incomplete"": false}, {""label"": ""response_deadline"", ""date"": ""2025-11-04"", ""incomplete"": false}, {""label"": ""hearing_date"", ""date"": ""2026-01-11"", ""incomplete"": false}]","[{""label"": ""amount_claimed"", ""value"": 28151.4}]",[],DOC-0111_employment_termination_letter.docx,docx,clean,reviewer_01,2026-03-19T17:26:57,2026-05-17T17:26:57
112,SYN-26-00112,Appeal against a permit refusal,Silverbirch Studios SRL,Municipality of Aldenmere,Administrative matter,Brussels Court of First Instance,Formal notice,Closed,Needs Review,0.9,Approved with corrections,"[{""label"": ""incident_date"", ""date"": ""2025-09-16"", ""incomplete"": false}, {""label"": ""notice_date"", ""date"": ""2025-11-01"", ""incomplete"": false}, {""label"": ""response_deadline"", ""date"": ""2025-11-22"", ""incomplete"": false}, {""label"": ""hearing_date"", ""date"": ""2026-02-04"", ""incomplete"": false}]","[{""label"": ""amount_claimed"", ""value"": 1739}]",[],DOC-0112_formal_notice.docx,docx,contradictory,reviewer_02,2026-03-20T09:24:31,2026-05-25T09:24:31
113,SYN-26-00113,Unpaid invoices for catering supplies,Redcliff Mobility BV,Calloway Vale Digital SA,Commercial dispute,Ghent Enterprise Court,Invoice dispute letter,Closed,Complete,0.898,Approved with corrections,"[{""label"": ""incident_date"", ""date"": ""2025-10-17"", ""incomplete"": false}, {""label"": ""notice_date"", ""date"": ""2025-12-14"", ""incomplete"": false}, {""label"": ""response_deadline"", ""date"": ""2026-01-04"", ""incomplete"": false}, {""label"": ""hearing_date"", ""date"": ""2026-02-15"", ""incomplete"": false}]","[{""label"": ""amount_claimed"", ""value"": 49036}, {""label"": ""late_interest"", ""value"": 2781.18}]",[],DOC-0113_invoice_dispute_letter.jpg,jpg,degraded,reviewer_02,2026-03-23T12:57:44,2026-04-18T12:57:44
114,SYN-26-00114,Early termination of the marketing contract,Duskwater Catering SA,Fernhill Facilities SRL,Contract dispute,Antwerp Enterprise Court,Court summons,Closed,Missing Information,0.898,Approved,"[{""label"": ""incident_date"", ""date"": ""2025-11-25"", ""incomplete"": false}, {""label"": ""notice_date"", ""date"": ""2025-12-12"", ""incomplete"": false}, {""label"": ""response_deadline"", ""date"": null, ""incomplete"": true}]","[{""label"": ""contractual_penalty"", ""value"": 7889.5}]","[""amounts""]",DOC-0114_court_summons.docx,docx,missing_fields,reviewer_03,2026-03-25T16:22:52,2026-05-28T16:22:52
115,SYN-26-00115,Disputed delivery of catering supplies,Norvale Construction SRL,Lindenbrook Catering NV,Commercial dispute,Antwerp Enterprise Court,Formal notice,Open,Complete,0.948,Approved,"[{""label"": ""incident_date"", ""date"": ""2026-01-18"", ""incomplete"": false}, {""label"": ""notice_date"", ""date"": ""2026-02-12"", ""incomplete"": false}, {""label"": ""response_deadline"", ""date"": ""2026-03-14"", ""incomplete"": false}]","[{""label"": ""amount_claimed"", ""value"": 28408.25}, {""label"": ""late_interest"", ""value"": 1353.69}]",[],DOC-0115_formal_notice.docx,docx,clean,reviewer_02,2026-03-25T16:38:34,2026-03-25T16:38:34
116,SYN-26-00116,Disputed delivery of IT hardware,Greywood Retail NV,Oakhaven Studios SA,Commercial dispute,Antwerp Enterprise Court,Invoice dispute letter,Closed,Complete,0.948,Approved,"[{""label"": ""incident_date"", ""date"": ""2026-03-12"", ""incomplete"": false}, {""label"": ""notice_date"", ""date"": ""2026-05-01"", ""incomplete"": false}, {""label"": ""response_deadline"", ""date"": ""2026-05-16"", ""incomplete"": false}]","[{""label"": ""amount_claimed"", ""value"": 49897.5}]",[],DOC-0116_invoice_dispute_letter.pdf,pdf,multipage,reviewer_04,2026-03-25T16:54:41,2026-04-27T16:54:41
117,SYN-26-00117,Appeal against a permit refusal,Thornlea Mobility NV,Municipality of Orrinford,Administrative matter,Namur Court of First Instance,Administrative decision,Open,Complete,0.897,Approved with corrections,"[{""label"": ""incident_date"", ""date"": ""2025-09-08"", ""incomplete"": false}, {""label"": ""notice_date"", ""date"": ""2025-10-13"", ""incomplete"": false}, {""label"": ""response_deadline"", ""date"": ""2025-11-03"", ""incomplete"": false}, {""label"": ""hearing_date"", ""date"": ""2025-12-28"", ""incomplete"": false}]","[{""label"": ""amount_claimed"", ""value"": 13896}]",[],DOC-0117_administrative_decision.pdf,pdf,degraded,reviewer_04,2026-03-26T15:15:19,2026-03-26T15:15:19
118,SYN-26-00118,Non-performance under the cleaning agreement,Castellan Consulting SA,Harbourline Packaging BV,Contract dispute,Antwerp Enterprise Court,Formal notice,Closed,Complete,0.941,Approved,"[{""label"": ""incident_date"", ""date"": ""2025-10-26"", ""incomplete"": false}, {""label"": ""notice_date"", ""date"": ""2025-11-13"", ""incomplete"": false}, {""label"": ""response_deadline"", ""date"": ""2025-12-04"", ""incomplete"": false}]","[{""label"": ""amount_claimed"", ""value"": 44699}]",[],DOC-0118_formal_notice.pdf,pdf,clean,reviewer_02,2026-03-26T17:56:33,2026-05-02T17:56:33
119,SYN-26-00119,Early termination of the cleaning contract,Greywood Studios SA,Castellan Systems SA,Contract dispute,Antwerp Enterprise Court,Court summons,Open,Complete,0.948,Approved,"[{""label"": ""incident_date"", ""date"": ""2026-04-12"", ""incomplete"": false}, {""label"": ""notice_date"", ""date"": ""2026-06-07"", ""incomplete"": false}, {""label"": ""response_deadline"", ""date"": ""2026-07-07"", ""incomplete"": false}]","[{""label"": ""amount_claimed"", ""value"": 93426}, {""label"": ""late_interest"", ""value"": 4361.55}, {""label"": ""contractual_penalty"", ""value"": 9342.6}]",[],DOC-0119_court_summons.docx,docx,clean,reviewer_04,2026-03-27T15:12:49,2026-03-27T15:30:49
120,SYN-26-00120,Disputed delivery of printed brochures,Redcliff Systems NV,Quillfield Print BV,Commercial dispute,Antwerp Enterprise Court,Invoice dispute letter,Closed,Missing Information,0.768,Approved with corrections,"[{""label"": ""incident_date"", ""date"": ""2025-11-07"", ""incomplete"": false}, {""label"": ""notice_date"", ""date"": ""2025-11-20"", ""incomplete"": false}, {""label"": ""response_deadline"", ""date"": ""2025-12-20"", ""incomplete"": false}, {""label"": ""hearing_date"", ""date"": ""2026-02-09"", ""incomplete"": false}]","[{""label"": ""amount_claimed"", ""value"": 59119.25}]",[],DOC-0120_invoice_dispute_letter.pdf,pdf,degraded,reviewer_01,2026-03-27T17:21:32,2026-04-30T17:21:32
121,SYN-26-00121,Challenge to a capital increase,Aldenmere Retail SA,Ruben Vandermolen,Corporate matter,Brussels Enterprise Court,Court summons,Closed,Complete,0.948,Approved,"[{""label"": ""incident_date"", ""date"": ""2026-01-21"", ""incomplete"": false}, {""label"": ""notice_date"", ""date"": ""2026-03-16"", ""incomplete"": false}, {""label"": ""response_deadline"", ""date"": ""2026-03-31"", ""incomplete"": false}, {""label"": ""hearing_date"", ""date"": ""2026-06-04"", ""incomplete"": false}]","[{""label"": ""amount_claimed"", ""value"": 39643}, {""label"": ""late_interest"", ""value"": 2216.22}]",[],DOC-0121_court_summons.png,png,clean,reviewer_04,2026-03-30T15:36:14,2026-04-23T15:36:14
122,SYN-26-00122,Early termination of the cleaning contract,Duskwater Print BV,Tamsinworth Facilities SA,Contract dispute,Namur Court of First Instance,Court summons,Open,Missing Information,0.735,Approved with corrections,"[{""label"": ""incident_date"", ""date"": ""2025-11-26"", ""incomplete"": false}, {""label"": ""notice_date"", ""date"": ""2025-12-27"", ""incomplete"": false}, {""label"": ""response_deadline"", ""date"": ""2026-01-11"", ""incomplete"": false}]","[{""label"": ""amount_claimed"", ""value"": 7369}, {""label"": ""late_interest"", ""value"": 559.02}]",[],DOC-0122_court_summons.jpg,jpg,degraded,reviewer_03,2026-03-31T13:27:31,2026-03-31T14:04:31
123,SYN-26-00123,Contested dismissal of an employee,Ruben Pellegrand,Aldenmere Consulting NV,Employment matter,Liege Labour Court,Formal notice,Open,Needs Review,0.9,Approved with corrections,"[{""label"": ""incident_date"", ""date"": ""2025-10-07"", ""incomplete"": false}, {""label"": ""notice_date"", ""date"": ""2025-10-25"", ""incomplete"": false}, {""label"": ""response_deadline"", ""date"": ""2025-11-16"", ""incomplete"": false}]","[{""label"": ""amount_claimed"", ""value"": 19286.4}, {""label"": ""late_interest"", ""value"": 1416.24}]",[],DOC-0123_formal_notice.pdf,pdf,contradictory,reviewer_02,2026-03-31T16:07:35,2026-03-31T16:32:35
124,SYN-26-00124,Unpaid overtime claim,Ruben Kellwyn,Calloway Vale Construction NV,Employment matter,Brussels Labour Court,Employment termination letter,Open,Complete,0.938,Approved,"[{""label"": ""incident_date"", ""date"": ""2025-11-11"", ""incomplete"": false}, {""label"": ""notice_date"", ""date"": ""2026-01-07"", ""incomplete"": false}, {""label"": ""response_deadline"", ""date"": ""2026-01-28"", ""incomplete"": false}]","[{""label"": ""amount_claimed"", ""value"": 17658}, {""label"": ""late_interest"", ""value"": 392.74}]",[],DOC-0124_employment_termination_letter.docx,docx,clean,reviewer_01,2026-04-01T09:27:08,2026-04-01T10:03:08
125,SYN-26-00125,Unpaid invoices for cardboard packaging,Harbourline Mobility NV,Wexmoor Packaging SA,Commercial dispute,Antwerp Enterprise Court,Formal notice,Open,Complete,0.861,Approved,"[{""label"": ""incident_date"", ""date"": ""2025-12-01"", ""incomplete"": false}, {""label"": ""notice_date"", ""date"": ""2026-01-04"", ""incomplete"": false}, {""label"": ""response_deadline"", ""date"": ""2026-01-19"", ""incomplete"": false}]","[{""label"": ""amount_claimed"", ""value"": 40444}]",[],DOC-0125_formal_notice.pdf,pdf,clean,reviewer_01,2026-04-01T15:08:11,2026-04-01T16:28:11
126,SYN-26-00126,Disputed delivery of cardboard packaging,Oakhaven Digital BV,Fernhill Packaging NV,Commercial dispute,Leuven Justice of the Peace,Invoice dispute letter,Closed,Complete,0.948,Approved,"[{""label"": ""incident_date"", ""date"": ""2025-12-15"", ""incomplete"": false}, {""label"": ""notice_date"", ""date"": ""2026-01-29"", ""incomplete"": false}, {""label"": ""response_deadline"", ""date"": ""2026-02-28"", ""incomplete"": false}]","[{""label"": ""amount_claimed"", ""value"": 6082.25}]",[],DOC-0126_invoice_dispute_letter.pdf,pdf,multipage,reviewer_03,2026-04-01T16:58:05,2026-05-23T16:58:05
127,SYN-26-00127,Late payment for delivered IT hardware,Tamsinworth Retail SA,Aldenmere Systems SRL,Commercial dispute,Brussels Enterprise Court,Invoice dispute letter,Closed,Complete,0.948,Approved,"[{""label"": ""incident_date"", ""date"": ""2025-12-10"", ""incomplete"": false}, {""label"": ""notice_date"", ""date"": ""2026-01-06"", ""incomplete"": false}, {""label"": ""response_deadline"", ""date"": ""2026-01-21"", ""incomplete"": false}]","[{""label"": ""amount_claimed"", ""value"": 20792.8}, {""label"": ""late_interest"", ""value"": 1103.71}]",[],DOC-0127_invoice_dispute_letter.docx,docx,clean,reviewer_04,2026-04-01T18:19:11,2026-05-06T18:19:11
128,SYN-26-00128,Breach of the software maintenance service agreement,Harbourline Studios BV,Norvale Foods SA,Contract dispute,Namur Court of First Instance,Court summons,Open,Missing Information,0.664,Approved with corrections,"[{""label"": ""incident_date"", ""date"": ""2025-12-11"", ""incomplete"": false}, {""label"": ""notice_date"", ""date"": ""2026-02-07"", ""incomplete"": false}, {""label"": ""response_deadline"", ""date"": ""2026-02-28"", ""incomplete"": false}]","[{""label"": ""amount_claimed"", ""value"": 10709}]",[],DOC-0128_court_summons.pdf,pdf,degraded,reviewer_03,2026-04-02T08:37:41,2026-04-02T09:16:41
129,SYN-26-00129,Contested dismissal of an employee,Sanne Talmont,Norvale Foods SA,Employment matter,Ghent Labour Court,Formal notice,Closed,Complete,0.942,Approved,"[{""label"": ""incident_date"", ""date"": ""2025-11-08"", ""incomplete"": false}, {""label"": ""notice_date"", ""date"": ""2026-01-03"", ""incomplete"": false}, {""label"": ""response_deadline"", ""date"": ""2026-02-02"", ""incomplete"": false}]","[{""label"": ""amount_claimed"", ""value"": 4597.4}, {""label"": ""late_interest"", ""value"": 240.24}]",[],DOC-0129_formal_notice.docx,docx,clean,reviewer_02,2026-04-02T13:25:43,2026-06-09T13:25:43
130,SYN-26-00130,Breach of the facility management service agreement,Oakhaven Foods SA,Oakhaven Retail SRL,Contract dispute,Namur Court of First Instance,Formal notice,Closed,Missing Information,0.898,Approved,"[{""label"": ""incident_date"", ""date"": ""2026-04-20"", ""incomplete"": false}, {""label"": ""notice_date"", ""date"": ""2026-05-02"", ""incomplete"": false}, {""label"": ""response_deadline"", ""date"": null, ""incomplete"": true}]","[{""label"": ""late_interest"", ""value"": 1293.52}, {""label"": ""contractual_penalty"", ""value"": 2755.7}]","[""amounts""]",DOC-0130_formal_notice.docx,docx,missing_fields,reviewer_03,2026-04-03T12:37:13,2026-05-26T12:37:13
131,SYN-26-00131,Contested dismissal of an employee,Ruben Dufrasne,Harbourline Construction SRL,Employment matter,Brussels Labour Court,Formal notice,Closed,Complete,0.856,Approved,"[{""label"": ""incident_date"", ""date"": ""2026-04-13"", ""incomplete"": false}, {""label"": ""notice_date"", ""date"": ""2026-06-10"", ""incomplete"": false}, {""label"": ""response_deadline"", ""date"": ""2026-07-01"", ""incomplete"": false}, {""label"": ""hearing_date"", ""date"": ""2026-09-13"", ""incomplete"": false}]","[{""label"": ""amount_claimed"", ""value"": 19434.4}]",[],DOC-0131_formal_notice.pdf,pdf,clean,reviewer_03,2026-04-03T13:46:36,2026-05-14T13:46:36
132,SYN-26-00132,Unpaid overtime claim,Lotte Wyndael,Veldon Construction BV,Employment matter,Liege Labour Court,Formal notice,Closed,Complete,0.938,Approved,"[{""label"": ""incident_date"", ""date"": ""2025-09-20"", ""incomplete"": false}, {""label"": ""notice_date"", ""date"": ""2025-11-07"", ""incomplete"": false}, {""label"": ""response_deadline"", ""date"": ""2025-12-07"", ""incomplete"": false}, {""label"": ""hearing_date"", ""date"": ""2026-01-10"", ""incomplete"": false}]","[{""label"": ""amount_claimed"", ""value"": 36108}]",[],DOC-0132_formal_notice.pdf,pdf,multipage,reviewer_01,2026-04-03T15:29:09,2026-06-10T15:29:09
133,SYN-26-00133,Unpaid invoices for IT hardware,Oakhaven Retail SA,Castellan Foods NV,Commercial dispute,Brussels Enterprise Court,Invoice dispute letter,Closed,Missing Information,0.948,Approved,"[{""label"": ""incident_date"", ""date"": ""2025-09-08"", ""incomplete"": false}, {""label"": ""notice_date"", ""date"": ""2025-10-30"", ""incomplete"": false}, {""label"": ""response_deadline"", ""date"": ""2025-11-14"", ""incomplete"": false}]","[{""label"": ""late_interest"", ""value"": 1622.8}]","[""amounts""]",DOC-0133_invoice_dispute_letter.docx,docx,missing_fields,reviewer_04,2026-04-06T10:39:52,2026-05-19T10:39:52
134,SYN-26-00134,Breach of the software maintenance service agreement,Orrinford Packaging SRL,Thornlea Packaging SRL,Contract dispute,Antwerp Enterprise Court,Court summons,Open,Complete,0.937,Approved,"[{""label"": ""incident_date"", ""date"": ""2025-12-13"", ""incomplete"": false}, {""label"": ""notice_date"", ""date"": ""2026-01-18"", ""incomplete"": false}, {""label"": ""response_deadline"", ""date"": ""2026-02-17"", ""incomplete"": false}]","[{""label"": ""amount_claimed"", ""value"": 52362}, {""label"": ""contractual_penalty"", ""value"": 5236.2}]",[],DOC-0134_court_summons.pdf,pdf,clean,reviewer_01,2026-04-06T16:25:44,2026-04-06T16:25:44
135,SYN-26-00135,Unpaid invoices for cardboard packaging,Aldenmere Systems SRL,Redcliff Catering SRL,Commercial dispute,Leuven Justice of the Peace,Invoice dispute letter,Open,Complete,0.948,Approved,"[{""label"": ""incident_date"", ""date"": ""2026-01-11"", ""incomplete"": false}, {""label"": ""notice_date"", ""date"": ""2026-02-17"", ""incomplete"": false}, {""label"": ""response_deadline"", ""date"": ""2026-03-04"", ""incomplete"": false}, {""label"": ""hearing_date"", ""date"": ""2026-04-24"", ""incomplete"": false}]","[{""label"": ""amount_claimed"", ""value"": 38626.8}]",[],DOC-0135_invoice_dispute_letter.pdf,pdf,multipage,reviewer_01,2026-04-07T08:47:05,2026-04-07T09:25:05
136,SYN-26-00136,Late payment for delivered IT hardware,Duskwater Catering NV,Pellbrook Digital SA,Commercial dispute,Antwerp Enterprise Court,Invoice dispute letter,Closed,Missing Information,0.84,Approved with corrections,"[{""label"": ""incident_date"", ""date"": ""2025-12-18"", ""incomplete"": false}, {""label"": ""notice_date"", ""date"": ""2026-01-06"", ""incomplete"": false}, {""label"": ""response_deadline"", ""date"": ""2026-02-05"", ""incomplete"": false}]","[{""label"": ""amount_claimed"", ""value"": 15273.25}]",[],DOC-0136_invoice_dispute_letter.pdf,pdf,degraded,reviewer_02,2026-04-07T10:07:59,2026-05-04T10:07:59
137,SYN-26-00137,Unpaid invoices for IT hardware,Silverbirch Systems BV,Greywood Foods NV,Commercial dispute,Ghent Enterprise Court,Formal notice,Closed,Complete,0.948,Approved,"[{""label"": ""incident_date"", ""date"": ""2026-04-22"", ""incomplete"": false}, {""label"": ""notice_date"", ""date"": ""2026-05-17"", ""incomplete"": false}, {""label"": ""response_deadline"", ""date"": ""2026-06-07"", ""incomplete"": false}, {""label"": ""hearing_date"", ""date"": ""2026-09-01"", ""incomplete"": false}]","[{""label"": ""amount_claimed"", ""value"": 16768}, {""label"": ""late_interest"", ""value"": 628.59}]",[],DOC-0137_formal_notice.docx,docx,clean,reviewer_02,2026-04-07T10:25:01,2026-05-14T10:25:01
138,SYN-26-00138,Contested dismissal of an employee,Mila Pellegrand,Merriton Print SA,Employment matter,Brussels Labour Court,Employment termination letter,Open,Complete,0.942,Approved,"[{""label"": ""incident_date"", ""date"": ""2026-02-28"", ""incomplete"": false}, {""label"": ""notice_date"", ""date"": ""2026-04-25"", ""incomplete"": false}, {""label"": ""response_deadline"", ""date"": ""2026-05-25"", ""incomplete"": false}, {""label"": ""hearing_date"", ""date"": ""2026-08-22"", ""incomplete"": false}]","[{""label"": ""amount_claimed"", ""value"": 12522}, {""label"": ""late_interest"", ""value"": 621.78}]",[],DOC-0138_employment_termination_letter.pdf,pdf,clean,reviewer_04,2026-04-07T11:24:24,2026-04-07T11:34:24
139,SYN-26-00139,Late payment for delivered cardboard packaging,Castellan Construction BV,Brightwater Print SA,Commercial dispute,Antwerp Enterprise Court,Invoice dispute letter,Closed,Complete,0.948,Approved,"[{""label"": ""incident_date"", ""date"": ""2025-11-04"", ""incomplete"": false}, {""label"": ""notice_date"", ""date"": ""2025-11-28"", ""incomplete"": false}, {""label"": ""response_deadline"", ""date"": ""2025-12-13"", ""incomplete"": false}, {""label"": ""hearing_date"", ""date"": ""2026-01-15"", ""incomplete"": false}]","[{""label"": ""amount_claimed"", ""value"": 43868}]",[],DOC-0139_invoice_dispute_letter.docx,docx,clean,reviewer_03,2026-04-07T16:15:12,2026-06-12T16:15:12
140,SYN-26-00140,Contested dismissal of an employee,Amir Kellwyn,Aldenmere Catering NV,Employment matter,Brussels Labour Court,Employment termination letter,Open,Complete,0.942,Approved,"[{""label"": ""incident_date"", ""date"": ""2025-11-02"", ""incomplete"": false}, {""label"": ""notice_date"", ""date"": ""2025-12-01"", ""incomplete"": false}, {""label"": ""response_deadline"", ""date"": ""2025-12-22"", ""incomplete"": false}, {""label"": ""hearing_date"", ""date"": ""2026-02-08"", ""incomplete"": false}]","[{""label"": ""amount_claimed"", ""value"": 12899}, {""label"": ""late_interest"", ""value"": 869.15}]",[],DOC-0140_employment_termination_letter.png,png,clean,reviewer_02,2026-04-08T15:14:29,2026-04-08T15:59:29
141,SYN-26-00141,Contested municipal fine,Calloway Vale Retail NV,Municipality of Westrook,Administrative matter,Namur Court of First Instance,Formal notice,Closed,Complete,0.948,Approved,"[{""label"": ""incident_date"", ""date"": ""2025-10-04"", ""incomplete"": false}, {""label"": ""notice_date"", ""date"": ""2025-11-10"", ""incomplete"": false}, {""label"": ""response_deadline"", ""date"": ""2025-11-25"", ""incomplete"": false}]","[{""label"": ""amount_claimed"", ""value"": 12166}]",[],DOC-0141_formal_notice.docx,docx,clean,reviewer_03,2026-04-09T09:41:21,2026-05-13T09:41:21
142,SYN-26-00142,Request for a copy of a mediation record,Victor Talmont,Dario Halvorn,Other,Brussels Court of First Instance,Formal notice,Open,Complete,0.887,Approved,"[{""label"": ""incident_date"", ""date"": ""2026-04-10"", ""incomplete"": false}, {""label"": ""notice_date"", ""date"": ""2026-05-18"", ""incomplete"": false}, {""label"": ""response_deadline"", ""date"": ""2026-06-08"", ""incomplete"": false}]","[{""label"": ""amount_claimed"", ""value"": 451}]",[],DOC-0142_formal_notice.docx,docx,clean,reviewer_02,2026-04-09T11:32:24,2026-04-09T11:38:24
143,SYN-26-00143,Request for a copy of a mediation record,Joris Moreau-Lint,Mila Vissenaeken,Other,Leuven Justice of the Peace,Formal notice,Open,Complete,0.887,Approved,"[{""label"": ""incident_date"", ""date"": ""2025-12-24"", ""incomplete"": false}, {""label"": ""notice_date"", ""date"": ""2026-01-08"", ""incomplete"": false}, {""label"": ""response_deadline"", ""date"": ""2026-02-07"", ""incomplete"": false}]","[{""label"": ""amount_claimed"", ""value"": 811}]",[],DOC-0143_formal_notice.pdf,pdf,clean,reviewer_02,2026-04-10T15:55:02,2026-04-10T16:24:02
144,SYN-26-00144,Disputed delivery of printed brochures,Ambermoor Mobility SRL,Merriton Logistics SA,Commercial dispute,Brussels Enterprise Court,Invoice dispute letter,Open,Complete,0.948,Approved,"[{""label"": ""incident_date"", ""date"": ""2026-03-25"", ""incomplete"": false}, {""label"": ""notice_date"", ""date"": ""2026-05-04"", ""incomplete"": false}, {""label"": ""response_deadline"", ""date"": ""2026-06-03"", ""incomplete"": false}]","[{""label"": ""amount_claimed"", ""value"": 25585.25}, {""label"": ""late_interest"", ""value"": 626.19}]",[],DOC-0144_invoice_dispute_letter.pdf,pdf,clean,reviewer_03,2026-04-13T12:49:54,2026-04-13T12:49:54
145,SYN-26-00145,Shareholder dispute over a share transfer,Norvale Interiors SRL,Mila Halvorn,Corporate matter,Ghent Enterprise Court,Court summons,Open,Complete,0.948,Approved,"[{""label"": ""incident_date"", ""date"": ""2025-10-02"", ""incomplete"": false}, {""label"": ""notice_date"", ""date"": ""2025-11-29"", ""incomplete"": false}, {""label"": ""response_deadline"", ""date"": ""2025-12-20"", ""incomplete"": false}, {""label"": ""hearing_date"", ""date"": ""2026-02-14"", ""incomplete"": false}]","[{""label"": ""amount_claimed"", ""value"": 38287}, {""label"": ""late_interest"", ""value"": 1606.25}]",[],DOC-0145_court_summons.docx,docx,clean,reviewer_04,2026-04-14T10:20:55,2026-04-14T11:48:55
146,SYN-26-00146,Contested municipal fine,Brookhollow Facilities SA,Municipality of Orrinford,Administrative matter,Namur Court of First Instance,Administrative decision,Closed,Missing Information,0.672,Approved with corrections,"[{""label"": ""incident_date"", ""date"": ""2026-03-11"", ""incomplete"": false}, {""label"": ""notice_date"", ""date"": ""2026-04-24"", ""incomplete"": false}, {""label"": ""response_deadline"", ""date"": ""2026-05-24"", ""incomplete"": false}]","[{""label"": ""amount_claimed"", ""value"": 4536}, {""label"": ""late_interest"", ""value"": 359.86}]",[],DOC-0146_administrative_decision.pdf,pdf,degraded,reviewer_04,2026-04-14T11:18:55,2026-05-18T11:18:55
147,SYN-26-00147,Contested dismissal of an employee,Lotte Stroobaert,Greywood Construction BV,Employment matter,Brussels Labour Court,Employment termination letter,Closed,Complete,0.942,Approved,"[{""label"": ""incident_date"", ""date"": ""2026-03-17"", ""incomplete"": false}, {""label"": ""notice_date"", ""date"": ""2026-04-29"", ""incomplete"": false}, {""label"": ""response_deadline"", ""date"": ""2026-05-14"", ""incomplete"": false}]","[{""label"": ""amount_claimed"", ""value"": 18264.4}, {""label"": ""late_interest"", ""value"": 500.38}]",[],DOC-0147_employment_termination_letter.pdf,pdf,clean,reviewer_02,2026-04-14T12:27:35,2026-05-04T12:27:35
148,SYN-26-00148,Late payment for delivered catering supplies,Duskwater Studios BV,Harbourline Studios SRL,Commercial dispute,Ghent Enterprise Court,Invoice dispute letter,Closed,Complete,0.948,Approved,"[{""label"": ""incident_date"", ""date"": ""2025-10-29"", ""incomplete"": false}, {""label"": ""notice_date"", ""date"": ""2025-11-25"", ""incomplete"": false}, {""label"": ""response_deadline"", ""date"": ""2025-12-10"", ""incomplete"": false}, {""label"": ""hearing_date"", ""date"": ""2026-02-05"", ""incomplete"": false}]","[{""label"": ""amount_claimed"", ""value"": 51686.5}]",[],DOC-0148_invoice_dispute_letter.docx,docx,clean,reviewer_03,2026-04-15T14:03:48,2026-05-22T14:03:48
149,SYN-26-00149,Late payment for delivered catering supplies,Harbourline Foods SA,Norvale Consulting SRL,Commercial dispute,Antwerp Enterprise Court,Formal notice,Open,Complete,0.948,Approved,"[{""label"": ""incident_date"", ""date"": ""2025-09-22"", ""incomplete"": false}, {""label"": ""notice_date"", ""date"": ""2025-10-18"", ""incomplete"": false}, {""label"": ""response_deadline"", ""date"": ""2025-11-08"", ""incomplete"": false}, {""label"": ""hearing_date"", ""date"": ""2026-02-02"", ""incomplete"": false}]","[{""label"": ""amount_claimed"", ""value"": 19494.5}]",[],DOC-0149_formal_notice.jpg,jpg,clean,reviewer_02,2026-04-15T14:35:11,2026-04-15T14:41:11
150,SYN-26-00150,Early termination of the facility management contract,Castellan Digital BV,Orrinford Print NV,Contract dispute,Brussels Court of First Instance,Court summons,Open,Complete,0.948,Approved,"[{""label"": ""incident_date"", ""date"": ""2025-12-25"", ""incomplete"": false}, {""label"": ""notice_date"", ""date"": ""2026-01-21"", ""incomplete"": false}, {""label"": ""response_deadline"", ""date"": ""2026-02-05"", ""incomplete"": false}]","[{""label"": ""amount_claimed"", ""value"": 50159}, {""label"": ""late_interest"", ""value"": 2465.55}]",[],DOC-0150_court_summons.docx,docx,clean,reviewer_02,2026-04-15T17:35:40,2026-04-15T17:35:40
151,SYN-26-00151,Appeal against a permit refusal,Orrinford Packaging NV,Regional Environment Agency (fictional),Administrative matter,Namur Court of First Instance,Administrative decision,Open,Complete,0.942,Approved,"[{""label"": ""incident_date"", ""date"": ""2025-09-20"", ""incomplete"": false}, {""label"": ""notice_date"", ""date"": ""2025-11-03"", ""incomplete"": false}, {""label"": ""response_deadline"", ""date"": ""2025-11-24"", ""incomplete"": false}]","[{""label"": ""amount_claimed"", ""value"": 11266}]",[],DOC-0151_administrative_decision.jpg,jpg,clean,reviewer_02,2026-04-16T09:42:22,2026-04-16T09:42:22
152,SYN-26-00152,Early termination of the marketing contract,Pellbrook Retail SA,Merriton Construction SRL,Contract dispute,Brussels Court of First Instance,Court summons,Open,Complete,0.948,Approved,"[{""label"": ""incident_date"", ""date"": ""2026-02-03"", ""incomplete"": false}, {""label"": ""notice_date"", ""date"": ""2026-03-29"", ""incomplete"": false}, {""label"": ""response_deadline"", ""date"": ""2026-04-19"", ""incomplete"": false}]","[{""label"": ""amount_claimed"", ""value"": 26562}, {""label"": ""contractual_penalty"", ""value"": 2656.2}]",[],DOC-0152_court_summons.pdf,pdf,clean,reviewer_01,2026-04-16T09:53:25,2026-04-16T10:44:25
153,SYN-26-00153,Notice period dispute,Ines Wyndael,Castellan Construction NV,Employment matter,Ghent Labour Court,Formal notice,Awaiting information,Missing Information,0.757,Approved,"[{""label"": ""incident_date"", ""date"": ""2025-10-22"", ""incomplete"": false}, {""label"": ""notice_date"", ""date"": ""2025-11-13"", ""incomplete"": false}, {""label"": ""response_deadline"", ""date"": null, ""incomplete"": true}]",,"[""amounts""]",DOC-0153_formal_notice.pdf,pdf,missing_fields,reviewer_03,2026-04-21T17:42:09,2026-04-21T17:42:09
154,SYN-26-00154,Request for a copy of a mediation record,Dario Pellegrand,Femke Kellwyn,Other,Brussels Court of First Instance,Formal notice,Closed,Complete,0.887,Approved,"[{""label"": ""incident_date"", ""date"": ""2026-03-22"", ""incomplete"": false}, {""label"": ""notice_date"", ""date"": ""2026-04-29"", ""incomplete"": false}, {""label"": ""response_deadline"", ""date"": ""2026-05-14"", ""incomplete"": false}]","[{""label"": ""amount_claimed"", ""value"": 263}]",[],DOC-0154_formal_notice.pdf,pdf,multipage,reviewer_04,2026-04-23T08:50:06,2026-05-19T08:50:06
155,SYN-26-00155,Non-performance under the software maintenance agreement,Greywood Interiors NV,Harbourline Retail SA,Contract dispute,Antwerp Enterprise Court,Court summons,Open,Complete,0.861,Approved,"[{""label"": ""incident_date"", ""date"": ""2026-03-19"", ""incomplete"": false}, {""label"": ""notice_date"", ""date"": ""2026-04-04"", ""incomplete"": false}, {""label"": ""response_deadline"", ""date"": ""2026-04-19"", ""incomplete"": false}, {""label"": ""hearing_date"", ""date"": ""2026-07-01"", ""incomplete"": false}]","[{""label"": ""amount_claimed"", ""value"": 90342}, {""label"": ""late_interest"", ""value"": 7133.01}]",[],DOC-0155_court_summons.docx,docx,clean,reviewer_01,2026-04-23T17:25:17,2026-04-23T17:25:17
156,SYN-26-00156,Non-performance under the software maintenance agreement,Quillfield Logistics NV,Calloway Vale Logistics SA,Contract dispute,,Court summons,Closed,Missing Information,0.842,Approved,"[{""label"": ""incident_date"", ""date"": ""2025-09-30"", ""incomplete"": false}, {""label"": ""notice_date"", ""date"": ""2025-11-09"", ""incomplete"": false}, {""label"": ""response_deadline"", ""date"": ""2025-12-09"", ""incomplete"": false}, {""label"": ""hearing_date"", ""date"": ""2026-02-03"", ""incomplete"": false}]","[{""label"": ""amount_claimed"", ""value"": 40335}, {""label"": ""contractual_penalty"", ""value"": 4033.5}]","[""jurisdiction""]",DOC-0156_court_summons.docx,docx,missing_fields,reviewer_03,2026-04-23T17:57:46,2026-06-20T17:57:46
157,SYN-26-00157,Notice period dispute,Clara Vissenaeken,Greywood Packaging NV,Employment matter,Liege Labour Court,Formal notice,Open,Complete,0.848,Approved,"[{""label"": ""incident_date"", ""date"": ""2025-10-12"", ""incomplete"": false}, {""label"": ""notice_date"", ""date"": ""2025-11-14"", ""incomplete"": false}, {""label"": ""response_deadline"", ""date"": ""2025-12-14"", ""incomplete"": false}]","[{""label"": ""amount_claimed"", ""value"": 24161}, {""label"": ""late_interest"", ""value"": 1188.4}]",[],DOC-0157_formal_notice.png,png,clean,reviewer_01,2026-04-23T18:00:14,2026-04-23T18:00:14
158,SYN-26-00158,Unpaid invoices for cardboard packaging,Tamsinworth Print NV,Fernhill Print NV,Commercial dispute,Brussels Enterprise Court,Formal notice,Closed,Complete,0.84,Approved with corrections,"[{""label"": ""incident_date"", ""date"": ""2026-04-18"", ""incomplete"": false}, {""label"": ""notice_date"", ""date"": ""2026-05-30"", ""incomplete"": false}, {""label"": ""response_deadline"", ""date"": ""2026-06-14"", ""incomplete"": false}]","[{""label"": ""amount_claimed"", ""value"": 57315.25}]",[],DOC-0158_formal_notice.pdf,pdf,degraded,reviewer_01,2026-04-24T08:36:36,2026-06-06T08:36:36
159,SYN-26-00159,Late payment for delivered catering supplies,Harbourline Interiors SRL,Wexmoor Packaging BV,Commercial dispute,Council of State,Formal notice,Open,Needs Review,0.9,Approved with corrections,"[{""label"": ""incident_date"", ""date"": ""2026-01-29"", ""incomplete"": false}, {""label"": ""notice_date"", ""date"": ""2026-03-20"", ""incomplete"": false}, {""label"": ""response_deadline"", ""date"": ""2026-04-04"", ""incomplete"": false}]","[{""label"": ""amount_claimed"", ""value"": 19378}]",[],DOC-0159_formal_notice.pdf,pdf,contradictory,reviewer_02,2026-04-24T14:59:52,2026-04-24T15:44:52
160,SYN-26-00160,Contested dismissal of an employee,Oona Wyndael,Veldon Catering NV,Employment matter,Ghent Labour Court,Employment termination letter,Open,Complete,0.942,Approved,"[{""label"": ""incident_date"", ""date"": ""2026-02-09"", ""incomplete"": false}, {""label"": ""notice_date"", ""date"": ""2026-04-02"", ""incomplete"": false}, {""label"": ""response_deadline"", ""date"": ""2026-05-02"", ""incomplete"": false}, {""label"": ""hearing_date"", ""date"": ""2026-06-30"", ""incomplete"": false}]","[{""label"": ""amount_claimed"", ""value"": 32082.4}, {""label"": ""late_interest"", ""value"": 1306.67}]",[],DOC-0160_employment_termination_letter.pdf,pdf,clean,reviewer_01,2026-04-24T17:59:40,2026-04-24T19:11:40
161,SYN-26-00161,Unpaid invoices for cardboard packaging,Thornlea Consulting NV,Ambermoor Studios SA,Commercial dispute,Leuven Justice of the Peace,Invoice dispute letter,Closed,Complete,0.948,Approved,"[{""label"": ""incident_date"", ""date"": ""2025-09-22"", ""incomplete"": false}, {""label"": ""notice_date"", ""date"": ""2025-10-03"", ""incomplete"": false}, {""label"": ""response_deadline"", ""date"": ""2025-11-02"", ""incomplete"": false}, {""label"": ""hearing_date"", ""date"": ""2026-01-24"", ""incomplete"": false}]","[{""label"": ""amount_claimed"", ""value"": 8779.5}, {""label"": ""late_interest"", ""value"": 558.33}]",[],DOC-0161_invoice_dispute_letter.pdf,pdf,clean,reviewer_02,2026-04-27T12:41:43,2026-06-02T12:41:43
162,SYN-26-00162,Non-performance under the software maintenance agreement,Castellan Studios BV,Merriton Studios SA,Contract dispute,Brussels Court of First Instance,Court summons,Closed,Missing Information,0.84,Approved with corrections,"[{""label"": ""incident_date"", ""date"": ""2026-04-24"", ""incomplete"": false}, {""label"": ""notice_date"", ""date"": ""2026-06-04"", ""incomplete"": false}, {""label"": ""response_deadline"", ""date"": ""2026-07-04"", ""incomplete"": false}]","[{""label"": ""amount_claimed"", ""value"": 35133}, {""label"": ""late_interest"", ""value"": 720.6}, {""label"": ""contractual_penalty"", ""value"": 3513.3}]",[],DOC-0162_court_summons.jpg,jpg,degraded,reviewer_03,2026-04-27T17:25:19,2026-06-22T17:25:19
163,SYN-26-00163,Unpaid overtime claim,Lotte Rondeaux,Quillfield Construction NV,Employment matter,Brussels Labour Court,Formal notice,Open,Complete,0.908,Approved,"[{""label"": ""incident_date"", ""date"": ""2025-09-04"", ""incomplete"": false}, {""label"": ""notice_date"", ""date"": ""2025-09-17"", ""incomplete"": false}, {""label"": ""response_deadline"", ""date"": ""2025-10-02"", ""incomplete"": false}, {""label"": ""hearing_date"", ""date"": ""2025-11-09"", ""incomplete"": false}]","[{""label"": ""amount_claimed"", ""value"": 18616.4}, {""label"": ""late_interest"", ""value"": 1202.53}]",[],DOC-0163_formal_notice.docx,docx,clean,reviewer_03,2026-04-28T08:26:00,2026-04-28T08:26:00
164,SYN-26-00164,Unpaid invoices for cardboard packaging,Norvale Systems SRL,Greywood Studios BV,Commercial dispute,Brussels Enterprise Court,Invoice dispute letter,Open,Needs Review,0.821,Approved with corrections,"[{""label"": ""incident_date"", ""date"": ""2026-04-25"", ""incomplete"": false}, {""label"": ""notice_date"", ""date"": ""2026-06-21"", ""incomplete"": false}, {""label"": ""response_deadline"", ""date"": ""2026-07-21"", ""incomplete"": false}]","[{""label"": ""amount_claimed"", ""value"": 57809.5}]",[],DOC-0164_invoice_dispute_letter.pdf,pdf,contradictory,reviewer_03,2026-04-28T14:21:54,2026-04-28T15:47:54
165,SYN-26-00165,Appeal against a zoning decision,Orrinford Logistics BV,Municipality of Westrook,Administrative matter,Namur Court of First Instance,Administrative decision,Open,Missing Information,0.672,Approved with corrections,"[{""label"": ""incident_date"", ""date"": ""2026-01-24"", ""incomplete"": false}, {""label"": ""notice_date"", ""date"": ""2026-02-28"", ""incomplete"": false}, {""label"": ""response_deadline"", ""date"": ""2026-03-30"", ""incomplete"": false}]","[{""label"": ""amount_claimed"", ""value"": 4449}, {""label"": ""late_interest"", ""value"": 322.14}]",[],DOC-0165_administrative_decision.jpg,jpg,degraded,reviewer_02,2026-04-29T14:09:13,2026-04-29T14:14:13
166,SYN-26-00166,Challenge to a capital increase,Oakhaven Print SA,Jonas Dufrasne,Corporate matter,Brussels Enterprise Court,Shareholder letter,Open,Complete,0.948,Approved,"[{""label"": ""incident_date"", ""date"": ""2025-09-21"", ""incomplete"": false}, {""label"": ""notice_date"", ""date"": ""2025-11-11"", ""incomplete"": false}, {""label"": ""response_deadline"", ""date"": ""2025-12-02"", ""incomplete"": false}]","[{""label"": ""amount_claimed"", ""value"": 24309}]",[],DOC-0166_shareholder_letter.docx,docx,clean,reviewer_02,2026-04-29T15:05:11,2026-04-29T15:37:11
167,SYN-26-00167,Breach of the software maintenance service agreement,Redcliff Packaging SRL,Silverbirch Studios SRL,Contract dispute,Antwerp Enterprise Court,Formal notice,Closed,Complete,0.941,Approved,"[{""label"": ""incident_date"", ""date"": ""2025-11-27"", ""incomplete"": false}, {""label"": ""notice_date"", ""date"": ""2026-01-02"", ""incomplete"": false}, {""label"": ""response_deadline"", ""date"": ""2026-01-17"", ""incomplete"": false}, {""label"": ""hearing_date"", ""date"": ""2026-04-01"", ""incomplete"": false}]","[{""label"": ""amount_claimed"", ""value"": 66861}, {""label"": ""late_interest"", ""value"": 4259.57}]",[],DOC-0167_formal_notice.docx,docx,clean,reviewer_01,2026-04-30T08:24:12,2026-06-19T08:24:12
168,SYN-26-00168,Request for a copy of a mediation record,Clara Quenneville,Sanne Halvorn,Other,,Formal notice,Awaiting information,Missing Information,0.781,Approved,"[{""label"": ""incident_date"", ""date"": ""2025-10-25"", ""incomplete"": false}, {""label"": ""notice_date"", ""date"": ""2025-11-20"", ""incomplete"": false}, {""label"": ""response_deadline"", ""date"": ""2025-12-11"", ""incomplete"": false}]","[{""label"": ""amount_claimed"", ""value"": 753}]","[""jurisdiction""]",DOC-0168_formal_notice.pdf,pdf,missing_fields,reviewer_02,2026-04-30T10:27:13,2026-04-30T10:27:13
169,SYN-26-00169,Unpaid invoices for catering supplies,Greywood Foods SRL,Silverbirch Systems BV,Commercial dispute,Brussels Enterprise Court,Formal notice,Open,Complete,0.948,Approved,"[{""label"": ""incident_date"", ""date"": ""2025-11-30"", ""incomplete"": false}, {""label"": ""notice_date"", ""date"": ""2025-12-11"", ""incomplete"": false}, {""label"": ""response_deadline"", ""date"": ""2026-01-01"", ""incomplete"": false}]","[{""label"": ""amount_claimed"", ""value"": 44402.5}, {""label"": ""late_interest"", ""value"": 1100.82}]",[],DOC-0169_formal_notice.png,png,clean,reviewer_04,2026-04-30T15:07:25,2026-04-30T15:31:25
170,SYN-26-00170,Appeal against a zoning decision,Merriton Digital SRL,Regional Environment Agency (fictional),Administrative matter,Council of State,Administrative decision,Open,Complete,0.948,Approved,"[{""label"": ""incident_date"", ""date"": ""2026-03-28"", ""incomplete"": false}, {""label"": ""notice_date"", ""date"": ""2026-05-08"", ""incomplete"": false}, {""label"": ""response_deadline"", ""date"": ""2026-06-07"", ""incomplete"": false}]","[{""label"": ""amount_claimed"", ""value"": 6432}, {""label"": ""late_interest"", ""value"": 411.99}]",[],DOC-0170_administrative_decision.pdf,pdf,clean,reviewer_01,2026-05-01T10:50:50,2026-05-01T11:28:50
171,SYN-26-00171,Request for a copy of a mediation record,Maxime Vissenaeken,Lotte Halvorn,Other,Leuven Justice of the Peace,Formal notice,Closed,Complete,0.887,Approved,"[{""label"": ""incident_date"", ""date"": ""2025-10-02"", ""incomplete"": false}, {""label"": ""notice_date"", ""date"": ""2025-10-19"", ""incomplete"": false}, {""label"": ""response_deadline"", ""date"": ""2025-11-03"", ""incomplete"": false}]","[{""label"": ""amount_claimed"", ""value"": 153}]",[],DOC-0171_formal_notice.png,png,clean,reviewer_04,2026-05-01T15:32:14,2026-06-15T15:32:14
172,SYN-26-00172,Early termination of the facility management contract,Brookhollow Mobility SA,Harbourline Mobility BV,Contract dispute,Namur Court of First Instance,Court summons,Closed,Complete,0.948,Approved,"[{""label"": ""incident_date"", ""date"": ""2026-02-16"", ""incomplete"": false}, {""label"": ""notice_date"", ""date"": ""2026-03-05"", ""incomplete"": false}, {""label"": ""response_deadline"", ""date"": ""2026-03-20"", ""incomplete"": false}]","[{""label"": ""amount_claimed"", ""value"": 72729}]",[],DOC-0172_court_summons.pdf,pdf,clean,reviewer_04,2026-05-05T08:42:17,2026-06-14T08:42:17
173,SYN-26-00173,Early termination of the marketing contract,Aldenmere Foods NV,Silverbirch Interiors NV,Contract dispute,Leuven Justice of the Peace,Court summons,Open,Needs Review,0.906,Approved with corrections,"[{""label"": ""incident_date"", ""date"": ""2026-02-28"", ""incomplete"": false}, {""label"": ""notice_date"", ""date"": ""2026-04-25"", ""incomplete"": false}, {""label"": ""response_deadline"", ""date"": ""2026-05-16"", ""incomplete"": false}, {""label"": ""hearing_date"", ""date"": ""2026-07-06"", ""incomplete"": false}]","[{""label"": ""amount_claimed"", ""value"": 29661}, {""label"": ""contractual_penalty"", ""value"": 2966.1}]",[],DOC-0173_court_summons.pdf,pdf,contradictory,reviewer_03,2026-05-05T13:23:39,2026-05-05T13:23:39
174,SYN-26-00174,Appeal against a permit refusal,Oakhaven Digital NV,Municipality of Thornlea,Administrative matter,Namur Court of First Instance,Formal notice,Open,Complete,0.948,Approved,"[{""label"": ""incident_date"", ""date"": ""2025-12-08"", ""incomplete"": false}, {""label"": ""notice_date"", ""date"": ""2025-12-24"", ""incomplete"": false}, {""label"": ""response_deadline"", ""date"": ""2026-01-14"", ""incomplete"": false}]","[{""label"": ""amount_claimed"", ""value"": 4948}, {""label"": ""late_interest"", ""value"": 135.48}]",[],DOC-0174_formal_notice.docx,docx,clean,reviewer_03,2026-05-06T09:07:26,2026-05-06T09:15:26
175,SYN-26-00175,Unpaid invoices for office furniture,Redcliff Construction BV,Redcliff Construction SA,Commercial dispute,Leuven Justice of the Peace,Invoice dispute letter,Open,Complete,0.918,Approved,"[{""label"": ""incident_date"", ""date"": ""2026-02-04"", ""incomplete"": false}, {""label"": ""notice_date"", ""date"": ""2026-04-03"", ""incomplete"": false}, {""label"": ""response_deadline"", ""date"": ""2026-04-18"", ""incomplete"": false}]","[{""label"": ""amount_claimed"", ""value"": 10634}]",[],DOC-0175_invoice_dispute_letter.pdf,pdf,clean,reviewer_02,2026-05-06T11:41:53,2026-05-06T12:03:53
176,SYN-26-00176,Unpaid invoices for catering supplies,Calloway Vale Construction NV,Veldon Logistics NV,Commercial dispute,Antwerp Enterprise Court,Formal notice,Open,Missing Information,0.811,Approved with corrections,"[{""label"": ""incident_date"", ""date"": ""2025-12-28"", ""incomplete"": false}, {""label"": ""notice_date"", ""date"": ""2026-02-05"", ""incomplete"": false}, {""label"": ""response_deadline"", ""date"": ""2026-02-20"", ""incomplete"": false}]","[{""label"": ""amount_claimed"", ""value"": 23812.5}]",[],DOC-0176_formal_notice.pdf,pdf,degraded,reviewer_04,2026-05-06T12:02:16,2026-05-06T13:17:16
177,SYN-26-00177,Disputed delivery of office furniture,Veldon Interiors NV,Calloway Vale Systems NV,Commercial dispute,Leuven Justice of the Peace,Invoice dispute letter,Open,Complete,0.948,Approved,"[{""label"": ""incident_date"", ""date"": ""2026-04-27"", ""incomplete"": false}, {""label"": ""notice_date"", ""date"": ""2026-05-08"", ""incomplete"": false}, {""label"": ""response_deadline"", ""date"": ""2026-06-07"", ""incomplete"": false}]","[{""label"": ""amount_claimed"", ""value"": 50109.5}]",[],DOC-0177_invoice_dispute_letter.docx,docx,clean,reviewer_03,2026-05-06T12:32:03,2026-05-06T12:32:03
178,SYN-26-00178,Contested dismissal of an employee,Dario Ostaven,Pellbrook Facilities SA,Employment matter,Brussels Labour Court,Formal notice,Open,Missing Information,0.782,Approved with corrections,"[{""label"": ""incident_date"", ""date"": ""2025-11-07"", ""incomplete"": false}, {""label"": ""notice_date"", ""date"": ""2025-12-23"", ""incomplete"": false}, {""label"": ""response_deadline"", ""date"": ""2026-01-07"", ""incomplete"": false}]","[{""label"": ""amount_claimed"", ""value"": 20581}, {""label"": ""late_interest"", ""value"": 1030.8}]",[],DOC-0178_formal_notice.jpg,jpg,degraded,reviewer_04,2026-05-07T12:47:05,2026-05-07T12:47:05
179,SYN-26-00179,Breach of the facility management service agreement,Aldenmere Foods SA,Silverbirch Interiors NV,Contract dispute,Antwerp Enterprise Court,Formal notice,Open,Complete,0.948,Approved,"[{""label"": ""incident_date"", ""date"": ""2026-02-10"", ""incomplete"": false}, {""label"": ""notice_date"", ""date"": ""2026-03-27"", ""incomplete"": false}, {""label"": ""response_deadline"", ""date"": ""2026-04-17"", ""incomplete"": false}, {""label"": ""hearing_date"", ""date"": ""2026-05-21"", ""incomplete"": false}]","[{""label"": ""amount_claimed"", ""value"": 4802}, {""label"": ""late_interest"", ""value"": 349.02}, {""label"": ""contractual_penalty"", ""value"": 480.2}]",[],DOC-0179_formal_notice.docx,docx,clean,reviewer_01,2026-05-07T17:00:16,2026-05-07T17:47:16
180,SYN-26-00180,Late payment for delivered printed brochures,Quillfield Digital BV,Tamsinworth Foods BV,Commercial dispute,Antwerp Enterprise Court,Formal notice,Closed,Complete,0.948,Approved,"[{""label"": ""incident_date"", ""date"": ""2025-12-07"", ""incomplete"": false}, {""label"": ""notice_date"", ""date"": ""2026-01-12"", ""incomplete"": false}, {""label"": ""response_deadline"", ""date"": ""2026-02-02"", ""incomplete"": false}, {""label"": ""hearing_date"", ""date"": ""2026-03-21"", ""incomplete"": false}]","[{""label"": ""amount_claimed"", ""value"": 11396.25}, {""label"": ""late_interest"", ""value"": 520.12}]",[],DOC-0180_formal_notice.pdf,pdf,clean,reviewer_04,2026-05-08T13:11:09,2026-06-16T13:11:09
181,SYN-26-00181,Unpaid overtime claim,Sanne Halvorn,Brightwater Print NV,Employment matter,Ghent Labour Court,Formal notice,Closed,Complete,0.851,Approved,"[{""label"": ""incident_date"", ""date"": ""2025-09-14"", ""incomplete"": false}, {""label"": ""notice_date"", ""date"": ""2025-10-19"", ""incomplete"": false}, {""label"": ""response_deadline"", ""date"": ""2025-11-03"", ""incomplete"": false}]","[{""label"": ""amount_claimed"", ""value"": 35255.4}, {""label"": ""late_interest"", ""value"": 2530.38}]",[],DOC-0181_formal_notice.pdf,pdf,clean,reviewer_04,2026-05-11T09:34:38,2026-06-04T09:34:38
182,SYN-26-00182,Unpaid invoices for cardboard packaging,Silverbirch Mobility SA,Veldon Print SRL,Commercial dispute,Ghent Enterprise Court,Invoice dispute letter,Open,Complete,0.918,Approved,"[{""label"": ""incident_date"", ""date"": ""2026-02-11"", ""incomplete"": false}, {""label"": ""notice_date"", ""date"": ""2026-03-20"", ""incomplete"": false}, {""label"": ""response_deadline"", ""date"": ""2026-04-10"", ""incomplete"": false}, {""label"": ""hearing_date"", ""date"": ""2026-06-23"", ""incomplete"": false}]","[{""label"": ""amount_claimed"", ""value"": 51506.8}, {""label"": ""late_interest"", ""value"": 2330.11}]",[],DOC-0182_invoice_dispute_letter.docx,docx,clean,reviewer_02,2026-05-11T10:09:23,2026-05-11T10:09:23
183,SYN-26-00183,Request for a copy of a mediation record,Bram Vandermolen,Clara Talmont,Other,Leuven Justice of the Peace,Formal notice,Open,Needs Review,0.729,Approved with corrections,"[{""label"": ""incident_date"", ""date"": ""2026-01-10"", ""incomplete"": false}, {""label"": ""notice_date"", ""date"": ""2026-02-01"", ""incomplete"": false}, {""label"": ""response_deadline"", ""date"": ""2026-03-03"", ""incomplete"": false}]","[{""label"": ""amount_claimed"", ""value"": 730}]",[],DOC-0183_formal_notice.jpg,jpg,degraded,reviewer_01,2026-05-11T17:44:08,2026-05-11T17:44:08
184,SYN-26-00184,Appeal against a permit refusal,Pellbrook Mobility BV,Municipality of Westrook,Administrative matter,Council of State,Formal notice,Open,Missing Information,0.803,Approved with corrections,"[{""label"": ""incident_date"", ""date"": ""2026-04-12"", ""incomplete"": false}, {""label"": ""notice_date"", ""date"": ""2026-06-07"", ""incomplete"": false}, {""label"": ""response_deadline"", ""date"": ""2026-06-22"", ""incomplete"": false}]","[{""label"": ""amount_claimed"", ""value"": 8129}, {""label"": ""late_interest"", ""value"": 414.41}]",[],DOC-0184_formal_notice.pdf,pdf,degraded,reviewer_04,2026-05-12T16:41:12,2026-05-12T16:41:12
185,SYN-26-00185,Notice period dispute,Maxime Halvorn,Harbourline Consulting SA,Employment matter,Liege Labour Court,Formal notice,Open,Complete,0.912,Approved,"[{""label"": ""incident_date"", ""date"": ""2025-12-28"", ""incomplete"": false}, {""label"": ""notice_date"", ""date"": ""2026-01-07"", ""incomplete"": false}, {""label"": ""response_deadline"", ""date"": ""2026-01-28"", ""incomplete"": false}, {""label"": ""hearing_date"", ""date"": ""2026-04-10"", ""incomplete"": false}]","[{""label"": ""amount_claimed"", ""value"": 14141}]",[],DOC-0185_formal_notice.docx,docx,clean,reviewer_04,2026-05-12T16:43:20,2026-05-12T16:56:20
186,SYN-26-00186,Contested dismissal of an employee,Tomas Stroobaert,Kestrelpoint Systems NV,Employment matter,Liege Labour Court,Employment termination letter,Open,Missing Information,0.703,Approved with corrections,"[{""label"": ""incident_date"", ""date"": ""2025-10-30"", ""incomplete"": false}, {""label"": ""notice_date"", ""date"": ""2025-11-28"", ""incomplete"": false}, {""label"": ""response_deadline"", ""date"": ""2025-12-13"", ""incomplete"": false}]","[{""label"": ""amount_claimed"", ""value"": 8583}, {""label"": ""late_interest"", ""value"": 396.98}]",[],DOC-0186_employment_termination_letter.png,png,degraded,reviewer_01,2026-05-12T17:42:07,2026-05-12T18:23:07
187,SYN-26-00187,Contested municipal fine,Wexmoor Foods SA,Regional Environment Agency (fictional),Administrative matter,Council of State,Administrative decision,Open,Needs Review,0.887,Approved,"[{""label"": ""incident_date"", ""date"": ""2026-02-23"", ""incomplete"": false}, {""label"": ""notice_date"", ""date"": ""2026-03-09"", ""incomplete"": false}, {""label"": ""response_deadline"", ""date"": null, ""incomplete"": true}]","[{""label"": ""amount_claimed"", ""value"": 14188}, {""label"": ""late_interest"", ""value"": 359.99}]",[],DOC-0187_administrative_decision.docx,docx,missing_fields,reviewer_01,2026-05-13T14:05:11,2026-05-13T14:05:11
188,SYN-26-00188,Contested dismissal of an employee,Bram Dufrasne,Orrinford Systems SRL,Employment matter,Liege Labour Court,Employment termination letter,Open,Complete,0.942,Approved,"[{""label"": ""incident_date"", ""date"": ""2025-12-29"", ""incomplete"": false}, {""label"": ""notice_date"", ""date"": ""2026-01-28"", ""incomplete"": false}, {""label"": ""response_deadline"", ""date"": ""2026-02-27"", ""incomplete"": false}]","[{""label"": ""amount_claimed"", ""value"": 37141}]",[],DOC-0188_employment_termination_letter.pdf,pdf,clean,reviewer_04,2026-05-13T15:49:27,2026-05-13T16:41:27
189,SYN-26-00189,Request for a copy of a mediation record,Oona Kellwyn,,Other,Leuven Justice of the Peace,Formal notice,Awaiting information,Missing Information,0.706,Approved,"[{""label"": ""incident_date"", ""date"": ""2025-12-24"", ""incomplete"": false}, {""label"": ""notice_date"", ""date"": ""2026-02-21"", ""incomplete"": false}, {""label"": ""response_deadline"", ""date"": ""2026-03-23"", ""incomplete"": false}]","[{""label"": ""amount_claimed"", ""value"": 683}]","[""opposing_party""]",DOC-0189_formal_notice.pdf,pdf,missing_fields,reviewer_04,2026-05-14T09:30:16,2026-05-14T09:30:16
190,SYN-26-00190,Early termination of the software maintenance contract,Tamsinworth Studios SRL,Merriton Construction SA,Contract dispute,Brussels Court of First Instance,Court summons,Open,Complete,0.948,Approved,"[{""label"": ""incident_date"", ""date"": ""2026-02-06"", ""incomplete"": false}, {""label"": ""notice_date"", ""date"": ""2026-02-27"", ""incomplete"": false}, {""label"": ""response_deadline"", ""date"": ""2026-03-20"", ""incomplete"": false}]","[{""label"": ""amount_claimed"", ""value"": 48243}, {""label"": ""contractual_penalty"", ""value"": 4824.3}]",[],DOC-0190_court_summons.pdf,pdf,clean,reviewer_04,2026-05-14T16:48:01,2026-05-14T16:48:01
191,SYN-26-00191,Non-performance under the facility management agreement,Lindenbrook Consulting NV,Veldon Construction SRL,Contract dispute,Antwerp Enterprise Court,Formal notice,Open,Complete,0.948,Approved,"[{""label"": ""incident_date"", ""date"": ""2026-01-28"", ""incomplete"": false}, {""label"": ""notice_date"", ""date"": ""2026-03-26"", ""incomplete"": false}, {""label"": ""response_deadline"", ""date"": ""2026-04-16"", ""incomplete"": false}, {""label"": ""hearing_date"", ""date"": ""2026-05-22"", ""incomplete"": false}]","[{""label"": ""amount_claimed"", ""value"": 85883}, {""label"": ""late_interest"", ""value"": 2072.08}, {""label"": ""contractual_penalty"", ""value"": 8588.3}]",[],DOC-0191_formal_notice.pdf,pdf,clean,reviewer_01,2026-05-14T18:00:05,2026-05-14T18:33:05
192,SYN-26-00192,Notice period dispute,Yannick Dufrasne,Silverbirch Studios SA,Employment matter,Brussels Labour Court,Employment termination letter,Open,Complete,0.942,Approved,"[{""label"": ""incident_date"", ""date"": ""2025-12-28"", ""incomplete"": false}, {""label"": ""notice_date"", ""date"": ""2026-02-21"", ""incomplete"": false}, {""label"": ""response_deadline"", ""date"": ""2026-03-14"", ""incomplete"": false}, {""label"": ""hearing_date"", ""date"": ""2026-05-04"", ""incomplete"": false}]","[{""label"": ""amount_claimed"", ""value"": 9456}, {""label"": ""late_interest"", ""value"": 572.7}]",[],DOC-0192_employment_termination_letter.docx,docx,clean,reviewer_02,2026-05-15T09:28:37,2026-05-15T10:01:37
193,SYN-26-00193,Request for a copy of a mediation record,Clara Kellwyn,Bram Verbrugh,Other,Leuven Justice of the Peace,Formal notice,Closed,Missing Information,0.455,Approved with corrections,"[{""label"": ""incident_date"", ""date"": ""2026-03-26"", ""incomplete"": false}, {""label"": ""notice_date"", ""date"": ""2026-05-23"", ""incomplete"": false}, {""label"": ""response_deadline"", ""date"": ""2026-06-07"", ""incomplete"": false}]","[{""label"": ""amount_claimed"", ""value"": 517}]",[],DOC-0193_formal_notice.png,png,degraded,reviewer_01,2026-05-15T10:26:52,2026-06-07T10:26:52
194,SYN-26-00194,Contested municipal fine,Aldenmere Interiors BV,Municipality of Orrinford,Administrative matter,Namur Court of First Instance,Formal notice,Open,Complete,0.948,Approved,"[{""label"": ""incident_date"", ""date"": ""2026-01-29"", ""incomplete"": false}, {""label"": ""notice_date"", ""date"": ""2026-02-19"", ""incomplete"": false}, {""label"": ""response_deadline"", ""date"": ""2026-03-12"", ""incomplete"": false}]","[{""label"": ""amount_claimed"", ""value"": 13501}]",[],DOC-0194_formal_notice.docx,docx,clean,reviewer_02,2026-05-15T10:15:44,2026-05-15T10:15:44
195,SYN-26-00195,Non-performance under the marketing agreement,Harbourline Facilities SA,Brookhollow Studios BV,Contract dispute,Antwerp Enterprise Court,Court summons,Open,Complete,0.918,Approved,"[{""label"": ""incident_date"", ""date"": ""2026-01-31"", ""incomplete"": false}, {""label"": ""notice_date"", ""date"": ""2026-02-11"", ""incomplete"": false}, {""label"": ""response_deadline"", ""date"": ""2026-02-26"", ""incomplete"": false}]","[{""label"": ""amount_claimed"", ""value"": 26812}]",[],DOC-0195_court_summons.pdf,pdf,clean,reviewer_01,2026-05-15T12:06:52,2026-05-15T13:12:52
196,SYN-26-00196,Disputed delivery of IT hardware,Duskwater Digital SRL,Quillfield Facilities NV,Commercial dispute,Ghent Enterprise Court,Invoice dispute letter,Open,Complete,0.948,Approved,"[{""label"": ""incident_date"", ""date"": ""2025-11-03"", ""incomplete"": false}, {""label"": ""notice_date"", ""date"": ""2025-11-26"", ""incomplete"": false}, {""label"": ""response_deadline"", ""date"": ""2025-12-17"", ""incomplete"": false}, {""label"": ""hearing_date"", ""date"": ""2026-02-02"", ""incomplete"": false}]","[{""label"": ""amount_claimed"", ""value"": 10490.25}, {""label"": ""late_interest"", ""value"": 589.33}]",[],DOC-0196_invoice_dispute_letter.pdf,pdf,multipage,reviewer_02,2026-05-15T15:48:52,2026-05-15T16:41:52
197,SYN-26-00197,Contested board resolution,Castellan Foods BV,Sanne Halvorn,Corporate matter,Ghent Enterprise Court,Court summons,Open,Complete,0.948,Approved,"[{""label"": ""incident_date"", ""date"": ""2026-02-06"", ""incomplete"": false}, {""label"": ""notice_date"", ""date"": ""2026-03-22"", ""incomplete"": false}, {""label"": ""response_deadline"", ""date"": ""2026-04-06"", ""incomplete"": false}, {""label"": ""hearing_date"", ""date"": ""2026-05-23"", ""incomplete"": false}]","[{""label"": ""amount_claimed"", ""value"": 17617}, {""label"": ""late_interest"", ""value"": 431.19}]",[],DOC-0197_court_summons.docx,docx,clean,reviewer_03,2026-05-19T12:14:28,2026-05-19T13:25:28
198,SYN-26-00198,Appeal against a permit refusal,Lindenbrook Facilities NV,Municipality of Westrook,Administrative matter,Namur Court of First Instance,Administrative decision,Open,Complete,0.948,Approved,"[{""label"": ""incident_date"", ""date"": ""2025-12-16"", ""incomplete"": false}, {""label"": ""notice_date"", ""date"": ""2025-12-28"", ""incomplete"": false}, {""label"": ""response_deadline"", ""date"": ""2026-01-27"", ""incomplete"": false}]","[{""label"": ""amount_claimed"", ""value"": 13798}]",[],DOC-0198_administrative_decision.png,png,clean,reviewer_01,2026-05-19T15:43:30,2026-05-19T15:43:30
199,SYN-26-00199,Contested dismissal of an employee,Tomas Kellwyn,Kestrelpoint Studios BV,Employment matter,Brussels Labour Court,Formal notice,Open,Complete,0.942,Approved,"[{""label"": ""incident_date"", ""date"": ""2026-03-09"", ""incomplete"": false}, {""label"": ""notice_date"", ""date"": ""2026-04-01"", ""incomplete"": false}, {""label"": ""response_deadline"", ""date"": ""2026-04-22"", ""incomplete"": false}]","[{""label"": ""amount_claimed"", ""value"": 4344}]",[],DOC-0199_formal_notice.docx,docx,clean,reviewer_02,2026-05-20T11:04:13,2026-05-20T11:08:13
200,SYN-26-00200,Breach of the facility management service agreement,Aldenmere Catering SRL,Veldon Systems SRL,Contract dispute,Antwerp Enterprise Court,Court summons,Open,Complete,0.948,Approved,"[{""label"": ""incident_date"", ""date"": ""2026-01-30"", ""incomplete"": false}, {""label"": ""notice_date"", ""date"": ""2026-02-13"", ""incomplete"": false}, {""label"": ""response_deadline"", ""date"": ""2026-02-28"", ""incomplete"": false}]","[{""label"": ""amount_claimed"", ""value"": 84593}, {""label"": ""late_interest"", ""value"": 4223.82}, {""label"": ""contractual_penalty"", ""value"": 8459.3}]",[],DOC-0200_court_summons.pdf,pdf,clean,reviewer_03,2026-05-20T11:42:31,2026-05-20T11:42:31
201,SYN-26-00201,Early termination of the software maintenance contract,Greywood Digital NV,Thornlea Retail SRL,Contract dispute,Namur Court of First Instance,Court summons,Closed,Missing Information,0.822,Approved,"[{""label"": ""incident_date"", ""date"": ""2026-04-04"", ""incomplete"": false}, {""label"": ""notice_date"", ""date"": ""2026-06-01"", ""incomplete"": false}, {""label"": ""response_deadline"", ""date"": null, ""incomplete"": true}]","[{""label"": ""late_interest"", ""value"": 2226.02}]","[""amounts""]",DOC-0201_court_summons.docx,docx,missing_fields,reviewer_03,2026-05-20T11:57:04,2026-06-22T11:57:04
202,SYN-26-00202,Early termination of the software maintenance contract,Brightwater Interiors BV,Merriton Facilities NV,Contract dispute,Brussels Court of First Instance,Court summons,Open,Complete,0.948,Approved,"[{""label"": ""incident_date"", ""date"": ""2026-04-17"", ""incomplete"": false}, {""label"": ""notice_date"", ""date"": ""2026-06-08"", ""incomplete"": false}, {""label"": ""response_deadline"", ""date"": ""2026-07-08"", ""incomplete"": false}, {""label"": ""hearing_date"", ""date"": ""2026-09-22"", ""incomplete"": false}]","[{""label"": ""amount_claimed"", ""value"": 14522}, {""label"": ""late_interest"", ""value"": 458.45}, {""label"": ""contractual_penalty"", ""value"": 1452.2}]",[],DOC-0202_court_summons.docx,docx,clean,reviewer_04,2026-05-20T12:38:52,2026-05-20T12:38:52
203,SYN-26-00203,Notice period dispute,Lotte Vandermolen,Quillfield Studios SA,Employment matter,Brussels Labour Court,Formal notice,Open,Complete,0.942,Approved,"[{""label"": ""incident_date"", ""date"": ""2026-01-03"", ""incomplete"": false}, {""label"": ""notice_date"", ""date"": ""2026-02-15"", ""incomplete"": false}, {""label"": ""response_deadline"", ""date"": ""2026-03-02"", ""incomplete"": false}, {""label"": ""hearing_date"", ""date"": ""2026-05-06"", ""incomplete"": false}]","[{""label"": ""amount_claimed"", ""value"": 5545.4}]",[],DOC-0203_formal_notice.pdf,pdf,clean,reviewer_02,2026-05-20T14:10:17,2026-05-20T14:10:17
204,SYN-26-00204,Late payment for delivered office furniture,Redcliff Construction SRL,Brightwater Systems BV,Commercial dispute,Antwerp Enterprise Court,Formal notice,Closed,Complete,0.861,Approved,"[{""label"": ""incident_date"", ""date"": ""2025-10-22"", ""incomplete"": false}, {""label"": ""notice_date"", ""date"": ""2025-11-20"", ""incomplete"": false}, {""label"": ""response_deadline"", ""date"": ""2025-12-20"", ""incomplete"": false}]","[{""label"": ""amount_claimed"", ""value"": 59697.5}]",[],DOC-0204_formal_notice.pdf,pdf,clean,reviewer_03,2026-05-20T17:04:24,2026-06-19T17:04:24
205,SYN-26-00205,Late payment for delivered catering supplies,Ambermoor Systems BV,Silverbirch Construction SRL,Commercial dispute,Leuven Justice of the Peace,Invoice dispute letter,Closed,Missing Information,0.767,Approved with corrections,"[{""label"": ""incident_date"", ""date"": ""2026-04-28"", ""incomplete"": false}, {""label"": ""notice_date"", ""date"": ""2026-05-17"", ""incomplete"": false}, {""label"": ""response_deadline"", ""date"": ""2026-06-07"", ""incomplete"": false}]","[{""label"": ""amount_claimed"", ""value"": 41937}]",[],DOC-0205_invoice_dispute_letter.docx,docx,clean,reviewer_01,2026-05-21T14:56:18,2026-06-22T14:56:18
206,SYN-26-00206,Breach of the software maintenance service agreement,Quillfield Logistics SRL,Kestrelpoint Construction BV,Contract dispute,Antwerp Enterprise Court,Court summons,Awaiting information,Missing Information,0.842,Approved,"[{""label"": ""incident_date"", ""date"": ""2026-01-22"", ""incomplete"": false}, {""label"": ""notice_date"", ""date"": ""2026-02-01"", ""incomplete"": false}, {""label"": ""response_deadline"", ""date"": ""2026-02-16"", ""incomplete"": false}]",,"[""amounts""]",DOC-0206_court_summons.pdf,pdf,missing_fields,reviewer_04,2026-05-22T15:47:59,2026-05-22T15:47:59
207,SYN-26-00207,Late payment for delivered IT hardware,Ambermoor Packaging BV,Veldon Packaging SRL,Commercial dispute,Ghent Enterprise Court,Invoice dispute letter,Closed,Complete,0.948,Approved,"[{""label"": ""incident_date"", ""date"": ""2026-02-07"", ""incomplete"": false}, {""label"": ""notice_date"", ""date"": ""2026-02-26"", ""incomplete"": false}, {""label"": ""response_deadline"", ""date"": ""2026-03-28"", ""incomplete"": false}]","[{""label"": ""amount_claimed"", ""value"": 30123.5}, {""label"": ""late_interest"", ""value"": 768.17}]",[],DOC-0207_invoice_dispute_letter.png,png,clean,reviewer_02,2026-05-25T15:24:52,2026-06-16T15:24:52
208,SYN-26-00208,Late payment for delivered catering supplies,Harbourline Logistics SRL,Orrinford Catering NV,Commercial dispute,Brussels Enterprise Court,Formal notice,Open,Complete,0.948,Approved,"[{""label"": ""incident_date"", ""date"": ""2026-01-14"", ""incomplete"": false}, {""label"": ""notice_date"", ""date"": ""2026-03-12"", ""incomplete"": false}, {""label"": ""response_deadline"", ""date"": ""2026-04-11"", ""incomplete"": false}]","[{""label"": ""amount_claimed"", ""value"": 27150}]",[],DOC-0208_formal_notice.pdf,pdf,clean,reviewer_03,2026-05-26T11:18:14,2026-05-26T11:18:14
209,SYN-26-00209,Request for a copy of a mediation record,Clara Pellegrand,Oona Dufrasne,Other,Brussels Court of First Instance,Formal notice,Open,Needs Review,0.844,Approved with corrections,"[{""label"": ""incident_date"", ""date"": ""2025-12-23"", ""incomplete"": false}, {""label"": ""notice_date"", ""date"": ""2026-02-02"", ""incomplete"": false}, {""label"": ""response_deadline"", ""date"": ""2026-02-17"", ""incomplete"": false}]","[{""label"": ""amount_claimed"", ""value"": 439.2}]",[],DOC-0209_formal_notice.pdf,pdf,contradictory,reviewer_01,2026-05-26T12:06:38,2026-05-26T12:06:38
210,SYN-26-00210,Notice period dispute,Mila Ostaven,Quillfield Catering BV,Employment matter,Brussels Labour Court,Employment termination letter,Open,Complete,0.942,Approved,"[{""label"": ""incident_date"", ""date"": ""2026-04-19"", ""incomplete"": false}, {""label"": ""notice_date"", ""date"": ""2026-06-16"", ""incomplete"": false}, {""label"": ""response_deadline"", ""date"": ""2026-07-01"", ""incomplete"": false}, {""label"": ""hearing_date"", ""date"": ""2026-08-26"", ""incomplete"": false}]","[{""label"": ""amount_claimed"", ""value"": 10378.4}]",[],DOC-0210_employment_termination_letter.pdf,pdf,clean,reviewer_01,2026-05-26T13:58:54,2026-05-26T13:58:54
211,SYN-26-00211,Late payment for delivered office furniture,Merriton Retail BV,Thornlea Mobility NV,Commercial dispute,Leuven Justice of the Peace,Invoice dispute letter,Open,Complete,0.948,Approved,"[{""label"": ""incident_date"", ""date"": ""2026-01-24"", ""incomplete"": false}, {""label"": ""notice_date"", ""date"": ""2026-03-07"", ""incomplete"": false}, {""label"": ""response_deadline"", ""date"": ""2026-04-06"", ""incomplete"": false}, {""label"": ""hearing_date"", ""date"": ""2026-05-09"", ""incomplete"": false}]","[{""label"": ""amount_claimed"", ""value"": 37530.8}]",[],DOC-0211_invoice_dispute_letter.jpg,jpg,clean,reviewer_04,2026-05-26T16:18:02,2026-05-26T16:36:02
212,SYN-26-00212,Breach of the facility management service agreement,Castellan Systems SA,Duskwater Interiors BV,Contract dispute,Antwerp Enterprise Court,Formal notice,Open,Complete,0.92,Approved with corrections,"[{""label"": ""incident_date"", ""date"": ""2025-10-20"", ""incomplete"": false}, {""label"": ""notice_date"", ""date"": ""2025-12-03"", ""incomplete"": false}, {""label"": ""response_deadline"", ""date"": ""2026-01-02"", ""incomplete"": false}, {""label"": ""hearing_date"", ""date"": ""2026-03-10"", ""incomplete"": false}]","[{""label"": ""amount_claimed"", ""value"": 37852}, {""label"": ""contractual_penalty"", ""value"": 3785.2}]",[],DOC-0212_formal_notice.pdf,pdf,degraded,reviewer_03,2026-05-26T17:15:21,2026-05-26T17:17:21
213,SYN-26-00213,Contested board resolution,Aldenmere Print BV,Clara Stroobaert,Corporate matter,Brussels Enterprise Court,Court summons,Open,Complete,0.948,Approved,"[{""label"": ""incident_date"", ""date"": ""2026-02-01"", ""incomplete"": false}, {""label"": ""notice_date"", ""date"": ""2026-03-09"", ""incomplete"": false}, {""label"": ""response_deadline"", ""date"": ""2026-03-30"", ""incomplete"": false}]","[{""label"": ""amount_claimed"", ""value"": 65789}, {""label"": ""late_interest"", ""value"": 2956.07}]",[],DOC-0213_court_summons.docx,docx,clean,reviewer_01,2026-05-27T08:35:41,2026-05-27T08:35:41
214,SYN-26-00214,Notice period dispute,Femke Dufrasne,Merriton Catering NV,Employment matter,Ghent Labour Court,Employment termination letter,Open,Complete,0.862,Approved with corrections,"[{""label"": ""incident_date"", ""date"": ""2025-10-31"", ""incomplete"": false}, {""label"": ""notice_date"", ""date"": ""2025-12-22"", ""incomplete"": false}, {""label"": ""response_deadline"", ""date"": ""2026-01-21"", ""incomplete"": false}]","[{""label"": ""amount_claimed"", ""value"": 14380}, {""label"": ""late_interest"", ""value"": 846.0}]",[],DOC-0214_employment_termination_letter.jpg,jpg,degraded,reviewer_04,2026-05-27T09:52:45,2026-05-27T10:24:45
215,SYN-26-00215,Unpaid overtime claim,Bram Pellegrand,Lindenbrook Systems SA,Employment matter,Ghent Labour Court,Formal notice,Open,Needs Review,0.747,Approved with corrections,"[{""label"": ""incident_date"", ""date"": ""2025-12-24"", ""incomplete"": false}, {""label"": ""notice_date"", ""date"": ""2026-02-06"", ""incomplete"": false}, {""label"": ""response_deadline"", ""date"": ""2026-03-08"", ""incomplete"": false}, {""label"": ""hearing_date"", ""date"": ""2026-06-03"", ""incomplete"": false}]","[{""label"": ""amount_claimed"", ""value"": 26243}, {""label"": ""late_interest"", ""value"": 682.16}]",[],DOC-0215_formal_notice.png,png,degraded,reviewer_02,2026-05-27T18:07:03,2026-05-27T18:43:03
216,SYN-26-00216,Appeal against a zoning decision,Merriton Packaging BV,Municipality of Orrinford,Administrative matter,Council of State,Administrative decision,Open,Complete,0.913,Approved,"[{""label"": ""incident_date"", ""date"": ""2025-11-13"", ""incomplete"": false}, {""label"": ""notice_date"", ""date"": ""2025-12-14"", ""incomplete"": false}, {""label"": ""response_deadline"", ""date"": ""2026-01-04"", ""incomplete"": false}]","[{""label"": ""amount_claimed"", ""value"": 865}]",[],DOC-0216_administrative_decision.docx,docx,clean,reviewer_01,2026-05-28T13:00:49,2026-05-28T13:24:49
217,SYN-26-00217,Unpaid invoices for catering supplies,Redcliff Print SRL,Greywood Foods BV,Commercial dispute,Brussels Enterprise Court,Invoice dispute letter,Open,Complete,0.948,Approved,"[{""label"": ""incident_date"", ""date"": ""2026-03-25"", ""incomplete"": false}, {""label"": ""notice_date"", ""date"": ""2026-05-07"", ""incomplete"": false}, {""label"": ""response_deadline"", ""date"": ""2026-05-28"", ""incomplete"": false}]","[{""label"": ""amount_claimed"", ""value"": 44456.8}]",[],DOC-0217_invoice_dispute_letter.pdf,pdf,clean,reviewer_02,2026-05-29T09:23:23,2026-05-29T10:27:23
218,SYN-26-00218,Late payment for delivered catering supplies,Silverbirch Print NV,Norvale Studios NV,Commercial dispute,Ghent Enterprise Court,Invoice dispute letter,Open,Complete,0.948,Approved,"[{""label"": ""incident_date"", ""date"": ""2025-12-31"", ""incomplete"": false}, {""label"": ""notice_date"", ""date"": ""2026-02-14"", ""incomplete"": false}, {""label"": ""response_deadline"", ""date"": ""2026-03-07"", ""incomplete"": false}]","[{""label"": ""amount_claimed"", ""value"": 7411.8}]",[],DOC-0218_invoice_dispute_letter.png,png,clean,reviewer_03,2026-05-29T10:17:31,2026-05-29T10:17:31
219,SYN-26-00219,Shareholder dispute over a share transfer,Quillfield Logistics BV,Leila Arlenbos,Corporate matter,Ghent Enterprise Court,Shareholder letter,Open,Complete,0.948,Approved,"[{""label"": ""incident_date"", ""date"": ""2026-04-22"", ""incomplete"": false}, {""label"": ""notice_date"", ""date"": ""2026-05-15"", ""incomplete"": false}, {""label"": ""response_deadline"", ""date"": ""2026-06-14"", ""incomplete"": false}]","[{""label"": ""amount_claimed"", ""value"": 32562}, {""label"": ""late_interest"", ""value"": 1516.75}]",[],DOC-0219_shareholder_letter.png,png,clean,reviewer_01,2026-05-29T14:05:30,2026-05-29T14:05:30
220,SYN-26-00220,Contested dismissal of an employee,Yannick Stroobaert,Orrinford Studios SRL,Employment matter,Brussels Labour Court,Formal notice,Open,Complete,0.856,Approved,"[{""label"": ""incident_date"", ""date"": ""2025-12-06"", ""incomplete"": false}, {""label"": ""notice_date"", ""date"": ""2025-12-28"", ""incomplete"": false}, {""label"": ""response_deadline"", ""date"": ""2026-01-18"", ""incomplete"": false}]","[{""label"": ""amount_claimed"", ""value"": 4873.4}]",[],DOC-0220_formal_notice.pdf,pdf,clean,reviewer_02,2026-06-01T12:16:49,2026-06-01T12:19:49
221,SYN-26-00221,Appeal against a permit refusal,Brookhollow Digital SA,Regional Environment Agency (fictional),Administrative matter,Namur Court of First Instance,Formal notice,Open,Complete,0.918,Approved,"[{""label"": ""incident_date"", ""date"": ""2026-01-24"", ""incomplete"": false}, {""label"": ""notice_date"", ""date"": ""2026-02-23"", ""incomplete"": false}, {""label"": ""response_deadline"", ""date"": ""2026-03-16"", ""incomplete"": false}]","[{""label"": ""amount_claimed"", ""value"": 10842}, {""label"": ""late_interest"", ""value"": 349.06}]",[],DOC-0221_formal_notice.pdf,pdf,clean,reviewer_01,2026-06-01T12:56:57,2026-06-01T12:56:57
222,SYN-26-00222,Breach of the cleaning service agreement,Quillfield Print NV,Pellbrook Studios BV,Contract dispute,Ghent Labour Court,Court summons,Open,Needs Review,0.902,Approved with corrections,"[{""label"": ""incident_date"", ""date"": ""2026-02-13"", ""incomplete"": false}, {""label"": ""notice_date"", ""date"": ""2026-04-08"", ""incomplete"": false}, {""label"": ""response_deadline"", ""date"": ""2026-04-29"", ""incomplete"": false}]","[{""label"": ""amount_claimed"", ""value"": 70371}, {""label"": ""contractual_penalty"", ""value"": 7037.1}]",[],DOC-0222_court_summons.docx,docx,contradictory,reviewer_02,2026-06-01T17:22:17,2026-06-01T17:22:17
223,SYN-26-00223,Early termination of the facility management contract,Merriton Interiors SA,Harbourline Print NV,Contract dispute,Namur Court of First Instance,Formal notice,Awaiting information,Missing Information,0.948,Approved,"[{""label"": ""incident_date"", ""date"": ""2026-02-18"", ""incomplete"": false}, {""label"": ""notice_date"", ""date"": ""2026-04-16"", ""incomplete"": false}, {""label"": ""response_deadline"", ""date"": ""2026-05-07"", ""incomplete"": false}, {""label"": ""hearing_date"", ""date"": ""2026-07-11"", ""incomplete"": false}]","[{""label"": ""late_interest"", ""value"": 4520.47}, {""label"": ""contractual_penalty"", ""value"": 7672.9}]","[""amounts""]",DOC-0223_formal_notice.png,png,missing_fields,reviewer_02,2026-06-02T10:01:30,2026-06-02T10:01:30
224,SYN-26-00224,Contested municipal fine,Aldenmere Studios SRL,,Administrative matter,,Administrative decision,Closed,Missing Information,0.737,Approved,"[{""label"": ""incident_date"", ""date"": ""2026-04-11"", ""incomplete"": false}, {""label"": ""notice_date"", ""date"": ""2026-05-01"", ""incomplete"": false}, {""label"": ""response_deadline"", ""date"": ""2026-05-16"", ""incomplete"": false}, {""label"": ""hearing_date"", ""date"": ""2026-08-12"", ""incomplete"": false}]","[{""label"": ""amount_claimed"", ""value"": 5213}, {""label"": ""late_interest"", ""value"": 140.41}]","[""opposing_party"", ""jurisdiction""]",DOC-0224_administrative_decision.png,png,missing_fields,reviewer_03,2026-06-02T11:19:18,2026-06-24T11:19:18
225,SYN-26-00225,Early termination of the facility management contract,Silverbirch Print SA,Wexmoor Systems BV,Contract dispute,Namur Court of First Instance,Formal notice,Open,Missing Information,0.789,Approved with corrections,"[{""label"": ""incident_date"", ""date"": ""2025-09-15"", ""incomplete"": false}, {""label"": ""notice_date"", ""date"": ""2025-10-19"", ""incomplete"": false}, {""label"": ""response_deadline"", ""date"": ""2025-11-18"", ""incomplete"": false}]","[{""label"": ""amount_claimed"", ""value"": 54315}]",[],DOC-0225_formal_notice.png,png,degraded,reviewer_04,2026-06-02T17:14:33,2026-06-02T17:25:33
226,SYN-26-00226,Unpaid overtime claim,Oona Ostaven,Quillfield Catering BV,Employment matter,Ghent Labour Court,Formal notice,Open,Complete,0.851,Approved,"[{""label"": ""incident_date"", ""date"": ""2025-11-16"", ""incomplete"": false}, {""label"": ""notice_date"", ""date"": ""2025-11-30"", ""incomplete"": false}, {""label"": ""response_deadline"", ""date"": ""2025-12-21"", ""incomplete"": false}, {""label"": ""hearing_date"", ""date"": ""2026-01-23"", ""incomplete"": false}]","[{""label"": ""amount_claimed"", ""value"": 10685}, {""label"": ""late_interest"", ""value"": 296.17}]",[],DOC-0226_formal_notice.docx,docx,clean,reviewer_03,2026-06-03T12:58:02,2026-06-03T13:00:02
227,SYN-26-00227,Contested municipal fine,Tamsinworth Logistics SA,Municipality of Westrook,Administrative matter,Council of State,Formal notice,Open,Complete,0.948,Approved,"[{""label"": ""incident_date"", ""date"": ""2025-12-24"", ""incomplete"": false}, {""label"": ""notice_date"", ""date"": ""2026-01-20"", ""incomplete"": false}, {""label"": ""response_deadline"", ""date"": ""2026-02-19"", ""incomplete"": false}]","[{""label"": ""amount_claimed"", ""value"": 3203}]",[],DOC-0227_formal_notice.png,png,clean,reviewer_01,2026-06-04T16:25:42,2026-06-04T16:40:42
228,SYN-26-00228,Contested dismissal of an employee,Yannick Moreau-Lint,Thornlea Construction NV,Employment matter,Ghent Labour Court,Formal notice,Open,Complete,0.942,Approved,"[{""label"": ""incident_date"", ""date"": ""2026-01-24"", ""incomplete"": false}, {""label"": ""notice_date"", ""date"": ""2026-02-11"", ""incomplete"": false}, {""label"": ""response_deadline"", ""date"": ""2026-03-04"", ""incomplete"": false}]","[{""label"": ""amount_claimed"", ""value"": 25255}, {""label"": ""late_interest"", ""value"": 1720.26}]",[],DOC-0228_formal_notice.pdf,pdf,clean,reviewer_03,2026-06-05T14:34:34,2026-06-05T14:46:34
229,SYN-26-00229,Appeal against a permit refusal,Oakhaven Interiors BV,Municipality of Orrinford,Administrative matter,Namur Court of First Instance,Administrative decision,Open,Complete,0.948,Approved,"[{""label"": ""incident_date"", ""date"": ""2026-04-02"", ""incomplete"": false}, {""label"": ""notice_date"", ""date"": ""2026-05-21"", ""incomplete"": false}, {""label"": ""response_deadline"", ""date"": ""2026-06-11"", ""incomplete"": false}, {""label"": ""hearing_date"", ""date"": ""2026-09-01"", ""incomplete"": false}]","[{""label"": ""amount_claimed"", ""value"": 6830}]",[],DOC-0229_administrative_decision.docx,docx,clean,reviewer_04,2026-06-05T15:08:12,2026-06-05T16:25:12
230,SYN-26-00230,Unpaid overtime claim,Mila Rondeaux,Aldenmere Foods SRL,Employment matter,Ghent Labour Court,Formal notice,Open,Complete,0.938,Approved,"[{""label"": ""incident_date"", ""date"": ""2025-11-09"", ""incomplete"": false}, {""label"": ""notice_date"", ""date"": ""2025-11-23"", ""incomplete"": false}, {""label"": ""response_deadline"", ""date"": ""2025-12-14"", ""incomplete"": false}]","[{""label"": ""amount_claimed"", ""value"": 4669}]",[],DOC-0230_formal_notice.docx,docx,clean,reviewer_04,2026-06-09T10:58:46,2026-06-09T11:42:46
231,SYN-26-00231,Contested board resolution,Calloway Vale Consulting NV,Maxime Brecquet,Corporate matter,Brussels Enterprise Court,Shareholder letter,Open,Complete,0.948,Approved,"[{""label"": ""incident_date"", ""date"": ""2025-12-16"", ""incomplete"": false}, {""label"": ""notice_date"", ""date"": ""2026-01-16"", ""incomplete"": false}, {""label"": ""response_deadline"", ""date"": ""2026-02-06"", ""incomplete"": false}]","[{""label"": ""amount_claimed"", ""value"": 26076}, {""label"": ""late_interest"", ""value"": 709.02}]",[],DOC-0231_shareholder_letter.docx,docx,clean,reviewer_03,2026-06-09T16:34:51,2026-06-09T16:34:51
232,SYN-26-00232,Contested board resolution,Norvale Catering BV,Elise Vissenaeken,Corporate matter,Ghent Enterprise Court,Court summons,Open,Missing Information,0.942,Approved with corrections,"[{""label"": ""incident_date"", ""date"": ""2026-04-26"", ""incomplete"": false}, {""label"": ""notice_date"", ""date"": ""2026-06-01"", ""incomplete"": false}, {""label"": ""response_deadline"", ""date"": ""2026-06-16"", ""incomplete"": false}]","[{""label"": ""amount_claimed"", ""value"": 42998}, {""label"": ""late_interest"", ""value"": 1092.03}]",[],DOC-0232_court_summons.pdf,pdf,degraded,reviewer_01,2026-06-10T11:20:22,2026-06-10T12:20:22
233,SYN-26-00233,Late payment for delivered cardboard packaging,Lindenbrook Facilities SA,Ambermoor Digital BV,Commercial dispute,Brussels Enterprise Court,Invoice dispute letter,Open,Complete,0.948,Approved,"[{""label"": ""incident_date"", ""date"": ""2025-10-25"", ""incomplete"": false}, {""label"": ""notice_date"", ""date"": ""2025-11-16"", ""incomplete"": false}, {""label"": ""response_deadline"", ""date"": ""2025-12-16"", ""incomplete"": false}]","[{""label"": ""amount_claimed"", ""value"": 25974.5}, {""label"": ""late_interest"", ""value"": 1676.17}]",[],DOC-0233_invoice_dispute_letter.pdf,pdf,clean,reviewer_02,2026-06-10T16:45:34,2026-06-10T17:05:34
234,SYN-26-00234,Contested municipal fine,Thornlea Interiors NV,Municipality of Westrook,Administrative matter,Namur Court of First Instance,Administrative decision,Open,Complete,0.948,Approved,"[{""label"": ""incident_date"", ""date"": ""2026-04-13"", ""incomplete"": false}, {""label"": ""notice_date"", ""date"": ""2026-05-31"", ""incomplete"": false}, {""label"": ""response_deadline"", ""date"": ""2026-06-21"", ""incomplete"": false}]","[{""label"": ""amount_claimed"", ""value"": 6691}, {""label"": ""late_interest"", ""value"": 470.21}]",[],DOC-0234_administrative_decision.pdf,pdf,clean,reviewer_02,2026-06-11T10:11:04,2026-06-11T10:11:04
235,SYN-26-00235,Appeal against a zoning decision,Quillfield Mobility SA,Municipality of Aldenmere,Administrative matter,Council of State,Formal notice,Open,Complete,0.948,Approved,"[{""label"": ""incident_date"", ""date"": ""2025-11-03"", ""incomplete"": false}, {""label"": ""notice_date"", ""date"": ""2025-11-20"", ""incomplete"": false}, {""label"": ""response_deadline"", ""date"": ""2025-12-20"", ""incomplete"": false}, {""label"": ""hearing_date"", ""date"": ""2026-01-24"", ""incomplete"": false}]","[{""label"": ""amount_claimed"", ""value"": 11580}]",[],DOC-0235_formal_notice.docx,docx,clean,reviewer_03,2026-06-11T14:20:26,2026-06-11T15:21:26
236,SYN-26-00236,Non-performance under the cleaning agreement,Brightwater Mobility SRL,Thornlea Print NV,Contract dispute,Brussels Court of First Instance,Court summons,Open,Missing Information,0.841,Approved with corrections,"[{""label"": ""incident_date"", ""date"": ""2025-09-30"", ""incomplete"": false}, {""label"": ""notice_date"", ""date"": ""2025-11-03"", ""incomplete"": false}, {""label"": ""response_deadline"", ""date"": ""2025-12-03"", ""incomplete"": false}]","[{""label"": ""amount_claimed"", ""value"": 31313}]",[],DOC-0236_court_summons.pdf,pdf,degraded,reviewer_04,2026-06-11T16:09:11,2026-06-11T16:09:11
237,SYN-26-00237,Shareholder dispute over a share transfer,Silverbirch Retail SA,Elise Ostaven,Corporate matter,Ghent Enterprise Court,Shareholder letter,Open,Complete,0.948,Approved,"[{""label"": ""incident_date"", ""date"": ""2026-04-23"", ""incomplete"": false}, {""label"": ""notice_date"", ""date"": ""2026-05-08"", ""incomplete"": false}, {""label"": ""response_deadline"", ""date"": ""2026-06-07"", ""incomplete"": false}]","[{""label"": ""amount_claimed"", ""value"": 54781}, {""label"": ""late_interest"", ""value"": 2381.34}]",[],DOC-0237_shareholder_letter.png,png,clean,reviewer_01,2026-06-11T18:07:28,2026-06-11T18:27:28
238,SYN-26-00238,Shareholder dispute over a share transfer,Harbourline Facilities SRL,Maxime Delacroixe,Corporate matter,Brussels Enterprise Court,Shareholder letter,Open,Missing Information,0.77,Approved with corrections,"[{""label"": ""incident_date"", ""date"": ""2025-12-11"", ""incomplete"": false}, {""label"": ""notice_date"", ""date"": ""2026-01-11"", ""incomplete"": false}, {""label"": ""response_deadline"", ""date"": ""2026-02-01"", ""incomplete"": false}, {""label"": ""hearing_date"", ""date"": ""2026-04-08"", ""incomplete"": false}]","[{""label"": ""amount_claimed"", ""value"": 73663}, {""label"": ""late_interest"", ""value"": 2728.45}]",[],DOC-0238_shareholder_letter.pdf,pdf,degraded,reviewer_01,2026-06-11T18:11:53,2026-06-11T18:11:53
239,SYN-26-00239,Non-performance under the marketing agreement,Veldon Digital BV,Tamsinworth Logistics NV,Contract dispute,Namur Court of First Instance,Court summons,Open,Complete,0.948,Approved,"[{""label"": ""incident_date"", ""date"": ""2026-01-04"", ""incomplete"": false}, {""label"": ""notice_date"", ""date"": ""2026-02-09"", ""incomplete"": false}, {""label"": ""response_deadline"", ""date"": ""2026-03-02"", ""incomplete"": false}, {""label"": ""hearing_date"", ""date"": ""2026-04-17"", ""incomplete"": false}]","[{""label"": ""amount_claimed"", ""value"": 42807}, {""label"": ""late_interest"", ""value"": 1371.41}, {""label"": ""contractual_penalty"", ""value"": 4280.7}]",[],DOC-0239_court_summons.pdf,pdf,clean,reviewer_03,2026-06-15T10:38:44,2026-06-15T10:59:44
240,SYN-26-00240,Disputed delivery of IT hardware,Veldon Print NV,Calloway Vale Studios SRL,Commercial dispute,Ghent Enterprise Court,Invoice dispute letter,Open,Complete,0.948,Approved,"[{""label"": ""incident_date"", ""date"": ""2026-01-23"", ""incomplete"": false}, {""label"": ""notice_date"", ""date"": ""2026-03-21"", ""incomplete"": false}, {""label"": ""response_deadline"", ""date"": ""2026-04-20"", ""incomplete"": false}, {""label"": ""hearing_date"", ""date"": ""2026-06-16"", ""incomplete"": false}]","[{""label"": ""amount_claimed"", ""value"": 43416.5}]",[],DOC-0240_invoice_dispute_letter.pdf,pdf,clean,reviewer_04,2026-06-15T14:09:06,2026-06-15T14:19:06
241,SYN-26-00241,Appeal against a permit refusal,Aldenmere Print BV,Municipality of Orrinford,Administrative matter,Council of State,Formal notice,Open,Complete,0.948,Approved,"[{""label"": ""incident_date"", ""date"": ""2025-09-04"", ""incomplete"": false}, {""label"": ""notice_date"", ""date"": ""2025-10-12"", ""incomplete"": false}, {""label"": ""response_deadline"", ""date"": ""2025-10-27"", ""incomplete"": false}]","[{""label"": ""amount_claimed"", ""value"": 4562}]",[],DOC-0241_formal_notice.docx,docx,clean,reviewer_02,2026-06-15T14:11:32,2026-06-15T14:11:32
242,SYN-26-00242,Unpaid invoices for office furniture,Brookhollow Digital SRL,Castellan Studios NV,Commercial dispute,Ghent Enterprise Court,Invoice dispute letter,Open,Complete,0.948,Approved,"[{""label"": ""incident_date"", ""date"": ""2025-11-04"", ""incomplete"": false}, {""label"": ""notice_date"", ""date"": ""2025-12-07"", ""incomplete"": false}, {""label"": ""response_deadline"", ""date"": ""2025-12-22"", ""incomplete"": false}]","[{""label"": ""amount_claimed"", ""value"": 14204.5}]",[],DOC-0242_invoice_dispute_letter.jpg,jpg,clean,reviewer_01,2026-06-16T16:00:58,2026-06-16T16:54:58
243,SYN-26-00243,Shareholder dispute over a share transfer,Orrinford Digital BV,Sanne Kellwyn,Corporate matter,Ghent Enterprise Court,Court summons,Open,Complete,0.948,Approved,"[{""label"": ""incident_date"", ""date"": ""2025-10-06"", ""incomplete"": false}, {""label"": ""notice_date"", ""date"": ""2025-11-30"", ""incomplete"": false}, {""label"": ""response_deadline"", ""date"": ""2025-12-15"", ""incomplete"": false}]","[{""label"": ""amount_claimed"", ""value"": 52235}, {""label"": ""late_interest"", ""value"": 2607.43}]",[],DOC-0243_court_summons.pdf,pdf,clean,reviewer_04,2026-06-17T12:29:17,2026-06-17T12:29:17
244,SYN-26-00244,Late payment for delivered IT hardware,Oakhaven Retail SRL,Wexmoor Mobility NV,Commercial dispute,Ghent Enterprise Court,Formal notice,Open,Complete,0.948,Approved,"[{""label"": ""incident_date"", ""date"": ""2026-03-04"", ""incomplete"": false}, {""label"": ""notice_date"", ""date"": ""2026-04-08"", ""incomplete"": false}, {""label"": ""response_deadline"", ""date"": ""2026-04-29"", ""incomplete"": false}]","[{""label"": ""amount_claimed"", ""value"": 46747}]",[],DOC-0244_formal_notice.docx,docx,clean,reviewer_03,2026-06-17T18:08:15,2026-06-17T18:08:15
245,SYN-26-00245,Non-performance under the facility management agreement,Tamsinworth Logistics BV,Kestrelpoint Facilities BV,Contract dispute,Namur Court of First Instance,Court summons,Open,Complete,0.861,Approved,"[{""label"": ""incident_date"", ""date"": ""2026-01-16"", ""incomplete"": false}, {""label"": ""notice_date"", ""date"": ""2026-03-05"", ""incomplete"": false}, {""label"": ""response_deadline"", ""date"": ""2026-03-26"", ""incomplete"": false}]","[{""label"": ""amount_claimed"", ""value"": 54371}, {""label"": ""late_interest"", ""value"": 4006.96}, {""label"": ""contractual_penalty"", ""value"": 5437.1}]",[],DOC-0245_court_summons.png,png,clean,reviewer_03,2026-06-18T11:08:33,2026-06-18T11:08:33
246,SYN-26-00246,Challenge to a capital increase,Calloway Vale Systems NV,Ines Brecquet,Corporate matter,Brussels Enterprise Court,Shareholder letter,Open,Complete,0.948,Approved,"[{""label"": ""incident_date"", ""date"": ""2025-12-10"", ""incomplete"": false}, {""label"": ""notice_date"", ""date"": ""2026-01-16"", ""incomplete"": false}, {""label"": ""response_deadline"", ""date"": ""2026-02-15"", ""incomplete"": false}]","[{""label"": ""amount_claimed"", ""value"": 44932}, {""label"": ""late_interest"", ""value"": 2016.74}]",[],DOC-0246_shareholder_letter.docx,docx,clean,reviewer_01,2026-06-18T14:06:15,2026-06-18T15:07:15
247,SYN-26-00247,Request for a copy of a mediation record,Bram Brecquet,Tomas Wyndael,Other,Leuven Justice of the Peace,Formal notice,Open,Complete,0.887,Approved,"[{""label"": ""incident_date"", ""date"": ""2025-09-07"", ""incomplete"": false}, {""label"": ""notice_date"", ""date"": ""2025-10-24"", ""incomplete"": false}, {""label"": ""response_deadline"", ""date"": ""2025-11-08"", ""incomplete"": false}, {""label"": ""hearing_date"", ""date"": ""2025-12-15"", ""incomplete"": false}]","[{""label"": ""amount_claimed"", ""value"": 548}]",[],DOC-0247_formal_notice.docx,docx,clean,reviewer_03,2026-06-19T10:44:48,2026-06-19T10:44:48
248,SYN-26-00248,Contested dismissal of an employee,Mila Dufrasne,Silverbirch Foods SRL,Employment matter,Ghent Labour Court,Employment termination letter,Open,Missing Information,0.731,Approved with corrections,"[{""label"": ""incident_date"", ""date"": ""2025-12-28"", ""incomplete"": false}, {""label"": ""notice_date"", ""date"": ""2026-01-19"", ""incomplete"": false}, {""label"": ""response_deadline"", ""date"": ""2026-02-03"", ""incomplete"": false}]","[{""label"": ""amount_claimed"", ""value"": 15786}]",[],DOC-0248_employment_termination_letter.pdf,pdf,degraded,reviewer_02,2026-06-19T17:54:41,2026-06-19T17:54:41
249,SYN-26-00249,Contested municipal fine,Lindenbrook Retail BV,Municipality of Aldenmere,Administrative matter,Council of State,Formal notice,Open,Complete,0.948,Approved,"[{""label"": ""incident_date"", ""date"": ""2026-02-04"", ""incomplete"": false}, {""label"": ""notice_date"", ""date"": ""2026-03-31"", ""incomplete"": false}, {""label"": ""response_deadline"", ""date"": ""2026-04-15"", ""incomplete"": false}]","[{""label"": ""amount_claimed"", ""value"": 5521}]",[],DOC-0249_formal_notice.png,png,clean,reviewer_03,2026-06-22T08:50:25,2026-06-22T08:50:25
250,SYN-26-00250,Contested dismissal of an employee,Tomas Vandermolen,Duskwater Mobility BV,Employment matter,Brussels Labour Court,Formal notice,Open,Missing Information,0.808,Approved with corrections,"[{""label"": ""incident_date"", ""date"": ""2025-10-17"", ""incomplete"": false}, {""label"": ""notice_date"", ""date"": ""2025-11-28"", ""incomplete"": false}, {""label"": ""response_deadline"", ""date"": ""2025-12-13"", ""incomplete"": false}]","[{""label"": ""amount_claimed"", ""value"": 18269}, {""label"": ""late_interest"", ""value"": 613.71}]",[],DOC-0250_formal_notice.png,png,degraded,reviewer_03,2026-06-22T14:18:17,2026-06-22T14:18:17
251,SYN-26-00251,Disputed delivery of catering supplies,Tamsinworth Mobility SA,Lindenbrook Construction BV,Commercial dispute,Leuven Justice of the Peace,Formal notice,Open,Complete,0.937,Approved,"[{""label"": ""incident_date"", ""date"": ""2026-04-21"", ""incomplete"": false}, {""label"": ""notice_date"", ""date"": ""2026-06-13"", ""incomplete"": false}, {""label"": ""response_deadline"", ""date"": ""2026-06-28"", ""incomplete"": false}]","[{""label"": ""amount_claimed"", ""value"": 43703.8}, {""label"": ""late_interest"", ""value"": 1137.34}]",[],DOC-0251_formal_notice.pdf,pdf,clean,reviewer_04,2026-06-23T11:45:29,2026-06-23T13:14:29
252,SYN-26-00252,Breach of the facility management service agreement,Aldenmere Facilities BV,Veldon Foods NV,Contract dispute,Brussels Court of First Instance,Court summons,Open,Complete,0.918,Approved,"[{""label"": ""incident_date"", ""date"": ""2026-01-08"", ""incomplete"": false}, {""label"": ""notice_date"", ""date"": ""2026-03-01"", ""incomplete"": false}, {""label"": ""response_deadline"", ""date"": ""2026-03-22"", ""incomplete"": false}, {""label"": ""hearing_date"", ""date"": ""2026-05-05"", ""incomplete"": false}]","[{""label"": ""amount_claimed"", ""value"": 62834}, {""label"": ""late_interest"", ""value"": 3619.55}]",[],DOC-0252_court_summons.pdf,pdf,clean,reviewer_03,2026-06-23T14:19:22,2026-06-23T15:43:22
253,SYN-26-00253,Unpaid invoices for printed brochures,Fernhill Logistics NV,Calloway Vale Digital SRL,Commercial dispute,,Formal notice,Awaiting information,Missing Information,0.842,Approved,"[{""label"": ""incident_date"", ""date"": ""2026-03-10"", ""incomplete"": false}, {""label"": ""notice_date"", ""date"": ""2026-03-25"", ""incomplete"": false}, {""label"": ""response_deadline"", ""date"": ""2026-04-24"", ""incomplete"": false}]","[{""label"": ""amount_claimed"", ""value"": 33577.25}]","[""jurisdiction""]",DOC-0253_formal_notice.docx,docx,missing_fields,reviewer_04,2026-06-25T14:27:41,2026-06-25T15:55:41
254,SYN-26-00254,Disputed delivery of catering supplies,Brightwater Logistics BV,Norvale Construction SRL,Commercial dispute,Antwerp Enterprise Court,Formal notice,Open,Complete,0.948,Approved,"[{""label"": ""incident_date"", ""date"": ""2025-10-26"", ""incomplete"": false}, {""label"": ""notice_date"", ""date"": ""2025-12-13"", ""incomplete"": false}, {""label"": ""response_deadline"", ""date"": ""2026-01-12"", ""incomplete"": false}, {""label"": ""hearing_date"", ""date"": ""2026-04-09"", ""incomplete"": false}]","[{""label"": ""amount_claimed"", ""value"": 25693}, {""label"": ""late_interest"", ""value"": 1213.9}]",[],DOC-0254_formal_notice.pdf,pdf,clean,reviewer_04,2026-06-25T18:13:09,2026-06-25T18:13:09
255,SYN-26-00255,Disputed delivery of printed brochures,Kestrelpoint Studios BV,Fernhill Foods NV,Commercial dispute,Ghent Enterprise Court,Formal notice,Open,Complete,0.948,Approved,"[{""label"": ""incident_date"", ""date"": ""2026-03-24"", ""incomplete"": false}, {""label"": ""notice_date"", ""date"": ""2026-05-11"", ""incomplete"": false}, {""label"": ""response_deadline"", ""date"": ""2026-05-26"", ""incomplete"": false}, {""label"": ""hearing_date"", ""date"": ""2026-07-22"", ""incomplete"": false}]","[{""label"": ""amount_claimed"", ""value"": 2857.8}]",[],DOC-0255_formal_notice.jpg,jpg,clean,reviewer_04,2026-06-26T08:51:57,2026-06-26T08:53:57
256,SYN-26-00256,Disputed delivery of cardboard packaging,Oakhaven Packaging SRL,Kestrelpoint Systems SRL,Commercial dispute,,Invoice dispute letter,Awaiting information,Missing Information,0.792,Approved,"[{""label"": ""incident_date"", ""date"": ""2025-09-10"", ""incomplete"": false}, {""label"": ""notice_date"", ""date"": ""2025-10-31"", ""incomplete"": false}, {""label"": ""response_deadline"", ""date"": null, ""incomplete"": true}]","[{""label"": ""amount_claimed"", ""value"": 6322.5}, {""label"": ""late_interest"", ""value"": 202.23}]","[""jurisdiction""]",DOC-0256_invoice_dispute_letter.docx,docx,missing_fields,reviewer_01,2026-06-26T09:29:54,2026-06-26T09:29:54
257,SYN-26-00257,Contested dismissal of an employee,Bram Brecquet,Silverbirch Logistics SA,Employment matter,,Employment termination letter,Awaiting information,Missing Information,0.837,Approved,"[{""label"": ""incident_date"", ""date"": ""2026-03-18"", ""incomplete"": false}, {""label"": ""notice_date"", ""date"": ""2026-04-22"", ""incomplete"": false}, {""label"": ""response_deadline"", ""date"": ""2026-05-22"", ""incomplete"": false}, {""label"": ""hearing_date"", ""date"": ""2026-06-24"", ""incomplete"": false}]","[{""label"": ""amount_claimed"", ""value"": 14062}]","[""jurisdiction""]",DOC-0257_employment_termination_letter.docx,docx,missing_fields,reviewer_03,2026-06-26T10:55:20,2026-06-26T10:57:20
258,SYN-26-00258,Late payment for delivered printed brochures,Brookhollow Consulting SA,Aldenmere Packaging SRL,Commercial dispute,Antwerp Enterprise Court,Formal notice,Open,Complete,0.948,Approved,"[{""label"": ""incident_date"", ""date"": ""2025-10-12"", ""incomplete"": false}, {""label"": ""notice_date"", ""date"": ""2025-12-03"", ""incomplete"": false}, {""label"": ""response_deadline"", ""date"": ""2026-01-02"", ""incomplete"": false}]","[{""label"": ""amount_claimed"", ""value"": 46808.25}, {""label"": ""late_interest"", ""value"": 2663.21}]",[],DOC-0258_formal_notice.docx,docx,clean,reviewer_02,2026-06-26T13:27:04,2026-06-26T13:27:04
259,SYN-26-00259,Unpaid overtime claim,Yannick Stroobaert,Lindenbrook Studios BV,Employment matter,Ghent Labour Court,Employment termination letter,Open,Complete,0.938,Approved,"[{""label"": ""incident_date"", ""date"": ""2025-09-21"", ""incomplete"": false}, {""label"": ""notice_date"", ""date"": ""2025-11-14"", ""incomplete"": false}, {""label"": ""response_deadline"", ""date"": ""2025-12-05"", ""incomplete"": false}]","[{""label"": ""amount_claimed"", ""value"": 25174}]",[],DOC-0259_employment_termination_letter.pdf,pdf,multipage,reviewer_02,2026-06-26T14:02:27,2026-06-26T14:50:27
260,SYN-26-00260,Challenge to a capital increase,Norvale Digital BV,,Corporate matter,,Shareholder letter,Awaiting information,Missing Information,0.737,Approved,"[{""label"": ""incident_date"", ""date"": ""2026-04-03"", ""incomplete"": false}, {""label"": ""notice_date"", ""date"": ""2026-04-17"", ""incomplete"": false}, {""label"": ""response_deadline"", ""date"": ""2026-05-02"", ""incomplete"": false}, {""label"": ""hearing_date"", ""date"": ""2026-07-14"", ""incomplete"": false}]","[{""label"": ""amount_claimed"", ""value"": 39038}, {""label"": ""late_interest"", ""value"": 1341.19}]","[""opposing_party"", ""jurisdiction""]",DOC-0260_shareholder_letter.docx,docx,missing_fields,reviewer_03,2026-06-26T16:09:22,2026-06-26T16:09:22
