field_id,ai_run_id,date_key,document_type_id,provider_id,field_name,field_label,confidence,is_missing,has_conflict,expected_present,found_when_present,is_scored,is_correct,is_reviewed,was_corrected
1,1,20260105,11,1,case_title,Case title,0.95,0,0,1,1,1,1,1,0
2,1,20260105,11,1,case_reference,Case reference,0.95,0,0,1,1,1,1,1,0
3,1,20260105,11,1,client_name,Client,0.95,0,0,1,1,1,1,1,0
4,1,20260105,11,1,opposing_party,Opposing party,0.95,0,0,1,1,1,1,1,0
5,1,20260105,11,1,document_type,Document type,0.93,0,0,1,1,1,1,1,0
6,1,20260105,11,1,jurisdiction,Jurisdiction,0.95,0,0,1,1,1,1,1,0
7,1,20260105,11,1,important_dates,Dates,0.95,0,0,1,1,1,1,1,0
8,1,20260105,11,1,amounts,Amounts,0.95,0,0,1,1,1,1,1,0
9,1,20260105,11,1,case_category,Category,0.7,0,0,1,1,1,1,1,0
10,4,20260106,10,1,case_title,Case title,0.946,0,0,1,1,1,1,1,0
11,4,20260106,10,1,case_reference,Case reference,0.946,0,0,1,1,1,1,1,0
12,4,20260106,10,1,client_name,Client,0.717,0,0,1,1,1,1,1,0
13,4,20260106,10,1,opposing_party,Opposing party,0.946,0,0,1,1,1,0,1,1
14,4,20260106,10,1,document_type,Document type,0.0,1,0,1,0,1,0,1,1
15,4,20260106,10,1,jurisdiction,Jurisdiction,0.946,0,0,1,1,1,0,1,1
16,4,20260106,10,1,important_dates,Dates,0.946,0,0,1,1,1,1,1,0
17,4,20260106,10,1,amounts,Amounts,0.946,0,0,1,1,1,1,1,0
18,4,20260106,10,1,case_category,Category,0.9,0,0,1,1,1,1,1,0
19,7,20260106,3,1,case_title,Case title,0.949,0,0,1,1,1,1,1,0
20,7,20260106,3,1,case_reference,Case reference,0.0,1,0,1,0,1,0,1,1
21,7,20260106,3,1,client_name,Client,0.949,0,0,1,1,1,1,1,0
22,7,20260106,3,1,opposing_party,Opposing party,0.949,0,0,1,1,1,1,1,0
23,7,20260106,3,1,document_type,Document type,0.929,0,0,1,1,1,1,1,0
24,7,20260106,3,1,jurisdiction,Jurisdiction,0.0,1,0,1,0,1,0,1,1
25,7,20260106,3,1,important_dates,Dates,0.3,0,0,1,1,1,0,1,1
26,7,20260106,3,1,amounts,Amounts,0.949,0,0,1,1,1,1,1,0
27,7,20260106,3,1,case_category,Category,0.89,0,0,1,1,1,1,1,0
28,10,20260106,1,1,case_title,Case title,0.95,0,0,1,1,1,1,1,0
29,10,20260106,1,1,case_reference,Case reference,0.95,0,0,1,1,1,1,1,0
30,10,20260106,1,1,client_name,Client,0.95,0,0,1,1,1,1,1,0
31,10,20260106,1,1,opposing_party,Opposing party,0.95,0,0,1,1,1,1,1,0
32,10,20260106,1,1,document_type,Document type,0.93,0,0,1,1,1,1,1,0
33,10,20260106,1,1,jurisdiction,Jurisdiction,0.95,0,0,1,1,1,1,1,0
34,10,20260106,1,1,important_dates,Dates,0.95,0,0,1,1,1,1,1,0
35,10,20260106,1,1,amounts,Amounts,0.95,0,0,1,1,1,1,1,0
36,10,20260106,1,1,case_category,Category,0.86,0,0,1,1,1,1,1,0
37,12,20260107,13,1,case_title,Case title,0.95,0,0,1,1,1,1,1,0
38,12,20260107,13,1,case_reference,Case reference,0.95,0,0,1,1,1,1,1,0
39,12,20260107,13,1,client_name,Client,0.95,0,0,1,1,1,1,1,0
40,12,20260107,13,1,opposing_party,Opposing party,0.95,0,0,1,1,1,1,1,0
41,12,20260107,13,1,document_type,Document type,0.93,0,0,1,1,1,1,1,0
42,12,20260107,13,1,jurisdiction,Jurisdiction,0.0,1,0,0,0,1,1,1,0
43,12,20260107,13,1,important_dates,Dates,0.95,0,0,1,1,1,1,1,0
44,12,20260107,13,1,amounts,Amounts,0.0,1,0,0,0,1,1,1,0
45,12,20260107,13,1,case_category,Category,0.9,0,0,1,1,1,1,1,0
46,14,20260107,11,1,case_title,Case title,0.95,0,0,1,1,1,1,1,0
47,14,20260107,11,1,case_reference,Case reference,0.95,0,0,1,1,1,1,1,0
48,14,20260107,11,1,client_name,Client,0.95,0,0,1,1,1,1,1,0
49,14,20260107,11,1,opposing_party,Opposing party,0.95,0,0,1,1,1,1,1,0
50,14,20260107,11,1,document_type,Document type,0.93,0,0,1,1,1,1,1,0
51,14,20260107,11,1,jurisdiction,Jurisdiction,0.95,0,0,1,1,1,1,1,0
52,14,20260107,11,1,important_dates,Dates,0.95,0,0,1,1,1,1,1,0
53,14,20260107,11,1,amounts,Amounts,0.95,0,0,1,1,1,1,1,0
54,14,20260107,11,1,case_category,Category,0.95,0,0,1,1,1,1,1,0
55,20,20260109,1,1,case_title,Case title,0.95,0,0,1,1,1,1,1,0
56,20,20260109,1,1,case_reference,Case reference,0.95,0,0,1,1,1,1,1,0
57,20,20260109,1,1,client_name,Client,0.95,0,0,1,1,1,1,1,0
58,20,20260109,1,1,opposing_party,Opposing party,0.95,0,0,1,1,1,1,1,0
59,20,20260109,1,1,document_type,Document type,0.93,0,0,1,1,1,1,1,0
60,20,20260109,1,1,jurisdiction,Jurisdiction,0.95,0,0,1,1,1,1,1,0
61,20,20260109,1,1,important_dates,Dates,0.95,0,0,1,1,1,1,1,0
62,20,20260109,1,1,amounts,Amounts,0.95,0,0,1,1,1,1,1,0
63,20,20260109,1,1,case_category,Category,0.85,0,0,1,1,1,1,1,0
64,25,20260109,1,1,case_title,Case title,0.95,0,0,1,1,1,1,1,0
65,25,20260109,1,1,case_reference,Case reference,0.95,0,0,1,1,1,1,1,0
66,25,20260109,1,1,client_name,Client,0.95,0,0,1,1,1,1,1,0
67,25,20260109,1,1,opposing_party,Opposing party,0.95,0,0,1,1,1,1,1,0
68,25,20260109,1,1,document_type,Document type,0.93,0,0,1,1,1,1,1,0
69,25,20260109,1,1,jurisdiction,Jurisdiction,0.95,0,0,1,1,1,1,1,0
70,25,20260109,1,1,important_dates,Dates,0.95,0,0,1,1,1,1,1,0
71,25,20260109,1,1,amounts,Amounts,0.95,0,0,1,1,1,1,1,0
72,25,20260109,1,1,case_category,Category,0.95,0,0,1,1,1,1,1,0
73,28,20260109,4,1,case_title,Case title,0.95,0,0,1,1,1,1,1,0
74,28,20260109,4,1,case_reference,Case reference,0.95,0,0,1,1,1,1,1,0
75,28,20260109,4,1,client_name,Client,0.95,0,0,1,1,1,1,1,0
76,28,20260109,4,1,opposing_party,Opposing party,0.95,0,0,1,1,1,1,1,0
77,28,20260109,4,1,document_type,Document type,0.93,0,0,1,1,1,1,1,0
78,28,20260109,4,1,jurisdiction,Jurisdiction,0.95,0,0,1,1,1,1,1,0
79,28,20260109,4,1,important_dates,Dates,0.5,0,0,1,1,1,1,1,0
80,28,20260109,4,1,amounts,Amounts,0.95,0,0,1,1,1,1,1,0
81,28,20260109,4,1,case_category,Category,0.95,0,0,1,1,1,1,1,0
82,31,20260110,3,2,case_title,Case title,0.85,0,0,1,1,1,0,0,
83,31,20260110,3,2,case_reference,Case reference,0.85,0,0,1,1,1,1,0,
84,31,20260110,3,2,client_name,Client,0.85,0,0,1,1,1,0,0,
85,31,20260110,3,2,opposing_party,Opposing party,0.85,0,0,1,1,1,0,0,
86,31,20260110,3,2,document_type,Document type,0.85,0,0,1,1,1,1,0,
87,31,20260110,3,2,jurisdiction,Jurisdiction,0.85,0,0,1,1,1,0,0,
88,31,20260110,3,2,important_dates,Dates,0.299,0,0,1,1,1,0,0,
89,31,20260110,3,2,amounts,Amounts,0.0,1,0,1,0,1,0,0,
90,31,20260110,3,2,case_category,Category,0.95,0,0,1,1,1,1,0,
91,35,20260112,12,1,case_title,Case title,0.946,0,0,1,1,1,1,1,0
92,35,20260112,12,1,case_reference,Case reference,0.946,0,0,1,1,1,1,1,0
93,35,20260112,12,1,client_name,Client,0.946,0,0,1,1,1,1,1,0
94,35,20260112,12,1,opposing_party,Opposing party,0.717,0,0,1,1,1,1,1,0
95,35,20260112,12,1,document_type,Document type,0.927,0,0,1,1,1,1,1,0
96,35,20260112,12,1,jurisdiction,Jurisdiction,0.946,0,0,1,1,1,1,1,0
97,35,20260112,12,1,important_dates,Dates,0.717,0,0,1,1,1,0,1,1
98,35,20260112,12,1,amounts,Amounts,0.0,1,0,1,0,1,0,1,1
99,35,20260112,12,1,case_category,Category,0.4,0,0,1,1,1,1,1,0
100,38,20260113,4,1,case_title,Case title,0.95,0,0,1,1,1,1,1,0
101,38,20260113,4,1,case_reference,Case reference,0.95,0,0,1,1,1,1,1,0
102,38,20260113,4,1,client_name,Client,0.95,0,0,1,1,1,1,1,0
103,38,20260113,4,1,opposing_party,Opposing party,0.95,0,0,1,1,1,1,1,0
104,38,20260113,4,1,document_type,Document type,0.93,0,0,1,1,1,1,1,0
105,38,20260113,4,1,jurisdiction,Jurisdiction,0.95,0,0,1,1,1,1,1,0
106,38,20260113,4,1,important_dates,Dates,0.95,0,0,1,1,1,1,1,0
107,38,20260113,4,1,amounts,Amounts,0.0,1,0,0,0,1,1,1,0
108,38,20260113,4,1,case_category,Category,0.83,0,0,1,1,1,1,1,0
109,40,20260113,10,1,case_title,Case title,0.95,0,0,1,1,1,1,0,
110,40,20260113,10,1,case_reference,Case reference,0.95,0,0,1,1,1,1,0,
111,40,20260113,10,1,client_name,Client,0.95,0,0,1,1,1,1,0,
112,40,20260113,10,1,opposing_party,Opposing party,0.95,0,0,1,1,1,1,0,
113,40,20260113,10,1,document_type,Document type,0.93,0,0,1,1,1,1,0,
114,40,20260113,10,1,jurisdiction,Jurisdiction,0.95,0,0,1,1,1,1,0,
115,40,20260113,10,1,important_dates,Dates,0.72,0,0,1,1,1,0,0,
116,40,20260113,10,1,amounts,Amounts,0.72,0,0,1,1,1,1,0,
117,40,20260113,10,1,case_category,Category,0.95,0,0,1,1,1,0,0,
118,43,20260114,1,1,case_title,Case title,0.95,0,0,1,1,1,1,1,0
119,43,20260114,1,1,case_reference,Case reference,0.95,0,0,1,1,1,1,1,0
120,43,20260114,1,1,client_name,Client,0.95,0,0,1,1,1,1,1,0
121,43,20260114,1,1,opposing_party,Opposing party,0.95,0,0,1,1,1,1,1,0
122,43,20260114,1,1,document_type,Document type,0.93,0,0,1,1,1,1,1,0
123,43,20260114,1,1,jurisdiction,Jurisdiction,0.95,0,0,1,1,1,1,1,0
124,43,20260114,1,1,important_dates,Dates,0.95,0,0,1,1,1,1,1,0
125,43,20260114,1,1,amounts,Amounts,0.95,0,0,1,1,1,1,1,0
126,43,20260114,1,1,case_category,Category,0.9,0,0,1,1,1,1,1,0
127,45,20260114,1,1,case_title,Case title,0.95,0,0,1,1,1,1,1,0
128,45,20260114,1,1,case_reference,Case reference,0.95,0,0,1,1,1,1,1,0
129,45,20260114,1,1,client_name,Client,0.95,0,0,1,1,1,1,1,0
130,45,20260114,1,1,opposing_party,Opposing party,0.95,0,0,1,1,1,1,1,0
131,45,20260114,1,1,document_type,Document type,0.93,0,0,1,1,1,1,1,0
132,45,20260114,1,1,jurisdiction,Jurisdiction,0.95,0,0,1,1,1,1,1,0
133,45,20260114,1,1,important_dates,Dates,0.95,0,0,1,1,1,1,1,0
134,45,20260114,1,1,amounts,Amounts,0.95,0,0,1,1,1,1,1,0
135,45,20260114,1,1,case_category,Category,0.95,0,0,1,1,1,1,1,0
136,50,20260116,3,1,case_title,Case title,0.948,0,0,1,1,1,1,0,
137,50,20260116,3,1,case_reference,Case reference,0.948,0,0,1,1,1,1,0,
138,50,20260116,3,1,client_name,Client,0.948,0,0,1,1,1,0,0,
139,50,20260116,3,1,opposing_party,Opposing party,0.719,0,0,1,1,1,0,0,
140,50,20260116,3,1,document_type,Document type,0.719,0,0,1,1,1,1,0,
141,50,20260116,3,1,jurisdiction,Jurisdiction,0.719,0,0,1,1,1,1,0,
142,50,20260116,3,1,important_dates,Dates,0.948,0,0,1,1,1,0,0,
143,50,20260116,3,1,amounts,Amounts,0.0,1,0,1,0,1,0,0,
144,50,20260116,3,1,case_category,Category,0.85,0,0,1,1,1,1,0,
145,53,20260116,2,1,case_title,Case title,0.95,0,0,1,1,1,1,1,0
146,53,20260116,2,1,case_reference,Case reference,0.95,0,0,1,1,1,1,1,0
147,53,20260116,2,1,client_name,Client,0.95,0,0,1,1,1,1,1,0
148,53,20260116,2,1,opposing_party,Opposing party,0.95,0,0,1,1,1,1,1,0
149,53,20260116,2,1,document_type,Document type,0.93,0,0,1,1,1,1,1,0
150,53,20260116,2,1,jurisdiction,Jurisdiction,0.95,0,0,1,1,1,1,1,0
151,53,20260116,2,1,important_dates,Dates,0.95,0,0,1,1,1,1,1,0
152,53,20260116,2,1,amounts,Amounts,0.95,0,0,1,1,1,1,1,0
153,53,20260116,2,1,case_category,Category,0.95,0,0,1,1,1,1,1,0
154,56,20260116,3,1,case_title,Case title,0.945,0,0,1,1,1,1,1,0
155,56,20260116,3,1,case_reference,Case reference,0.945,0,0,1,1,1,1,1,0
156,56,20260116,3,1,client_name,Client,0.945,0,0,1,1,1,1,1,0
157,56,20260116,3,1,opposing_party,Opposing party,0.945,0,0,1,1,1,1,1,0
158,56,20260116,3,1,document_type,Document type,0.925,0,0,1,1,1,1,1,0
159,56,20260116,3,1,jurisdiction,Jurisdiction,0.945,0,0,1,1,1,1,1,0
160,56,20260116,3,1,important_dates,Dates,0.716,0,0,1,1,1,1,1,0
161,56,20260116,3,1,amounts,Amounts,0.945,0,0,1,1,1,1,1,0
162,56,20260116,3,1,case_category,Category,0.95,0,0,1,1,1,1,1,0
163,60,20260119,2,1,case_title,Case title,0.95,0,0,1,1,1,1,1,0
164,60,20260119,2,1,case_reference,Case reference,0.95,0,0,1,1,1,1,1,0
165,60,20260119,2,1,client_name,Client,0.95,0,0,1,1,1,1,1,0
166,60,20260119,2,1,opposing_party,Opposing party,0.95,0,0,1,1,1,1,1,0
167,60,20260119,2,1,document_type,Document type,0.93,0,0,1,1,1,1,1,0
168,60,20260119,2,1,jurisdiction,Jurisdiction,0.95,0,0,1,1,1,1,1,0
169,60,20260119,2,1,important_dates,Dates,0.95,0,0,1,1,1,1,1,0
170,60,20260119,2,1,amounts,Amounts,0.95,0,0,1,1,1,1,1,0
171,60,20260119,2,1,case_category,Category,0.95,0,0,1,1,1,1,1,0
172,62,20260119,11,1,case_title,Case title,0.95,0,0,1,1,1,1,1,0
173,62,20260119,11,1,case_reference,Case reference,0.95,0,0,1,1,1,1,1,0
174,62,20260119,11,1,client_name,Client,0.95,0,0,1,1,1,1,1,0
175,62,20260119,11,1,opposing_party,Opposing party,0.95,0,0,1,1,1,1,1,0
176,62,20260119,11,1,document_type,Document type,0.93,0,0,1,1,1,1,1,0
177,62,20260119,11,1,jurisdiction,Jurisdiction,0.95,0,0,1,1,1,1,1,0
178,62,20260119,11,1,important_dates,Dates,0.95,0,0,1,1,1,1,1,0
179,62,20260119,11,1,amounts,Amounts,0.95,0,0,1,1,1,1,1,0
180,62,20260119,11,1,case_category,Category,0.95,0,0,1,1,1,1,1,0
181,64,20260120,3,1,case_title,Case title,0.945,0,0,1,1,1,0,1,1
182,64,20260120,3,1,case_reference,Case reference,0.945,0,0,1,1,1,1,1,0
183,64,20260120,3,1,client_name,Client,0.945,0,0,1,1,1,1,1,0
184,64,20260120,3,1,opposing_party,Opposing party,0.945,0,0,1,1,1,1,1,0
185,64,20260120,3,1,document_type,Document type,0.717,0,0,1,1,1,1,1,0
186,64,20260120,3,1,jurisdiction,Jurisdiction,0.945,0,0,1,1,1,1,1,0
187,64,20260120,3,1,important_dates,Dates,0.945,0,0,1,1,1,0,1,1
188,64,20260120,3,1,amounts,Amounts,0.945,0,0,1,1,1,1,1,0
189,64,20260120,3,1,case_category,Category,0.88,0,0,1,1,1,1,1,0
190,68,20260121,1,1,case_title,Case title,0.95,0,0,1,1,1,1,1,0
191,68,20260121,1,1,case_reference,Case reference,0.95,0,0,1,1,1,1,1,0
192,68,20260121,1,1,client_name,Client,0.95,0,0,1,1,1,1,1,0
193,68,20260121,1,1,opposing_party,Opposing party,0.95,0,0,1,1,1,1,1,0
194,68,20260121,1,1,document_type,Document type,0.93,0,0,1,1,1,1,1,0
195,68,20260121,1,1,jurisdiction,Jurisdiction,0.95,0,0,1,1,1,1,1,0
196,68,20260121,1,1,important_dates,Dates,0.95,0,0,1,1,1,1,1,0
197,68,20260121,1,1,amounts,Amounts,0.95,0,0,1,1,1,1,1,0
198,68,20260121,1,1,case_category,Category,0.95,0,0,1,1,1,1,1,0
199,72,20260121,11,1,case_title,Case title,0.95,0,0,1,1,1,1,1,0
200,72,20260121,11,1,case_reference,Case reference,0.95,0,0,1,1,1,1,1,0
201,72,20260121,11,1,client_name,Client,0.95,0,0,1,1,1,1,1,0
202,72,20260121,11,1,opposing_party,Opposing party,0.95,0,0,1,1,1,1,1,0
203,72,20260121,11,1,document_type,Document type,0.93,0,0,1,1,1,1,1,0
204,72,20260121,11,1,jurisdiction,Jurisdiction,0.95,0,0,1,1,1,1,1,0
205,72,20260121,11,1,important_dates,Dates,0.95,0,0,1,1,1,1,1,0
206,72,20260121,11,1,amounts,Amounts,0.95,0,0,1,1,1,1,1,0
207,72,20260121,11,1,case_category,Category,0.86,0,0,1,1,1,1,1,0
208,76,20260122,1,1,case_title,Case title,0.95,0,0,1,1,1,1,1,0
209,76,20260122,1,1,case_reference,Case reference,0.95,0,0,1,1,1,1,1,0
210,76,20260122,1,1,client_name,Client,0.95,0,0,1,1,1,1,1,0
211,76,20260122,1,1,opposing_party,Opposing party,0.95,0,0,1,1,1,1,1,0
212,76,20260122,1,1,document_type,Document type,0.93,0,0,1,1,1,1,1,0
213,76,20260122,1,1,jurisdiction,Jurisdiction,0.68,0,0,1,1,1,1,1,0
214,76,20260122,1,1,important_dates,Dates,0.95,0,0,1,1,1,1,1,0
215,76,20260122,1,1,amounts,Amounts,0.95,0,0,1,1,1,1,1,0
216,76,20260122,1,1,case_category,Category,0.95,0,0,1,1,1,1,1,0
217,80,20260122,10,1,case_title,Case title,0.947,0,0,1,1,1,0,1,1
218,80,20260122,10,1,case_reference,Case reference,0.0,1,0,1,0,1,0,1,1
219,80,20260122,10,1,client_name,Client,0.947,0,0,1,1,1,1,1,0
220,80,20260122,10,1,opposing_party,Opposing party,0.947,0,0,1,1,1,1,1,0
221,80,20260122,10,1,document_type,Document type,0.927,0,0,1,1,1,1,1,0
222,80,20260122,10,1,jurisdiction,Jurisdiction,0.947,0,0,1,1,1,1,1,0
223,80,20260122,10,1,important_dates,Dates,0.718,0,0,1,1,1,1,1,0
224,80,20260122,10,1,amounts,Amounts,0.947,0,0,1,1,1,1,1,0
225,80,20260122,10,1,case_category,Category,0.95,0,0,1,1,1,1,1,0
226,83,20260123,1,1,case_title,Case title,0.95,0,0,1,1,1,1,1,0
227,83,20260123,1,1,case_reference,Case reference,0.95,0,0,1,1,1,1,1,0
228,83,20260123,1,1,client_name,Client,0.95,0,0,1,1,1,1,1,0
229,83,20260123,1,1,opposing_party,Opposing party,0.95,0,0,1,1,1,1,1,0
230,83,20260123,1,1,document_type,Document type,0.93,0,0,1,1,1,1,1,0
231,83,20260123,1,1,jurisdiction,Jurisdiction,0.95,0,0,1,1,1,1,1,0
232,83,20260123,1,1,important_dates,Dates,0.95,0,0,1,1,1,1,1,0
233,83,20260123,1,1,amounts,Amounts,0.95,0,0,1,1,1,1,1,0
234,83,20260123,1,1,case_category,Category,0.85,0,0,1,1,1,1,1,0
235,87,20260126,2,1,case_title,Case title,0.95,0,0,1,1,1,1,1,0
236,87,20260126,2,1,case_reference,Case reference,0.95,0,0,1,1,1,1,1,0
237,87,20260126,2,1,client_name,Client,0.95,0,0,1,1,1,1,1,0
238,87,20260126,2,1,opposing_party,Opposing party,0.95,0,0,1,1,1,1,1,0
239,87,20260126,2,1,document_type,Document type,0.93,0,0,1,1,1,1,1,0
240,87,20260126,2,1,jurisdiction,Jurisdiction,0.95,0,0,1,1,1,1,1,0
241,87,20260126,2,1,important_dates,Dates,0.95,0,0,1,1,1,1,1,0
242,87,20260126,2,1,amounts,Amounts,0.95,0,0,1,1,1,1,1,0
243,87,20260126,2,1,case_category,Category,0.95,0,0,1,1,1,1,1,0
244,90,20260127,2,1,case_title,Case title,0.95,0,0,1,1,1,1,1,0
245,90,20260127,2,1,case_reference,Case reference,0.95,0,0,1,1,1,1,1,0
246,90,20260127,2,1,client_name,Client,0.95,0,0,1,1,1,1,1,0
247,90,20260127,2,1,opposing_party,Opposing party,0.95,0,0,1,1,1,1,1,0
248,90,20260127,2,1,document_type,Document type,0.93,0,0,1,1,1,1,1,0
249,90,20260127,2,1,jurisdiction,Jurisdiction,0.95,0,0,1,1,1,1,1,0
250,90,20260127,2,1,important_dates,Dates,0.95,0,0,1,1,1,1,1,0
251,90,20260127,2,1,amounts,Amounts,0.95,0,0,1,1,1,1,1,0
252,90,20260127,2,1,case_category,Category,0.95,0,0,1,1,1,1,1,0
253,93,20260128,2,1,case_title,Case title,0.95,0,0,1,1,1,1,1,0
254,93,20260128,2,1,case_reference,Case reference,0.95,0,0,1,1,1,1,1,0
255,93,20260128,2,1,client_name,Client,0.95,0,0,1,1,1,1,1,0
256,93,20260128,2,1,opposing_party,Opposing party,0.95,0,0,1,1,1,1,1,0
257,93,20260128,2,1,document_type,Document type,0.93,0,0,1,1,1,1,1,0
258,93,20260128,2,1,jurisdiction,Jurisdiction,0.95,0,0,1,1,1,1,1,0
259,93,20260128,2,1,important_dates,Dates,0.95,0,0,1,1,1,1,1,0
260,93,20260128,2,1,amounts,Amounts,0.95,0,0,1,1,1,1,1,0
261,93,20260128,2,1,case_category,Category,0.95,0,0,1,1,1,1,1,0
262,98,20260128,9,1,case_title,Case title,0.95,0,0,1,1,1,1,1,0
263,98,20260128,9,1,case_reference,Case reference,0.95,0,0,1,1,1,1,1,0
264,98,20260128,9,1,client_name,Client,0.95,0,0,1,1,1,1,1,0
265,98,20260128,9,1,opposing_party,Opposing party,0.95,0,0,1,1,1,1,1,0
266,98,20260128,9,1,document_type,Document type,0.93,0,0,1,1,1,1,1,0
267,98,20260128,9,1,jurisdiction,Jurisdiction,0.95,0,0,1,1,1,1,1,0
268,98,20260128,9,1,important_dates,Dates,0.95,0,0,1,1,1,1,1,0
269,98,20260128,9,1,amounts,Amounts,0.95,0,0,1,1,1,1,1,0
270,98,20260128,9,1,case_category,Category,0.72,0,0,1,1,1,0,1,1
271,104,20260130,1,1,case_title,Case title,0.95,0,0,1,1,1,1,1,0
272,104,20260130,1,1,case_reference,Case reference,0.95,0,0,1,1,1,1,1,0
273,104,20260130,1,1,client_name,Client,0.95,0,0,1,1,1,1,1,0
274,104,20260130,1,1,opposing_party,Opposing party,0.95,0,0,1,1,1,1,1,0
275,104,20260130,1,1,document_type,Document type,0.93,0,0,1,1,1,1,1,0
276,104,20260130,1,1,jurisdiction,Jurisdiction,0.95,0,0,1,1,1,1,1,0
277,104,20260130,1,1,important_dates,Dates,0.95,0,0,1,1,1,1,1,0
278,104,20260130,1,1,amounts,Amounts,0.95,0,0,1,1,1,1,1,0
279,104,20260130,1,1,case_category,Category,0.74,0,0,1,1,1,0,1,1
280,107,20260131,3,1,case_title,Case title,0.0,1,0,1,0,1,0,0,
281,107,20260131,3,1,case_reference,Case reference,0.949,0,0,1,1,1,1,0,
282,107,20260131,3,1,client_name,Client,0.949,0,0,1,1,1,1,0,
283,107,20260131,3,1,opposing_party,Opposing party,0.949,0,0,1,1,1,1,0,
284,107,20260131,3,1,document_type,Document type,0.929,0,0,1,1,1,1,0,
285,107,20260131,3,1,jurisdiction,Jurisdiction,0.949,0,0,1,1,1,0,0,
286,107,20260131,3,1,important_dates,Dates,0.719,0,0,1,1,1,1,0,
287,107,20260131,3,1,amounts,Amounts,0.949,0,0,1,1,1,1,0,
288,107,20260131,3,1,case_category,Category,0.95,0,0,1,1,1,1,0,
289,109,20260203,9,2,case_title,Case title,0.85,0,0,1,1,1,1,1,0
290,109,20260203,9,2,case_reference,Case reference,0.85,0,0,1,1,1,1,1,0
291,109,20260203,9,2,client_name,Client,0.85,0,0,1,1,1,1,1,0
292,109,20260203,9,2,opposing_party,Opposing party,0.85,0,0,1,1,1,1,1,0
293,109,20260203,9,2,document_type,Document type,0.85,0,0,1,1,1,1,1,0
294,109,20260203,9,2,jurisdiction,Jurisdiction,0.85,0,0,1,1,1,1,1,0
295,109,20260203,9,2,important_dates,Dates,0.85,0,0,1,1,1,1,1,0
296,109,20260203,9,2,amounts,Amounts,0.85,0,0,1,1,1,1,1,0
297,109,20260203,9,2,case_category,Category,0.95,0,0,1,1,1,1,1,0
298,114,20260204,1,1,case_title,Case title,0.95,0,0,1,1,1,1,1,0
299,114,20260204,1,1,case_reference,Case reference,0.95,0,0,1,1,1,1,1,0
300,114,20260204,1,1,client_name,Client,0.95,0,0,1,1,1,1,1,0
301,114,20260204,1,1,opposing_party,Opposing party,0.95,0,0,1,1,1,1,1,0
302,114,20260204,1,1,document_type,Document type,0.93,0,0,1,1,1,1,1,0
303,114,20260204,1,1,jurisdiction,Jurisdiction,0.95,0,0,1,1,1,1,1,0
304,114,20260204,1,1,important_dates,Dates,0.95,0,0,1,1,1,1,1,0
305,114,20260204,1,1,amounts,Amounts,0.95,0,0,1,1,1,1,1,0
306,114,20260204,1,1,case_category,Category,0.95,0,0,1,1,1,1,1,0
307,117,20260204,1,1,case_title,Case title,0.95,0,0,1,1,1,1,1,0
308,117,20260204,1,1,case_reference,Case reference,0.95,0,0,1,1,1,1,1,0
309,117,20260204,1,1,client_name,Client,0.95,0,0,1,1,1,1,1,0
310,117,20260204,1,1,opposing_party,Opposing party,0.95,0,0,1,1,1,1,1,0
311,117,20260204,1,1,document_type,Document type,0.93,0,0,1,1,1,1,1,0
312,117,20260204,1,1,jurisdiction,Jurisdiction,0.95,0,0,1,1,1,1,1,0
313,117,20260204,1,1,important_dates,Dates,0.95,0,0,1,1,1,1,1,0
314,117,20260204,1,1,amounts,Amounts,0.95,0,0,1,1,1,1,1,0
315,117,20260204,1,1,case_category,Category,0.95,0,0,1,1,1,1,1,0
316,120,20260205,1,1,case_title,Case title,0.95,0,0,1,1,1,1,1,0
317,120,20260205,1,1,case_reference,Case reference,0.95,0,0,1,1,1,1,1,0
318,120,20260205,1,1,client_name,Client,0.95,0,0,1,1,1,1,1,0
319,120,20260205,1,1,opposing_party,Opposing party,0.95,0,0,1,1,1,1,1,0
320,120,20260205,1,1,document_type,Document type,0.93,0,0,1,1,1,1,1,0
321,120,20260205,1,1,jurisdiction,Jurisdiction,0.68,0,0,1,1,1,1,1,0
322,120,20260205,1,1,important_dates,Dates,0.95,0,0,1,1,1,1,1,0
323,120,20260205,1,1,amounts,Amounts,0.95,0,0,1,1,1,1,1,0
324,120,20260205,1,1,case_category,Category,0.95,0,0,1,1,1,1,1,0
325,124,20260206,2,2,case_title,Case title,0.85,0,0,1,1,1,1,1,0
326,124,20260206,2,2,case_reference,Case reference,0.85,0,0,1,1,1,1,1,0
327,124,20260206,2,2,client_name,Client,0.85,0,0,1,1,1,1,1,0
328,124,20260206,2,2,opposing_party,Opposing party,0.85,0,0,1,1,1,1,1,0
329,124,20260206,2,2,document_type,Document type,0.85,0,0,1,1,1,1,1,0
330,124,20260206,2,2,jurisdiction,Jurisdiction,0.85,0,0,1,1,1,1,1,0
331,124,20260206,2,2,important_dates,Dates,0.85,0,0,1,1,1,1,1,0
332,124,20260206,2,2,amounts,Amounts,0.85,0,0,1,1,1,1,1,0
333,124,20260206,2,2,case_category,Category,0.9,0,0,1,1,1,1,1,0
334,126,20260206,4,1,case_title,Case title,0.95,0,0,1,1,1,1,1,0
335,126,20260206,4,1,case_reference,Case reference,0.95,0,0,1,1,1,1,1,0
336,126,20260206,4,1,client_name,Client,0.95,0,0,1,1,1,1,1,0
337,126,20260206,4,1,opposing_party,Opposing party,0.95,0,0,1,1,1,1,1,0
338,126,20260206,4,1,document_type,Document type,0.93,0,0,1,1,1,1,1,0
339,126,20260206,4,1,jurisdiction,Jurisdiction,0.0,1,0,0,0,1,1,1,0
340,126,20260206,4,1,important_dates,Dates,0.5,0,0,1,1,1,1,1,0
341,126,20260206,4,1,amounts,Amounts,0.95,0,0,1,1,1,1,1,0
342,126,20260206,4,1,case_category,Category,0.74,0,0,1,1,1,0,1,1
343,129,20260206,1,1,case_title,Case title,0.95,0,0,1,1,1,1,1,0
344,129,20260206,1,1,case_reference,Case reference,0.95,0,0,1,1,1,1,1,0
345,129,20260206,1,1,client_name,Client,0.95,0,0,1,1,1,1,1,0
346,129,20260206,1,1,opposing_party,Opposing party,0.95,0,0,1,1,1,1,1,0
347,129,20260206,1,1,document_type,Document type,0.93,0,0,1,1,1,1,1,0
348,129,20260206,1,1,jurisdiction,Jurisdiction,0.95,0,0,1,1,1,1,1,0
349,129,20260206,1,1,important_dates,Dates,0.95,0,0,1,1,1,1,1,0
350,129,20260206,1,1,amounts,Amounts,0.95,0,0,1,1,1,1,1,0
351,129,20260206,1,1,case_category,Category,0.9,0,0,1,1,1,1,1,0
352,132,20260206,1,1,case_title,Case title,0.95,0,0,1,1,1,1,1,0
353,132,20260206,1,1,case_reference,Case reference,0.95,0,0,1,1,1,1,1,0
354,132,20260206,1,1,client_name,Client,0.95,0,0,1,1,1,1,1,0
355,132,20260206,1,1,opposing_party,Opposing party,0.95,0,0,1,1,1,1,1,0
356,132,20260206,1,1,document_type,Document type,0.93,0,0,1,1,1,1,1,0
357,132,20260206,1,1,jurisdiction,Jurisdiction,0.95,0,0,1,1,1,1,1,0
358,132,20260206,1,1,important_dates,Dates,0.95,0,0,1,1,1,1,1,0
359,132,20260206,1,1,amounts,Amounts,0.95,0,0,1,1,1,1,1,0
360,132,20260206,1,1,case_category,Category,0.95,0,0,1,1,1,1,1,0
361,135,20260209,1,1,case_title,Case title,0.95,0,0,1,1,1,1,1,0
362,135,20260209,1,1,case_reference,Case reference,0.95,0,0,1,1,1,1,1,0
363,135,20260209,1,1,client_name,Client,0.95,0,0,1,1,1,1,1,0
364,135,20260209,1,1,opposing_party,Opposing party,0.95,0,0,1,1,1,1,1,0
365,135,20260209,1,1,document_type,Document type,0.93,0,0,1,1,1,1,1,0
366,135,20260209,1,1,jurisdiction,Jurisdiction,0.68,0,0,1,1,1,1,1,0
367,135,20260209,1,1,important_dates,Dates,0.95,0,0,1,1,1,1,1,0
368,135,20260209,1,1,amounts,Amounts,0.95,0,0,1,1,1,1,1,0
369,135,20260209,1,1,case_category,Category,0.92,0,0,1,1,1,1,1,0
370,141,20260210,3,1,case_title,Case title,0.944,0,0,1,1,1,0,1,1
371,141,20260210,3,1,case_reference,Case reference,0.0,1,0,1,0,1,0,1,1
372,141,20260210,3,1,client_name,Client,0.944,0,0,1,1,1,1,1,0
373,141,20260210,3,1,opposing_party,Opposing party,0.944,0,0,1,1,1,1,1,0
374,141,20260210,3,1,document_type,Document type,0.924,0,0,1,1,1,1,1,0
375,141,20260210,3,1,jurisdiction,Jurisdiction,0.0,1,0,1,0,1,0,1,1
376,141,20260210,3,1,important_dates,Dates,0.944,0,0,1,1,1,0,1,1
377,141,20260210,3,1,amounts,Amounts,0.944,0,0,1,1,1,1,1,0
378,141,20260210,3,1,case_category,Category,0.85,0,0,1,1,1,1,1,0
379,148,20260213,4,1,case_title,Case title,0.95,0,0,1,1,1,1,1,0
380,148,20260213,4,1,case_reference,Case reference,0.95,0,0,1,1,1,1,1,0
381,148,20260213,4,1,client_name,Client,0.95,0,0,1,1,1,1,1,0
382,148,20260213,4,1,opposing_party,Opposing party,0.0,1,0,0,0,1,1,1,0
383,148,20260213,4,1,document_type,Document type,0.93,0,0,1,1,1,1,1,0
384,148,20260213,4,1,jurisdiction,Jurisdiction,0.95,0,0,1,1,1,1,1,0
385,148,20260213,4,1,important_dates,Dates,0.95,0,0,1,1,1,1,1,0
386,148,20260213,4,1,amounts,Amounts,0.95,0,0,1,1,1,1,1,0
387,148,20260213,4,1,case_category,Category,0.95,0,0,1,1,1,1,1,0
388,150,20260216,11,1,case_title,Case title,0.95,0,0,1,1,1,1,1,0
389,150,20260216,11,1,case_reference,Case reference,0.95,0,0,1,1,1,1,1,0
390,150,20260216,11,1,client_name,Client,0.95,0,0,1,1,1,1,1,0
391,150,20260216,11,1,opposing_party,Opposing party,0.95,0,0,1,1,1,1,1,0
392,150,20260216,11,1,document_type,Document type,0.93,0,0,1,1,1,1,1,0
393,150,20260216,11,1,jurisdiction,Jurisdiction,0.95,0,0,1,1,1,1,1,0
394,150,20260216,11,1,important_dates,Dates,0.95,0,0,1,1,1,1,1,0
395,150,20260216,11,1,amounts,Amounts,0.95,0,0,1,1,1,1,1,0
396,150,20260216,11,1,case_category,Category,0.95,0,0,1,1,1,1,1,0
397,152,20260216,6,1,case_title,Case title,0.95,0,0,1,1,1,1,1,0
398,152,20260216,6,1,case_reference,Case reference,0.95,0,0,1,1,1,1,1,0
399,152,20260216,6,1,client_name,Client,0.95,0,0,1,1,1,1,1,0
400,152,20260216,6,1,opposing_party,Opposing party,0.95,0,0,1,1,1,1,1,0
401,152,20260216,6,1,document_type,Document type,0.93,0,0,1,1,1,1,1,0
402,152,20260216,6,1,jurisdiction,Jurisdiction,0.95,0,0,1,1,1,1,1,0
403,152,20260216,6,1,important_dates,Dates,0.95,0,0,1,1,1,1,1,0
404,152,20260216,6,1,amounts,Amounts,0.95,0,0,1,1,1,1,1,0
405,152,20260216,6,1,case_category,Category,0.95,0,0,1,1,1,1,1,0
406,155,20260216,7,1,case_title,Case title,0.95,0,0,1,1,1,1,1,0
407,155,20260216,7,1,case_reference,Case reference,0.95,0,0,1,1,1,1,1,0
408,155,20260216,7,1,client_name,Client,0.95,0,0,1,1,1,1,1,0
409,155,20260216,7,1,opposing_party,Opposing party,0.95,0,0,1,1,1,1,1,0
410,155,20260216,7,1,document_type,Document type,0.93,0,0,1,1,1,1,1,0
411,155,20260216,7,1,jurisdiction,Jurisdiction,0.95,0,0,1,1,1,1,1,0
412,155,20260216,7,1,important_dates,Dates,0.5,0,0,1,1,1,1,1,0
413,155,20260216,7,1,amounts,Amounts,0.95,0,0,1,1,1,1,1,0
414,155,20260216,7,1,case_category,Category,0.89,0,0,1,1,1,1,1,0
415,157,20260216,8,1,case_title,Case title,0.95,0,0,1,1,1,1,1,0
416,157,20260216,8,1,case_reference,Case reference,0.95,0,0,1,1,1,1,1,0
417,157,20260216,8,1,client_name,Client,0.95,0,0,1,1,1,1,1,0
418,157,20260216,8,1,opposing_party,Opposing party,0.95,0,0,1,1,1,1,1,0
419,157,20260216,8,1,document_type,Document type,0.93,0,0,1,1,1,1,1,0
420,157,20260216,8,1,jurisdiction,Jurisdiction,0.95,0,0,1,1,1,1,1,0
421,157,20260216,8,1,important_dates,Dates,0.57,0,1,1,1,1,0,1,1
422,157,20260216,8,1,amounts,Amounts,0.95,0,0,1,1,1,1,1,0
423,157,20260216,8,1,case_category,Category,0.95,0,0,1,1,1,1,1,0
424,161,20260216,6,1,case_title,Case title,0.95,0,0,1,1,1,1,1,0
425,161,20260216,6,1,case_reference,Case reference,0.95,0,0,1,1,1,1,1,0
426,161,20260216,6,1,client_name,Client,0.95,0,0,1,1,1,1,1,0
427,161,20260216,6,1,opposing_party,Opposing party,0.95,0,0,1,1,1,1,1,0
428,161,20260216,6,1,document_type,Document type,0.93,0,0,1,1,1,1,1,0
429,161,20260216,6,1,jurisdiction,Jurisdiction,0.68,0,0,1,1,1,1,1,0
430,161,20260216,6,1,important_dates,Dates,0.95,0,0,1,1,1,1,1,0
431,161,20260216,6,1,amounts,Amounts,0.95,0,0,1,1,1,1,1,0
432,161,20260216,6,1,case_category,Category,0.95,0,0,1,1,1,1,1,0
433,164,20260217,7,1,case_title,Case title,0.95,0,0,1,1,1,1,1,0
434,164,20260217,7,1,case_reference,Case reference,0.95,0,0,1,1,1,1,1,0
435,164,20260217,7,1,client_name,Client,0.95,0,0,1,1,1,1,1,0
436,164,20260217,7,1,opposing_party,Opposing party,0.95,0,0,1,1,1,1,1,0
437,164,20260217,7,1,document_type,Document type,0.93,0,0,1,1,1,1,1,0
438,164,20260217,7,1,jurisdiction,Jurisdiction,0.0,1,0,0,0,1,1,1,0
439,164,20260217,7,1,important_dates,Dates,0.95,0,0,1,1,1,1,1,0
440,164,20260217,7,1,amounts,Amounts,0.95,0,0,1,1,1,1,1,0
441,164,20260217,7,1,case_category,Category,0.95,0,0,1,1,1,1,1,0
442,166,20260217,3,1,case_title,Case title,0.947,0,0,1,1,1,1,1,0
443,166,20260217,3,1,case_reference,Case reference,0.947,0,0,1,1,1,1,1,0
444,166,20260217,3,1,client_name,Client,0.718,0,0,1,1,1,1,1,0
445,166,20260217,3,1,opposing_party,Opposing party,0.947,0,0,1,1,1,1,1,0
446,166,20260217,3,1,document_type,Document type,0.927,0,0,1,1,1,1,1,0
447,166,20260217,3,1,jurisdiction,Jurisdiction,0.947,0,0,1,1,1,0,1,1
448,166,20260217,3,1,important_dates,Dates,0.947,0,0,1,1,1,0,1,1
449,166,20260217,3,1,amounts,Amounts,0.718,0,0,1,1,1,1,1,0
450,166,20260217,3,1,case_category,Category,0.95,0,0,1,1,1,1,1,0
451,169,20260217,6,1,case_title,Case title,0.95,0,0,1,1,1,1,1,0
452,169,20260217,6,1,case_reference,Case reference,0.95,0,0,1,1,1,1,1,0
453,169,20260217,6,1,client_name,Client,0.95,0,0,1,1,1,1,1,0
454,169,20260217,6,1,opposing_party,Opposing party,0.95,0,0,1,1,1,1,1,0
455,169,20260217,6,1,document_type,Document type,0.93,0,0,1,1,1,1,1,0
456,169,20260217,6,1,jurisdiction,Jurisdiction,0.95,0,0,1,1,1,1,1,0
457,169,20260217,6,1,important_dates,Dates,0.95,0,0,1,1,1,1,1,0
458,169,20260217,6,1,amounts,Amounts,0.95,0,0,1,1,1,1,1,0
459,169,20260217,6,1,case_category,Category,0.95,0,0,1,1,1,1,1,0
460,174,20260217,6,1,case_title,Case title,0.95,0,0,1,1,1,1,1,0
461,174,20260217,6,1,case_reference,Case reference,0.95,0,0,1,1,1,1,1,0
462,174,20260217,6,1,client_name,Client,0.95,0,0,1,1,1,1,1,0
463,174,20260217,6,1,opposing_party,Opposing party,0.95,0,0,1,1,1,1,1,0
464,174,20260217,6,1,document_type,Document type,0.93,0,0,1,1,1,1,1,0
465,174,20260217,6,1,jurisdiction,Jurisdiction,0.95,0,0,1,1,1,1,1,0
466,174,20260217,6,1,important_dates,Dates,0.95,0,0,1,1,1,1,1,0
467,174,20260217,6,1,amounts,Amounts,0.95,0,0,1,1,1,1,1,0
468,174,20260217,6,1,case_category,Category,0.86,0,0,1,1,1,1,1,0
469,177,20260217,2,1,case_title,Case title,0.95,0,0,1,1,1,1,1,0
470,177,20260217,2,1,case_reference,Case reference,0.95,0,0,1,1,1,1,1,0
471,177,20260217,2,1,client_name,Client,0.95,0,0,1,1,1,1,1,0
472,177,20260217,2,1,opposing_party,Opposing party,0.95,0,0,1,1,1,1,1,0
473,177,20260217,2,1,document_type,Document type,0.93,0,0,1,1,1,1,1,0
474,177,20260217,2,1,jurisdiction,Jurisdiction,0.95,0,0,1,1,1,1,1,0
475,177,20260217,2,1,important_dates,Dates,0.95,0,0,1,1,1,1,1,0
476,177,20260217,2,1,amounts,Amounts,0.95,0,0,1,1,1,1,1,0
477,177,20260217,2,1,case_category,Category,0.95,0,0,1,1,1,1,1,0
478,181,20260217,6,1,case_title,Case title,0.95,0,0,1,1,1,1,1,0
479,181,20260217,6,1,case_reference,Case reference,0.95,0,0,1,1,1,1,1,0
480,181,20260217,6,1,client_name,Client,0.95,0,0,1,1,1,1,1,0
481,181,20260217,6,1,opposing_party,Opposing party,0.95,0,0,1,1,1,1,1,0
482,181,20260217,6,1,document_type,Document type,0.93,0,0,1,1,1,1,1,0
483,181,20260217,6,1,jurisdiction,Jurisdiction,0.95,0,0,1,1,1,1,1,0
484,181,20260217,6,1,important_dates,Dates,0.95,0,0,1,1,1,1,1,0
485,181,20260217,6,1,amounts,Amounts,0.95,0,0,1,1,1,1,1,0
486,181,20260217,6,1,case_category,Category,0.95,0,0,1,1,1,1,1,0
487,183,20260218,6,1,case_title,Case title,0.95,0,0,1,1,1,1,1,0
488,183,20260218,6,1,case_reference,Case reference,0.95,0,0,1,1,1,1,1,0
489,183,20260218,6,1,client_name,Client,0.95,0,0,1,1,1,1,1,0
490,183,20260218,6,1,opposing_party,Opposing party,0.95,0,0,1,1,1,1,1,0
491,183,20260218,6,1,document_type,Document type,0.93,0,0,1,1,1,1,1,0
492,183,20260218,6,1,jurisdiction,Jurisdiction,0.95,0,0,1,1,1,1,1,0
493,183,20260218,6,1,important_dates,Dates,0.95,0,0,1,1,1,1,1,0
494,183,20260218,6,1,amounts,Amounts,0.95,0,0,1,1,1,1,1,0
495,183,20260218,6,1,case_category,Category,0.95,0,0,1,1,1,1,1,0
496,185,20260218,8,1,case_title,Case title,0.95,0,0,1,1,1,1,1,0
497,185,20260218,8,1,case_reference,Case reference,0.95,0,0,1,1,1,1,1,0
498,185,20260218,8,1,client_name,Client,0.95,0,0,1,1,1,1,1,0
499,185,20260218,8,1,opposing_party,Opposing party,0.95,0,0,1,1,1,1,1,0
500,185,20260218,8,1,document_type,Document type,0.93,0,0,1,1,1,1,1,0
501,185,20260218,8,1,jurisdiction,Jurisdiction,0.95,0,0,1,1,1,1,1,0
502,185,20260218,8,1,important_dates,Dates,0.95,0,0,1,1,1,1,1,0
503,185,20260218,8,1,amounts,Amounts,0.57,0,1,1,1,1,0,1,1
504,185,20260218,8,1,case_category,Category,0.9,0,0,1,1,1,1,1,0
505,187,20260218,7,1,case_title,Case title,0.95,0,0,1,1,1,1,1,0
506,187,20260218,7,1,case_reference,Case reference,0.95,0,0,1,1,1,1,1,0
507,187,20260218,7,1,client_name,Client,0.95,0,0,1,1,1,1,1,0
508,187,20260218,7,1,opposing_party,Opposing party,0.0,1,0,0,0,1,1,1,0
509,187,20260218,7,1,document_type,Document type,0.93,0,0,1,1,1,1,1,0
510,187,20260218,7,1,jurisdiction,Jurisdiction,0.0,1,0,0,0,1,1,1,0
511,187,20260218,7,1,important_dates,Dates,0.95,0,0,1,1,1,1,1,0
512,187,20260218,7,1,amounts,Amounts,0.95,0,0,1,1,1,1,1,0
513,187,20260218,7,1,case_category,Category,0.95,0,0,1,1,1,1,1,0
514,189,20260218,6,1,case_title,Case title,0.95,0,0,1,1,1,1,1,0
515,189,20260218,6,1,case_reference,Case reference,0.95,0,0,1,1,1,1,1,0
516,189,20260218,6,1,client_name,Client,0.95,0,0,1,1,1,1,1,0
517,189,20260218,6,1,opposing_party,Opposing party,0.95,0,0,1,1,1,1,1,0
518,189,20260218,6,1,document_type,Document type,0.93,0,0,1,1,1,1,1,0
519,189,20260218,6,1,jurisdiction,Jurisdiction,0.68,0,0,1,1,1,1,1,0
520,189,20260218,6,1,important_dates,Dates,0.95,0,0,1,1,1,1,1,0
521,189,20260218,6,1,amounts,Amounts,0.95,0,0,1,1,1,1,1,0
522,189,20260218,6,1,case_category,Category,0.95,0,0,1,1,1,1,1,0
523,191,20260218,8,1,case_title,Case title,0.95,0,0,1,1,1,1,1,0
524,191,20260218,8,1,case_reference,Case reference,0.95,0,0,1,1,1,1,1,0
525,191,20260218,8,1,client_name,Client,0.95,0,0,1,1,1,1,1,0
526,191,20260218,8,1,opposing_party,Opposing party,0.95,0,0,1,1,1,1,1,0
527,191,20260218,8,1,document_type,Document type,0.93,0,0,1,1,1,1,1,0
528,191,20260218,8,1,jurisdiction,Jurisdiction,0.95,0,0,1,1,1,1,1,0
529,191,20260218,8,1,important_dates,Dates,0.95,0,0,1,1,1,1,1,0
530,191,20260218,8,1,amounts,Amounts,0.57,0,1,1,1,1,0,1,1
531,191,20260218,8,1,case_category,Category,0.95,0,0,1,1,1,1,1,0
532,193,20260218,6,2,case_title,Case title,0.85,0,0,1,1,1,1,1,0
533,193,20260218,6,2,case_reference,Case reference,0.85,0,0,1,1,1,1,1,0
534,193,20260218,6,2,client_name,Client,0.85,0,0,1,1,1,1,1,0
535,193,20260218,6,2,opposing_party,Opposing party,0.85,0,0,1,1,1,1,1,0
536,193,20260218,6,2,document_type,Document type,0.85,0,0,1,1,1,1,1,0
537,193,20260218,6,2,jurisdiction,Jurisdiction,0.85,0,0,1,1,1,1,1,0
538,193,20260218,6,2,important_dates,Dates,0.85,0,0,1,1,1,1,1,0
539,193,20260218,6,2,amounts,Amounts,0.85,0,0,1,1,1,1,1,0
540,193,20260218,6,2,case_category,Category,0.95,0,0,1,1,1,1,1,0
541,197,20260218,6,1,case_title,Case title,0.95,0,0,1,1,1,1,1,0
542,197,20260218,6,1,case_reference,Case reference,0.95,0,0,1,1,1,1,1,0
543,197,20260218,6,1,client_name,Client,0.95,0,0,1,1,1,1,1,0
544,197,20260218,6,1,opposing_party,Opposing party,0.95,0,0,1,1,1,1,1,0
545,197,20260218,6,1,document_type,Document type,0.93,0,0,1,1,1,1,1,0
546,197,20260218,6,1,jurisdiction,Jurisdiction,0.95,0,0,1,1,1,1,1,0
547,197,20260218,6,1,important_dates,Dates,0.95,0,0,1,1,1,1,1,0
548,197,20260218,6,1,amounts,Amounts,0.95,0,0,1,1,1,1,1,0
549,197,20260218,6,1,case_category,Category,0.95,0,0,1,1,1,1,1,0
550,200,20260218,6,1,case_title,Case title,0.95,0,0,1,1,1,1,1,0
551,200,20260218,6,1,case_reference,Case reference,0.95,0,0,1,1,1,1,1,0
552,200,20260218,6,1,client_name,Client,0.95,0,0,1,1,1,1,1,0
553,200,20260218,6,1,opposing_party,Opposing party,0.95,0,0,1,1,1,1,1,0
554,200,20260218,6,1,document_type,Document type,0.93,0,0,1,1,1,1,1,0
555,200,20260218,6,1,jurisdiction,Jurisdiction,0.95,0,0,1,1,1,1,1,0
556,200,20260218,6,1,important_dates,Dates,0.95,0,0,1,1,1,1,1,0
557,200,20260218,6,1,amounts,Amounts,0.95,0,0,1,1,1,1,1,0
558,200,20260218,6,1,case_category,Category,0.95,0,0,1,1,1,1,1,0
559,203,20260218,6,1,case_title,Case title,0.95,0,0,1,1,1,1,1,0
560,203,20260218,6,1,case_reference,Case reference,0.95,0,0,1,1,1,1,1,0
561,203,20260218,6,1,client_name,Client,0.95,0,0,1,1,1,1,1,0
562,203,20260218,6,1,opposing_party,Opposing party,0.95,0,0,1,1,1,1,1,0
563,203,20260218,6,1,document_type,Document type,0.93,0,0,1,1,1,1,1,0
564,203,20260218,6,1,jurisdiction,Jurisdiction,0.95,0,0,1,1,1,1,1,0
565,203,20260218,6,1,important_dates,Dates,0.95,0,0,1,1,1,1,1,0
566,203,20260218,6,1,amounts,Amounts,0.95,0,0,1,1,1,1,1,0
567,203,20260218,6,1,case_category,Category,0.95,0,0,1,1,1,1,1,0
568,208,20260218,1,1,case_title,Case title,0.95,0,0,1,1,1,1,1,0
569,208,20260218,1,1,case_reference,Case reference,0.95,0,0,1,1,1,1,1,0
570,208,20260218,1,1,client_name,Client,0.95,0,0,1,1,1,1,1,0
571,208,20260218,1,1,opposing_party,Opposing party,0.95,0,0,1,1,1,1,1,0
572,208,20260218,1,1,document_type,Document type,0.93,0,0,1,1,1,1,1,0
573,208,20260218,1,1,jurisdiction,Jurisdiction,0.95,0,0,1,1,1,1,1,0
574,208,20260218,1,1,important_dates,Dates,0.95,0,0,1,1,1,1,1,0
575,208,20260218,1,1,amounts,Amounts,0.95,0,0,1,1,1,1,1,0
576,208,20260218,1,1,case_category,Category,0.95,0,0,1,1,1,1,1,0
577,211,20260218,8,1,case_title,Case title,0.95,0,0,1,1,1,1,1,0
578,211,20260218,8,1,case_reference,Case reference,0.95,0,0,1,1,1,1,1,0
579,211,20260218,8,1,client_name,Client,0.95,0,0,1,1,1,1,1,0
580,211,20260218,8,1,opposing_party,Opposing party,0.95,0,0,1,1,1,1,1,0
581,211,20260218,8,1,document_type,Document type,0.93,0,0,1,1,1,1,1,0
582,211,20260218,8,1,jurisdiction,Jurisdiction,0.68,0,0,1,1,1,1,1,0
583,211,20260218,8,1,important_dates,Dates,0.95,0,0,1,1,1,1,1,0
584,211,20260218,8,1,amounts,Amounts,0.57,0,1,1,1,1,0,1,1
585,211,20260218,8,1,case_category,Category,0.95,0,0,1,1,1,1,1,0
586,213,20260218,6,1,case_title,Case title,0.95,0,0,1,1,1,1,1,0
587,213,20260218,6,1,case_reference,Case reference,0.95,0,0,1,1,1,1,1,0
588,213,20260218,6,1,client_name,Client,0.95,0,0,1,1,1,1,1,0
589,213,20260218,6,1,opposing_party,Opposing party,0.95,0,0,1,1,1,1,1,0
590,213,20260218,6,1,document_type,Document type,0.93,0,0,1,1,1,1,1,0
591,213,20260218,6,1,jurisdiction,Jurisdiction,0.95,0,0,1,1,1,1,1,0
592,213,20260218,6,1,important_dates,Dates,0.95,0,0,1,1,1,1,1,0
593,213,20260218,6,1,amounts,Amounts,0.95,0,0,1,1,1,1,1,0
594,213,20260218,6,1,case_category,Category,0.86,0,0,1,1,1,1,1,0
595,215,20260219,6,1,case_title,Case title,0.95,0,0,1,1,1,1,1,0
596,215,20260219,6,1,case_reference,Case reference,0.95,0,0,1,1,1,1,1,0
597,215,20260219,6,1,client_name,Client,0.95,0,0,1,1,1,1,1,0
598,215,20260219,6,1,opposing_party,Opposing party,0.95,0,0,1,1,1,1,1,0
599,215,20260219,6,1,document_type,Document type,0.93,0,0,1,1,1,1,1,0
600,215,20260219,6,1,jurisdiction,Jurisdiction,0.95,0,0,1,1,1,1,1,0
601,215,20260219,6,1,important_dates,Dates,0.95,0,0,1,1,1,1,1,0
602,215,20260219,6,1,amounts,Amounts,0.95,0,0,1,1,1,1,1,0
603,215,20260219,6,1,case_category,Category,0.86,0,0,1,1,1,1,1,0
604,217,20260219,6,1,case_title,Case title,0.95,0,0,1,1,1,1,1,0
605,217,20260219,6,1,case_reference,Case reference,0.95,0,0,1,1,1,1,1,0
606,217,20260219,6,1,client_name,Client,0.95,0,0,1,1,1,1,1,0
607,217,20260219,6,1,opposing_party,Opposing party,0.95,0,0,1,1,1,1,1,0
608,217,20260219,6,1,document_type,Document type,0.93,0,0,1,1,1,1,1,0
609,217,20260219,6,1,jurisdiction,Jurisdiction,0.95,0,0,1,1,1,1,1,0
610,217,20260219,6,1,important_dates,Dates,0.95,0,0,1,1,1,1,1,0
611,217,20260219,6,1,amounts,Amounts,0.95,0,0,1,1,1,1,1,0
612,217,20260219,6,1,case_category,Category,0.95,0,0,1,1,1,1,1,0
613,221,20260219,6,1,case_title,Case title,0.95,0,0,1,1,1,1,1,0
614,221,20260219,6,1,case_reference,Case reference,0.95,0,0,1,1,1,1,1,0
615,221,20260219,6,1,client_name,Client,0.95,0,0,1,1,1,1,1,0
616,221,20260219,6,1,opposing_party,Opposing party,0.95,0,0,1,1,1,1,1,0
617,221,20260219,6,1,document_type,Document type,0.93,0,0,1,1,1,1,1,0
618,221,20260219,6,1,jurisdiction,Jurisdiction,0.95,0,0,1,1,1,1,1,0
619,221,20260219,6,1,important_dates,Dates,0.95,0,0,1,1,1,1,1,0
620,221,20260219,6,1,amounts,Amounts,0.95,0,0,1,1,1,1,1,0
621,221,20260219,6,1,case_category,Category,0.95,0,0,1,1,1,1,1,0
622,223,20260219,8,1,case_title,Case title,0.95,0,0,1,1,1,1,1,0
623,223,20260219,8,1,case_reference,Case reference,0.95,0,0,1,1,1,1,1,0
624,223,20260219,8,1,client_name,Client,0.95,0,0,1,1,1,1,1,0
625,223,20260219,8,1,opposing_party,Opposing party,0.95,0,0,1,1,1,1,1,0
626,223,20260219,8,1,document_type,Document type,0.93,0,0,1,1,1,1,1,0
627,223,20260219,8,1,jurisdiction,Jurisdiction,0.95,0,0,1,1,1,1,1,0
628,223,20260219,8,1,important_dates,Dates,0.95,0,0,1,1,1,1,1,0
629,223,20260219,8,1,amounts,Amounts,0.57,0,1,1,1,1,0,1,1
630,223,20260219,8,1,case_category,Category,0.95,0,0,1,1,1,1,1,0
631,225,20260219,6,1,case_title,Case title,0.95,0,0,1,1,1,1,1,0
632,225,20260219,6,1,case_reference,Case reference,0.95,0,0,1,1,1,1,1,0
633,225,20260219,6,1,client_name,Client,0.95,0,0,1,1,1,1,1,0
634,225,20260219,6,1,opposing_party,Opposing party,0.95,0,0,1,1,1,1,1,0
635,225,20260219,6,1,document_type,Document type,0.93,0,0,1,1,1,1,1,0
636,225,20260219,6,1,jurisdiction,Jurisdiction,0.95,0,0,1,1,1,1,1,0
637,225,20260219,6,1,important_dates,Dates,0.95,0,0,1,1,1,1,1,0
638,225,20260219,6,1,amounts,Amounts,0.95,0,0,1,1,1,1,1,0
639,225,20260219,6,1,case_category,Category,0.86,0,0,1,1,1,1,1,0
640,231,20260219,4,1,case_title,Case title,0.95,0,0,1,1,1,1,1,0
641,231,20260219,4,1,case_reference,Case reference,0.95,0,0,1,1,1,1,1,0
642,231,20260219,4,1,client_name,Client,0.95,0,0,1,1,1,1,1,0
643,231,20260219,4,1,opposing_party,Opposing party,0.95,0,0,1,1,1,1,1,0
644,231,20260219,4,1,document_type,Document type,0.93,0,0,1,1,1,1,1,0
645,231,20260219,4,1,jurisdiction,Jurisdiction,0.95,0,0,1,1,1,1,1,0
646,231,20260219,4,1,important_dates,Dates,0.5,0,0,1,1,1,1,1,0
647,231,20260219,4,1,amounts,Amounts,0.95,0,0,1,1,1,1,1,0
648,231,20260219,4,1,case_category,Category,0.9,0,0,1,1,1,1,1,0
649,233,20260219,11,1,case_title,Case title,0.95,0,0,1,1,1,1,1,0
650,233,20260219,11,1,case_reference,Case reference,0.95,0,0,1,1,1,1,1,0
651,233,20260219,11,1,client_name,Client,0.95,0,0,1,1,1,1,1,0
652,233,20260219,11,1,opposing_party,Opposing party,0.95,0,0,1,1,1,1,1,0
653,233,20260219,11,1,document_type,Document type,0.93,0,0,1,1,1,1,1,0
654,233,20260219,11,1,jurisdiction,Jurisdiction,0.95,0,0,1,1,1,1,1,0
655,233,20260219,11,1,important_dates,Dates,0.95,0,0,1,1,1,1,1,0
656,233,20260219,11,1,amounts,Amounts,0.95,0,0,1,1,1,1,1,0
657,233,20260219,11,1,case_category,Category,0.95,0,0,1,1,1,1,1,0
658,241,20260219,7,1,case_title,Case title,0.95,0,0,1,1,1,1,1,0
659,241,20260219,7,1,case_reference,Case reference,0.95,0,0,1,1,1,1,1,0
660,241,20260219,7,1,client_name,Client,0.95,0,0,1,1,1,1,1,0
661,241,20260219,7,1,opposing_party,Opposing party,0.95,0,0,1,1,1,1,1,0
662,241,20260219,7,1,document_type,Document type,0.93,0,0,1,1,1,1,1,0
663,241,20260219,7,1,jurisdiction,Jurisdiction,0.95,0,0,1,1,1,1,1,0
664,241,20260219,7,1,important_dates,Dates,0.95,0,0,1,1,1,1,1,0
665,241,20260219,7,1,amounts,Amounts,0.0,1,0,0,0,1,1,1,0
666,241,20260219,7,1,case_category,Category,0.9,0,0,1,1,1,1,1,0
667,243,20260219,3,1,case_title,Case title,0.0,1,0,1,0,1,0,1,1
668,243,20260219,3,1,case_reference,Case reference,0.949,0,0,1,1,1,1,1,0
669,243,20260219,3,1,client_name,Client,0.949,0,0,1,1,1,1,1,0
670,243,20260219,3,1,opposing_party,Opposing party,0.949,0,0,1,1,1,0,1,1
671,243,20260219,3,1,document_type,Document type,0.929,0,0,1,1,1,1,1,0
672,243,20260219,3,1,jurisdiction,Jurisdiction,0.949,0,0,1,1,1,1,1,0
673,243,20260219,3,1,important_dates,Dates,0.949,0,0,1,1,1,0,1,1
674,243,20260219,3,1,amounts,Amounts,0.949,0,0,1,1,1,1,1,0
675,243,20260219,3,1,case_category,Category,0.85,0,0,1,1,1,1,1,0
676,246,20260220,1,1,case_title,Case title,0.95,0,0,1,1,1,1,1,0
677,246,20260220,1,1,case_reference,Case reference,0.95,0,0,1,1,1,1,1,0
678,246,20260220,1,1,client_name,Client,0.95,0,0,1,1,1,1,1,0
679,246,20260220,1,1,opposing_party,Opposing party,0.95,0,0,1,1,1,1,1,0
680,246,20260220,1,1,document_type,Document type,0.93,0,0,1,1,1,1,1,0
681,246,20260220,1,1,jurisdiction,Jurisdiction,0.95,0,0,1,1,1,1,1,0
682,246,20260220,1,1,important_dates,Dates,0.95,0,0,1,1,1,1,1,0
683,246,20260220,1,1,amounts,Amounts,0.95,0,0,1,1,1,1,1,0
684,246,20260220,1,1,case_category,Category,0.77,0,0,1,1,1,0,1,1
685,248,20260223,12,1,case_title,Case title,0.0,1,0,1,0,1,0,1,1
686,248,20260223,12,1,case_reference,Case reference,0.719,0,0,1,1,1,1,1,0
687,248,20260223,12,1,client_name,Client,0.948,0,0,1,1,1,0,1,1
688,248,20260223,12,1,opposing_party,Opposing party,0.0,1,0,1,0,1,0,1,1
689,248,20260223,12,1,document_type,Document type,0.719,0,0,1,1,1,1,1,0
690,248,20260223,12,1,jurisdiction,Jurisdiction,0.948,0,0,1,1,1,1,1,0
691,248,20260223,12,1,important_dates,Dates,0.948,0,0,1,1,1,1,1,0
692,248,20260223,12,1,amounts,Amounts,0.948,0,0,1,1,1,1,1,0
693,248,20260223,12,1,case_category,Category,0.95,0,0,1,1,1,1,1,0
694,250,20260223,1,1,case_title,Case title,0.95,0,0,1,1,1,1,0,
695,250,20260223,1,1,case_reference,Case reference,0.95,0,0,1,1,1,1,0,
696,250,20260223,1,1,client_name,Client,0.95,0,0,1,1,1,1,0,
697,250,20260223,1,1,opposing_party,Opposing party,0.95,0,0,1,1,1,1,0,
698,250,20260223,1,1,document_type,Document type,0.93,0,0,1,1,1,1,0,
699,250,20260223,1,1,jurisdiction,Jurisdiction,0.95,0,0,1,1,1,1,0,
700,250,20260223,1,1,important_dates,Dates,0.95,0,0,1,1,1,1,0,
701,250,20260223,1,1,amounts,Amounts,0.95,0,0,1,1,1,1,0,
702,250,20260223,1,1,case_category,Category,0.95,0,0,1,1,1,1,0,
703,252,20260224,6,1,case_title,Case title,0.95,0,0,1,1,1,1,0,
704,252,20260224,6,1,case_reference,Case reference,0.95,0,0,1,1,1,1,0,
705,252,20260224,6,1,client_name,Client,0.95,0,0,1,1,1,1,0,
706,252,20260224,6,1,opposing_party,Opposing party,0.95,0,0,1,1,1,1,0,
707,252,20260224,6,1,document_type,Document type,0.93,0,0,1,1,1,1,0,
708,252,20260224,6,1,jurisdiction,Jurisdiction,0.95,0,0,1,1,1,1,0,
709,252,20260224,6,1,important_dates,Dates,0.95,0,0,1,1,1,1,0,
710,252,20260224,6,1,amounts,Amounts,0.95,0,0,1,1,1,1,0,
711,252,20260224,6,1,case_category,Category,0.95,0,0,1,1,1,1,0,
712,254,20260225,1,1,case_title,Case title,0.95,0,0,1,1,1,1,1,0
713,254,20260225,1,1,case_reference,Case reference,0.95,0,0,1,1,1,1,1,0
714,254,20260225,1,1,client_name,Client,0.95,0,0,1,1,1,1,1,0
715,254,20260225,1,1,opposing_party,Opposing party,0.95,0,0,1,1,1,1,1,0
716,254,20260225,1,1,document_type,Document type,0.93,0,0,1,1,1,1,1,0
717,254,20260225,1,1,jurisdiction,Jurisdiction,0.95,0,0,1,1,1,1,1,0
718,254,20260225,1,1,important_dates,Dates,0.95,0,0,1,1,1,1,1,0
719,254,20260225,1,1,amounts,Amounts,0.95,0,0,1,1,1,1,1,0
720,254,20260225,1,1,case_category,Category,0.85,0,0,1,1,1,1,1,0
721,256,20260226,8,1,case_title,Case title,0.95,0,0,1,1,1,1,1,0
722,256,20260226,8,1,case_reference,Case reference,0.95,0,0,1,1,1,1,1,0
723,256,20260226,8,1,client_name,Client,0.95,0,0,1,1,1,1,1,0
724,256,20260226,8,1,opposing_party,Opposing party,0.95,0,0,1,1,1,1,1,0
725,256,20260226,8,1,document_type,Document type,0.93,0,0,1,1,1,1,1,0
726,256,20260226,8,1,jurisdiction,Jurisdiction,0.95,0,0,1,1,1,1,1,0
727,256,20260226,8,1,important_dates,Dates,0.57,0,1,1,1,1,0,1,1
728,256,20260226,8,1,amounts,Amounts,0.95,0,0,1,1,1,1,1,0
729,256,20260226,8,1,case_category,Category,0.95,0,0,1,1,1,1,1,0
730,258,20260227,1,1,case_title,Case title,0.95,0,0,1,1,1,1,1,0
731,258,20260227,1,1,case_reference,Case reference,0.95,0,0,1,1,1,1,1,0
732,258,20260227,1,1,client_name,Client,0.95,0,0,1,1,1,1,1,0
733,258,20260227,1,1,opposing_party,Opposing party,0.95,0,0,1,1,1,1,1,0
734,258,20260227,1,1,document_type,Document type,0.93,0,0,1,1,1,1,1,0
735,258,20260227,1,1,jurisdiction,Jurisdiction,0.95,0,0,1,1,1,1,1,0
736,258,20260227,1,1,important_dates,Dates,0.95,0,0,1,1,1,1,1,0
737,258,20260227,1,1,amounts,Amounts,0.95,0,0,1,1,1,1,1,0
738,258,20260227,1,1,case_category,Category,0.9,0,0,1,1,1,1,1,0
739,260,20260302,8,1,case_title,Case title,0.95,0,0,1,1,1,1,1,0
740,260,20260302,8,1,case_reference,Case reference,0.95,0,0,1,1,1,1,1,0
741,260,20260302,8,1,client_name,Client,0.95,0,0,1,1,1,1,1,0
742,260,20260302,8,1,opposing_party,Opposing party,0.95,0,0,1,1,1,1,1,0
743,260,20260302,8,1,document_type,Document type,0.93,0,0,1,1,1,1,1,0
744,260,20260302,8,1,jurisdiction,Jurisdiction,0.57,0,1,1,1,1,0,1,1
745,260,20260302,8,1,important_dates,Dates,0.95,0,0,1,1,1,1,1,0
746,260,20260302,8,1,amounts,Amounts,0.95,0,0,1,1,1,1,1,0
747,260,20260302,8,1,case_category,Category,0.87,0,0,1,1,1,1,1,0
748,263,20260302,11,1,case_title,Case title,0.95,0,0,1,1,1,1,1,0
749,263,20260302,11,1,case_reference,Case reference,0.95,0,0,1,1,1,1,1,0
750,263,20260302,11,1,client_name,Client,0.95,0,0,1,1,1,1,1,0
751,263,20260302,11,1,opposing_party,Opposing party,0.95,0,0,1,1,1,1,1,0
752,263,20260302,11,1,document_type,Document type,0.93,0,0,1,1,1,1,1,0
753,263,20260302,11,1,jurisdiction,Jurisdiction,0.95,0,0,1,1,1,1,1,0
754,263,20260302,11,1,important_dates,Dates,0.95,0,0,1,1,1,1,1,0
755,263,20260302,11,1,amounts,Amounts,0.95,0,0,1,1,1,1,1,0
756,263,20260302,11,1,case_category,Category,0.7,0,0,1,1,1,1,1,0
757,265,20260302,3,1,case_title,Case title,0.949,0,0,1,1,1,1,0,
758,265,20260302,3,1,case_reference,Case reference,0.949,0,0,1,1,1,1,0,
759,265,20260302,3,1,client_name,Client,0.949,0,0,1,1,1,1,0,
760,265,20260302,3,1,opposing_party,Opposing party,0.949,0,0,1,1,1,1,0,
761,265,20260302,3,1,document_type,Document type,0.719,0,0,1,1,1,1,0,
762,265,20260302,3,1,jurisdiction,Jurisdiction,0.949,0,0,1,1,1,1,0,
763,265,20260302,3,1,important_dates,Dates,0.949,0,0,1,1,1,0,0,
764,265,20260302,3,1,amounts,Amounts,0.949,0,0,1,1,1,1,0,
765,265,20260302,3,1,case_category,Category,0.95,0,0,1,1,1,1,0,
766,267,20260303,10,1,case_title,Case title,0.947,0,0,1,1,1,0,1,1
767,267,20260303,10,1,case_reference,Case reference,0.947,0,0,1,1,1,1,1,0
768,267,20260303,10,1,client_name,Client,0.947,0,0,1,1,1,0,1,1
769,267,20260303,10,1,opposing_party,Opposing party,0.718,0,0,1,1,1,1,1,0
770,267,20260303,10,1,document_type,Document type,0.0,1,0,1,0,1,0,1,1
771,267,20260303,10,1,jurisdiction,Jurisdiction,0.947,0,0,1,1,1,0,1,1
772,267,20260303,10,1,important_dates,Dates,0.947,0,0,1,1,1,1,1,0
773,267,20260303,10,1,amounts,Amounts,0.718,0,0,1,1,1,1,1,0
774,267,20260303,10,1,case_category,Category,0.95,0,0,1,1,1,1,1,0
775,269,20260303,2,1,case_title,Case title,0.95,0,0,1,1,1,1,1,0
776,269,20260303,2,1,case_reference,Case reference,0.95,0,0,1,1,1,1,1,0
777,269,20260303,2,1,client_name,Client,0.95,0,0,1,1,1,1,1,0
778,269,20260303,2,1,opposing_party,Opposing party,0.95,0,0,1,1,1,1,1,0
779,269,20260303,2,1,document_type,Document type,0.93,0,0,1,1,1,1,1,0
780,269,20260303,2,1,jurisdiction,Jurisdiction,0.95,0,0,1,1,1,1,1,0
781,269,20260303,2,1,important_dates,Dates,0.95,0,0,1,1,1,1,1,0
782,269,20260303,2,1,amounts,Amounts,0.95,0,0,1,1,1,1,1,0
783,269,20260303,2,1,case_category,Category,0.95,0,0,1,1,1,1,1,0
784,272,20260303,1,1,case_title,Case title,0.95,0,0,1,1,1,1,1,0
785,272,20260303,1,1,case_reference,Case reference,0.95,0,0,1,1,1,1,1,0
786,272,20260303,1,1,client_name,Client,0.95,0,0,1,1,1,1,1,0
787,272,20260303,1,1,opposing_party,Opposing party,0.95,0,0,1,1,1,1,1,0
788,272,20260303,1,1,document_type,Document type,0.93,0,0,1,1,1,1,1,0
789,272,20260303,1,1,jurisdiction,Jurisdiction,0.95,0,0,1,1,1,1,1,0
790,272,20260303,1,1,important_dates,Dates,0.95,0,0,1,1,1,1,1,0
791,272,20260303,1,1,amounts,Amounts,0.95,0,0,1,1,1,1,1,0
792,272,20260303,1,1,case_category,Category,0.95,0,0,1,1,1,1,1,0
793,274,20260304,6,1,case_title,Case title,0.95,0,0,1,1,1,1,1,0
794,274,20260304,6,1,case_reference,Case reference,0.95,0,0,1,1,1,1,1,0
795,274,20260304,6,1,client_name,Client,0.95,0,0,1,1,1,1,1,0
796,274,20260304,6,1,opposing_party,Opposing party,0.95,0,0,1,1,1,1,1,0
797,274,20260304,6,1,document_type,Document type,0.93,0,0,1,1,1,1,1,0
798,274,20260304,6,1,jurisdiction,Jurisdiction,0.95,0,0,1,1,1,1,1,0
799,274,20260304,6,1,important_dates,Dates,0.95,0,0,1,1,1,1,1,0
800,274,20260304,6,1,amounts,Amounts,0.95,0,0,1,1,1,1,1,0
801,274,20260304,6,1,case_category,Category,0.9,0,0,1,1,1,1,1,0
802,276,20260304,6,2,case_title,Case title,0.85,0,0,1,1,1,1,1,0
803,276,20260304,6,2,case_reference,Case reference,0.85,0,0,1,1,1,1,1,0
804,276,20260304,6,2,client_name,Client,0.85,0,0,1,1,1,1,1,0
805,276,20260304,6,2,opposing_party,Opposing party,0.85,0,0,1,1,1,1,1,0
806,276,20260304,6,2,document_type,Document type,0.85,0,0,1,1,1,1,1,0
807,276,20260304,6,2,jurisdiction,Jurisdiction,0.85,0,0,1,1,1,1,1,0
808,276,20260304,6,2,important_dates,Dates,0.85,0,0,1,1,1,1,1,0
809,276,20260304,6,2,amounts,Amounts,0.85,0,0,1,1,1,1,1,0
810,276,20260304,6,2,case_category,Category,0.95,0,0,1,1,1,1,1,0
811,278,20260304,6,1,case_title,Case title,0.95,0,0,1,1,1,1,0,
812,278,20260304,6,1,case_reference,Case reference,0.95,0,0,1,1,1,1,0,
813,278,20260304,6,1,client_name,Client,0.95,0,0,1,1,1,1,0,
814,278,20260304,6,1,opposing_party,Opposing party,0.95,0,0,1,1,1,1,0,
815,278,20260304,6,1,document_type,Document type,0.93,0,0,1,1,1,1,0,
816,278,20260304,6,1,jurisdiction,Jurisdiction,0.95,0,0,1,1,1,1,0,
817,278,20260304,6,1,important_dates,Dates,0.95,0,0,1,1,1,1,0,
818,278,20260304,6,1,amounts,Amounts,0.95,0,0,1,1,1,1,0,
819,278,20260304,6,1,case_category,Category,0.95,0,0,1,1,1,1,0,
820,280,20260305,1,2,case_title,Case title,0.85,0,0,1,1,1,1,1,0
821,280,20260305,1,2,case_reference,Case reference,0.85,0,0,1,1,1,1,1,0
822,280,20260305,1,2,client_name,Client,0.85,0,0,1,1,1,1,1,0
823,280,20260305,1,2,opposing_party,Opposing party,0.85,0,0,1,1,1,1,1,0
824,280,20260305,1,2,document_type,Document type,0.85,0,0,1,1,1,1,1,0
825,280,20260305,1,2,jurisdiction,Jurisdiction,0.85,0,0,1,1,1,1,1,0
826,280,20260305,1,2,important_dates,Dates,0.85,0,0,1,1,1,1,1,0
827,280,20260305,1,2,amounts,Amounts,0.85,0,0,1,1,1,1,1,0
828,280,20260305,1,2,case_category,Category,0.95,0,0,1,1,1,1,1,0
829,282,20260305,6,1,case_title,Case title,0.95,0,0,1,1,1,1,1,0
830,282,20260305,6,1,case_reference,Case reference,0.95,0,0,1,1,1,1,1,0
831,282,20260305,6,1,client_name,Client,0.95,0,0,1,1,1,1,1,0
832,282,20260305,6,1,opposing_party,Opposing party,0.95,0,0,1,1,1,1,1,0
833,282,20260305,6,1,document_type,Document type,0.93,0,0,1,1,1,1,1,0
834,282,20260305,6,1,jurisdiction,Jurisdiction,0.95,0,0,1,1,1,1,1,0
835,282,20260305,6,1,important_dates,Dates,0.95,0,0,1,1,1,1,1,0
836,282,20260305,6,1,amounts,Amounts,0.95,0,0,1,1,1,1,1,0
837,282,20260305,6,1,case_category,Category,0.95,0,0,1,1,1,1,1,0
838,284,20260305,2,2,case_title,Case title,0.85,0,0,1,1,1,1,1,0
839,284,20260305,2,2,case_reference,Case reference,0.85,0,0,1,1,1,1,1,0
840,284,20260305,2,2,client_name,Client,0.85,0,0,1,1,1,1,1,0
841,284,20260305,2,2,opposing_party,Opposing party,0.85,0,0,1,1,1,1,1,0
842,284,20260305,2,2,document_type,Document type,0.85,0,0,1,1,1,1,1,0
843,284,20260305,2,2,jurisdiction,Jurisdiction,0.0,1,0,1,0,1,0,1,1
844,284,20260305,2,2,important_dates,Dates,0.85,0,0,1,1,1,1,1,0
845,284,20260305,2,2,amounts,Amounts,0.85,0,0,1,1,1,1,1,0
846,284,20260305,2,2,case_category,Category,0.95,0,0,1,1,1,1,1,0
847,293,20260306,6,1,case_title,Case title,0.95,0,0,1,1,1,1,0,
848,293,20260306,6,1,case_reference,Case reference,0.95,0,0,1,1,1,1,0,
849,293,20260306,6,1,client_name,Client,0.95,0,0,1,1,1,1,0,
850,293,20260306,6,1,opposing_party,Opposing party,0.95,0,0,1,1,1,1,0,
851,293,20260306,6,1,document_type,Document type,0.93,0,0,1,1,1,1,0,
852,293,20260306,6,1,jurisdiction,Jurisdiction,0.95,0,0,1,1,1,1,0,
853,293,20260306,6,1,important_dates,Dates,0.95,0,0,1,1,1,1,0,
854,293,20260306,6,1,amounts,Amounts,0.95,0,0,1,1,1,1,0,
855,293,20260306,6,1,case_category,Category,0.85,0,0,1,1,1,1,0,
856,295,20260306,11,2,case_title,Case title,0.85,0,0,1,1,1,1,1,0
857,295,20260306,11,2,case_reference,Case reference,0.85,0,0,1,1,1,1,1,0
858,295,20260306,11,2,client_name,Client,0.85,0,0,1,1,1,1,1,0
859,295,20260306,11,2,opposing_party,Opposing party,0.85,0,0,1,1,1,1,1,0
860,295,20260306,11,2,document_type,Document type,0.85,0,0,1,1,1,1,1,0
861,295,20260306,11,2,jurisdiction,Jurisdiction,0.0,1,0,1,0,1,0,1,1
862,295,20260306,11,2,important_dates,Dates,0.85,0,0,1,1,1,1,1,0
863,295,20260306,11,2,amounts,Amounts,0.85,0,0,1,1,1,1,1,0
864,295,20260306,11,2,case_category,Category,0.9,0,0,1,1,1,1,1,0
865,298,20260306,1,1,case_title,Case title,0.95,0,0,1,1,1,1,1,0
866,298,20260306,1,1,case_reference,Case reference,0.95,0,0,1,1,1,1,1,0
867,298,20260306,1,1,client_name,Client,0.95,0,0,1,1,1,1,1,0
868,298,20260306,1,1,opposing_party,Opposing party,0.95,0,0,1,1,1,1,1,0
869,298,20260306,1,1,document_type,Document type,0.93,0,0,1,1,1,1,1,0
870,298,20260306,1,1,jurisdiction,Jurisdiction,0.95,0,0,1,1,1,1,1,0
871,298,20260306,1,1,important_dates,Dates,0.95,0,0,1,1,1,1,1,0
872,298,20260306,1,1,amounts,Amounts,0.95,0,0,1,1,1,1,1,0
873,298,20260306,1,1,case_category,Category,0.95,0,0,1,1,1,1,1,0
874,300,20260306,11,1,case_title,Case title,0.95,0,0,1,1,1,1,1,0
875,300,20260306,11,1,case_reference,Case reference,0.95,0,0,1,1,1,1,1,0
876,300,20260306,11,1,client_name,Client,0.95,0,0,1,1,1,1,1,0
877,300,20260306,11,1,opposing_party,Opposing party,0.95,0,0,1,1,1,1,1,0
878,300,20260306,11,1,document_type,Document type,0.93,0,0,1,1,1,1,1,0
879,300,20260306,11,1,jurisdiction,Jurisdiction,0.95,0,0,1,1,1,1,1,0
880,300,20260306,11,1,important_dates,Dates,0.95,0,0,1,1,1,1,1,0
881,300,20260306,11,1,amounts,Amounts,0.95,0,0,1,1,1,1,1,0
882,300,20260306,11,1,case_category,Category,0.4,0,0,1,1,1,1,1,0
883,303,20260306,3,1,case_title,Case title,0.947,0,0,1,1,1,1,1,0
884,303,20260306,3,1,case_reference,Case reference,0.947,0,0,1,1,1,1,1,0
885,303,20260306,3,1,client_name,Client,0.947,0,0,1,1,1,1,1,0
886,303,20260306,3,1,opposing_party,Opposing party,0.947,0,0,1,1,1,1,1,0
887,303,20260306,3,1,document_type,Document type,0.718,0,0,1,1,1,1,1,0
888,303,20260306,3,1,jurisdiction,Jurisdiction,0.947,0,0,1,1,1,1,1,0
889,303,20260306,3,1,important_dates,Dates,0.947,0,0,1,1,1,1,1,0
890,303,20260306,3,1,amounts,Amounts,0.947,0,0,1,1,1,1,1,0
891,303,20260306,3,1,case_category,Category,0.95,0,0,1,1,1,1,1,0
892,307,20260308,1,2,case_title,Case title,0.85,0,0,1,1,1,1,0,
893,307,20260308,1,2,case_reference,Case reference,0.85,0,0,1,1,1,1,0,
894,307,20260308,1,2,client_name,Client,0.85,0,0,1,1,1,1,0,
895,307,20260308,1,2,opposing_party,Opposing party,0.85,0,0,1,1,1,1,0,
896,307,20260308,1,2,document_type,Document type,0.85,0,0,1,1,1,1,0,
897,307,20260308,1,2,jurisdiction,Jurisdiction,0.85,0,0,1,1,1,1,0,
898,307,20260308,1,2,important_dates,Dates,0.85,0,0,1,1,1,1,0,
899,307,20260308,1,2,amounts,Amounts,0.85,0,0,1,1,1,1,0,
900,307,20260308,1,2,case_category,Category,0.92,0,0,1,1,1,1,0,
901,309,20260309,8,1,case_title,Case title,0.95,0,0,1,1,1,1,1,0
902,309,20260309,8,1,case_reference,Case reference,0.95,0,0,1,1,1,1,1,0
903,309,20260309,8,1,client_name,Client,0.95,0,0,1,1,1,1,1,0
904,309,20260309,8,1,opposing_party,Opposing party,0.95,0,0,1,1,1,1,1,0
905,309,20260309,8,1,document_type,Document type,0.93,0,0,1,1,1,1,1,0
906,309,20260309,8,1,jurisdiction,Jurisdiction,0.57,0,1,1,1,1,0,1,1
907,309,20260309,8,1,important_dates,Dates,0.95,0,0,1,1,1,1,1,0
908,309,20260309,8,1,amounts,Amounts,0.95,0,0,1,1,1,1,1,0
909,309,20260309,8,1,case_category,Category,0.91,0,0,1,1,1,1,1,0
910,313,20260310,11,1,case_title,Case title,0.95,0,0,1,1,1,1,1,0
911,313,20260310,11,1,case_reference,Case reference,0.95,0,0,1,1,1,1,1,0
912,313,20260310,11,1,client_name,Client,0.95,0,0,1,1,1,1,1,0
913,313,20260310,11,1,opposing_party,Opposing party,0.95,0,0,1,1,1,1,1,0
914,313,20260310,11,1,document_type,Document type,0.93,0,0,1,1,1,1,1,0
915,313,20260310,11,1,jurisdiction,Jurisdiction,0.95,0,0,1,1,1,1,1,0
916,313,20260310,11,1,important_dates,Dates,0.95,0,0,1,1,1,1,1,0
917,313,20260310,11,1,amounts,Amounts,0.95,0,0,1,1,1,1,1,0
918,313,20260310,11,1,case_category,Category,0.95,0,0,1,1,1,1,1,0
919,317,20260311,7,1,case_title,Case title,0.95,0,0,1,1,1,1,1,0
920,317,20260311,7,1,case_reference,Case reference,0.95,0,0,1,1,1,1,1,0
921,317,20260311,7,1,client_name,Client,0.95,0,0,1,1,1,1,1,0
922,317,20260311,7,1,opposing_party,Opposing party,0.0,1,0,0,0,1,1,1,0
923,317,20260311,7,1,document_type,Document type,0.93,0,0,1,1,1,1,1,0
924,317,20260311,7,1,jurisdiction,Jurisdiction,0.0,1,0,0,0,1,1,1,0
925,317,20260311,7,1,important_dates,Dates,0.95,0,0,1,1,1,1,1,0
926,317,20260311,7,1,amounts,Amounts,0.95,0,0,1,1,1,1,1,0
927,317,20260311,7,1,case_category,Category,0.95,0,0,1,1,1,1,1,0
928,322,20260312,3,1,case_title,Case title,0.718,0,0,1,1,1,1,1,0
929,322,20260312,3,1,case_reference,Case reference,0.947,0,0,1,1,1,1,1,0
930,322,20260312,3,1,client_name,Client,0.947,0,0,1,1,1,1,1,0
931,322,20260312,3,1,opposing_party,Opposing party,0.947,0,0,1,1,1,1,1,0
932,322,20260312,3,1,document_type,Document type,0.927,0,0,1,1,1,1,1,0
933,322,20260312,3,1,jurisdiction,Jurisdiction,0.947,0,0,1,1,1,0,1,1
934,322,20260312,3,1,important_dates,Dates,0.947,0,0,1,1,1,1,1,0
935,322,20260312,3,1,amounts,Amounts,0.947,0,0,1,1,1,0,1,1
936,322,20260312,3,1,case_category,Category,0.95,0,0,1,1,1,1,1,0
937,324,20260312,9,1,case_title,Case title,0.95,0,0,1,1,1,1,0,
938,324,20260312,9,1,case_reference,Case reference,0.95,0,0,1,1,1,1,0,
939,324,20260312,9,1,client_name,Client,0.95,0,0,1,1,1,1,0,
940,324,20260312,9,1,opposing_party,Opposing party,0.95,0,0,1,1,1,1,0,
941,324,20260312,9,1,document_type,Document type,0.93,0,0,1,1,1,1,0,
942,324,20260312,9,1,jurisdiction,Jurisdiction,0.95,0,0,1,1,1,1,0,
943,324,20260312,9,1,important_dates,Dates,0.95,0,0,1,1,1,1,0,
944,324,20260312,9,1,amounts,Amounts,0.95,0,0,1,1,1,1,0,
945,324,20260312,9,1,case_category,Category,0.95,0,0,1,1,1,1,0,
946,327,20260313,11,1,case_title,Case title,0.95,0,0,1,1,1,1,1,0
947,327,20260313,11,1,case_reference,Case reference,0.95,0,0,1,1,1,1,1,0
948,327,20260313,11,1,client_name,Client,0.95,0,0,1,1,1,1,1,0
949,327,20260313,11,1,opposing_party,Opposing party,0.95,0,0,1,1,1,1,1,0
950,327,20260313,11,1,document_type,Document type,0.93,0,0,1,1,1,1,1,0
951,327,20260313,11,1,jurisdiction,Jurisdiction,0.95,0,0,1,1,1,1,1,0
952,327,20260313,11,1,important_dates,Dates,0.95,0,0,1,1,1,1,1,0
953,327,20260313,11,1,amounts,Amounts,0.95,0,0,1,1,1,1,1,0
954,327,20260313,11,1,case_category,Category,0.95,0,0,1,1,1,1,1,0
955,330,20260313,1,1,case_title,Case title,0.95,0,0,1,1,1,1,1,0
956,330,20260313,1,1,case_reference,Case reference,0.95,0,0,1,1,1,1,1,0
957,330,20260313,1,1,client_name,Client,0.95,0,0,1,1,1,1,1,0
958,330,20260313,1,1,opposing_party,Opposing party,0.95,0,0,1,1,1,1,1,0
959,330,20260313,1,1,document_type,Document type,0.93,0,0,1,1,1,1,1,0
960,330,20260313,1,1,jurisdiction,Jurisdiction,0.95,0,0,1,1,1,1,1,0
961,330,20260313,1,1,important_dates,Dates,0.95,0,0,1,1,1,1,1,0
962,330,20260313,1,1,amounts,Amounts,0.95,0,0,1,1,1,1,1,0
963,330,20260313,1,1,case_category,Category,0.95,0,0,1,1,1,1,1,0
964,332,20260313,6,1,case_title,Case title,0.95,0,0,1,1,1,1,1,0
965,332,20260313,6,1,case_reference,Case reference,0.95,0,0,1,1,1,1,1,0
966,332,20260313,6,1,client_name,Client,0.95,0,0,1,1,1,1,1,0
967,332,20260313,6,1,opposing_party,Opposing party,0.95,0,0,1,1,1,1,1,0
968,332,20260313,6,1,document_type,Document type,0.93,0,0,1,1,1,1,1,0
969,332,20260313,6,1,jurisdiction,Jurisdiction,0.95,0,0,1,1,1,1,1,0
970,332,20260313,6,1,important_dates,Dates,0.95,0,0,1,1,1,1,1,0
971,332,20260313,6,1,amounts,Amounts,0.95,0,0,1,1,1,1,1,0
972,332,20260313,6,1,case_category,Category,0.4,0,0,1,1,1,1,1,0
973,334,20260313,8,1,case_title,Case title,0.95,0,0,1,1,1,1,1,0
974,334,20260313,8,1,case_reference,Case reference,0.95,0,0,1,1,1,1,1,0
975,334,20260313,8,1,client_name,Client,0.95,0,0,1,1,1,1,1,0
976,334,20260313,8,1,opposing_party,Opposing party,0.95,0,0,1,1,1,1,1,0
977,334,20260313,8,1,document_type,Document type,0.93,0,0,1,1,1,1,1,0
978,334,20260313,8,1,jurisdiction,Jurisdiction,0.57,0,1,1,1,1,0,1,1
979,334,20260313,8,1,important_dates,Dates,0.95,0,0,1,1,1,1,1,0
980,334,20260313,8,1,amounts,Amounts,0.95,0,0,1,1,1,1,1,0
981,334,20260313,8,1,case_category,Category,0.92,0,0,1,1,1,1,1,0
982,338,20260314,3,1,case_title,Case title,0.0,1,0,1,0,1,0,0,
983,338,20260314,3,1,case_reference,Case reference,0.949,0,0,1,1,1,1,0,
984,338,20260314,3,1,client_name,Client,0.949,0,0,1,1,1,0,0,
985,338,20260314,3,1,opposing_party,Opposing party,0.719,0,0,1,1,1,0,0,
986,338,20260314,3,1,document_type,Document type,0.929,0,0,1,1,1,1,0,
987,338,20260314,3,1,jurisdiction,Jurisdiction,0.949,0,0,1,1,1,0,0,
988,338,20260314,3,1,important_dates,Dates,0.719,0,0,1,1,1,1,0,
989,338,20260314,3,1,amounts,Amounts,0.949,0,0,1,1,1,0,0,
990,338,20260314,3,1,case_category,Category,0.95,0,0,1,1,1,1,0,
991,341,20260316,9,1,case_title,Case title,0.95,0,0,1,1,1,1,1,0
992,341,20260316,9,1,case_reference,Case reference,0.95,0,0,1,1,1,1,1,0
993,341,20260316,9,1,client_name,Client,0.95,0,0,1,1,1,1,1,0
994,341,20260316,9,1,opposing_party,Opposing party,0.95,0,0,1,1,1,1,1,0
995,341,20260316,9,1,document_type,Document type,0.93,0,0,1,1,1,1,1,0
996,341,20260316,9,1,jurisdiction,Jurisdiction,0.68,0,0,1,1,1,1,1,0
997,341,20260316,9,1,important_dates,Dates,0.95,0,0,1,1,1,1,1,0
998,341,20260316,9,1,amounts,Amounts,0.95,0,0,1,1,1,1,1,0
999,341,20260316,9,1,case_category,Category,0.95,0,0,1,1,1,1,1,0
1000,343,20260316,5,1,case_title,Case title,0.95,0,0,1,1,1,1,1,0
1001,343,20260316,5,1,case_reference,Case reference,0.95,0,0,1,1,1,1,1,0
1002,343,20260316,5,1,client_name,Client,0.95,0,0,1,1,1,1,1,0
1003,343,20260316,5,1,opposing_party,Opposing party,0.95,0,0,1,1,1,1,1,0
1004,343,20260316,5,1,document_type,Document type,0.93,0,0,1,1,1,1,1,0
1005,343,20260316,5,1,jurisdiction,Jurisdiction,0.95,0,0,1,1,1,1,1,0
1006,343,20260316,5,1,important_dates,Dates,0.57,0,1,1,1,1,0,1,1
1007,343,20260316,5,1,amounts,Amounts,0.95,0,0,1,1,1,1,1,0
1008,343,20260316,5,1,case_category,Category,0.95,0,0,1,1,1,1,1,0
1009,345,20260316,3,1,case_title,Case title,0.948,0,0,1,1,1,0,1,1
1010,345,20260316,3,1,case_reference,Case reference,0.948,0,0,1,1,1,1,1,0
1011,345,20260316,3,1,client_name,Client,0.719,0,0,1,1,1,1,1,0
1012,345,20260316,3,1,opposing_party,Opposing party,0.948,0,0,1,1,1,1,1,0
1013,345,20260316,3,1,document_type,Document type,0.928,0,0,1,1,1,1,1,0
1014,345,20260316,3,1,jurisdiction,Jurisdiction,0.948,0,0,1,1,1,1,1,0
1015,345,20260316,3,1,important_dates,Dates,0.948,0,0,1,1,1,1,1,0
1016,345,20260316,3,1,amounts,Amounts,0.948,0,0,1,1,1,1,1,0
1017,345,20260316,3,1,case_category,Category,0.9,0,0,1,1,1,1,1,0
1018,347,20260316,1,1,case_title,Case title,0.95,0,0,1,1,1,1,0,
1019,347,20260316,1,1,case_reference,Case reference,0.95,0,0,1,1,1,1,0,
1020,347,20260316,1,1,client_name,Client,0.95,0,0,1,1,1,1,0,
1021,347,20260316,1,1,opposing_party,Opposing party,0.95,0,0,1,1,1,1,0,
1022,347,20260316,1,1,document_type,Document type,0.93,0,0,1,1,1,1,0,
1023,347,20260316,1,1,jurisdiction,Jurisdiction,0.95,0,0,1,1,1,1,0,
1024,347,20260316,1,1,important_dates,Dates,0.95,0,0,1,1,1,1,0,
1025,347,20260316,1,1,amounts,Amounts,0.95,0,0,1,1,1,1,0,
1026,347,20260316,1,1,case_category,Category,0.4,0,0,1,1,1,1,0,
1027,349,20260317,5,2,case_title,Case title,0.85,0,0,1,1,1,1,1,0
1028,349,20260317,5,2,case_reference,Case reference,0.85,0,0,1,1,1,1,1,0
1029,349,20260317,5,2,client_name,Client,0.85,0,0,1,1,1,1,1,0
1030,349,20260317,5,2,opposing_party,Opposing party,0.85,0,0,1,1,1,1,1,0
1031,349,20260317,5,2,document_type,Document type,0.85,0,0,1,1,1,1,1,0
1032,349,20260317,5,2,jurisdiction,Jurisdiction,0.85,0,0,1,1,1,1,1,0
1033,349,20260317,5,2,important_dates,Dates,0.85,0,0,1,1,1,1,1,0
1034,349,20260317,5,2,amounts,Amounts,0.57,0,1,1,1,1,0,1,1
1035,349,20260317,5,2,case_category,Category,0.91,0,0,1,1,1,1,1,0
1036,351,20260317,8,1,case_title,Case title,0.95,0,0,1,1,1,1,1,0
1037,351,20260317,8,1,case_reference,Case reference,0.95,0,0,1,1,1,1,1,0
1038,351,20260317,8,1,client_name,Client,0.95,0,0,1,1,1,1,1,0
1039,351,20260317,8,1,opposing_party,Opposing party,0.95,0,0,1,1,1,1,1,0
1040,351,20260317,8,1,document_type,Document type,0.93,0,0,1,1,1,1,1,0
1041,351,20260317,8,1,jurisdiction,Jurisdiction,0.57,0,1,1,1,1,0,1,1
1042,351,20260317,8,1,important_dates,Dates,0.95,0,0,1,1,1,1,1,0
1043,351,20260317,8,1,amounts,Amounts,0.95,0,0,1,1,1,1,1,0
1044,351,20260317,8,1,case_category,Category,0.9,0,0,1,1,1,1,1,0
1045,353,20260317,1,1,case_title,Case title,0.95,0,0,1,1,1,1,1,0
1046,353,20260317,1,1,case_reference,Case reference,0.95,0,0,1,1,1,1,1,0
1047,353,20260317,1,1,client_name,Client,0.95,0,0,1,1,1,1,1,0
1048,353,20260317,1,1,opposing_party,Opposing party,0.95,0,0,1,1,1,1,1,0
1049,353,20260317,1,1,document_type,Document type,0.93,0,0,1,1,1,1,1,0
1050,353,20260317,1,1,jurisdiction,Jurisdiction,0.68,0,0,1,1,1,1,1,0
1051,353,20260317,1,1,important_dates,Dates,0.95,0,0,1,1,1,1,1,0
1052,353,20260317,1,1,amounts,Amounts,0.95,0,0,1,1,1,1,1,0
1053,353,20260317,1,1,case_category,Category,0.95,0,0,1,1,1,1,1,0
1054,356,20260318,3,1,case_title,Case title,0.945,0,0,1,1,1,1,1,0
1055,356,20260318,3,1,case_reference,Case reference,0.945,0,0,1,1,1,1,1,0
1056,356,20260318,3,1,client_name,Client,0.0,1,0,1,0,1,0,1,1
1057,356,20260318,3,1,opposing_party,Opposing party,0.945,0,0,1,1,1,0,1,1
1058,356,20260318,3,1,document_type,Document type,0.0,1,0,1,0,1,0,1,1
1059,356,20260318,3,1,jurisdiction,Jurisdiction,0.945,0,0,1,1,1,1,1,0
1060,356,20260318,3,1,important_dates,Dates,0.945,0,0,1,1,1,0,1,1
1061,356,20260318,3,1,amounts,Amounts,0.945,0,0,1,1,1,1,1,0
1062,356,20260318,3,1,case_category,Category,0.95,0,0,1,1,1,1,1,0
1063,358,20260318,1,1,case_title,Case title,0.95,0,0,1,1,1,1,1,0
1064,358,20260318,1,1,case_reference,Case reference,0.95,0,0,1,1,1,1,1,0
1065,358,20260318,1,1,client_name,Client,0.95,0,0,1,1,1,1,1,0
1066,358,20260318,1,1,opposing_party,Opposing party,0.95,0,0,1,1,1,1,1,0
1067,358,20260318,1,1,document_type,Document type,0.93,0,0,1,1,1,1,1,0
1068,358,20260318,1,1,jurisdiction,Jurisdiction,0.95,0,0,1,1,1,1,1,0
1069,358,20260318,1,1,important_dates,Dates,0.95,0,0,1,1,1,1,1,0
1070,358,20260318,1,1,amounts,Amounts,0.95,0,0,1,1,1,1,1,0
1071,358,20260318,1,1,case_category,Category,0.95,0,0,1,1,1,1,1,0
1072,360,20260318,1,1,case_title,Case title,0.95,0,0,1,1,1,1,1,0
1073,360,20260318,1,1,case_reference,Case reference,0.95,0,0,1,1,1,1,1,0
1074,360,20260318,1,1,client_name,Client,0.95,0,0,1,1,1,1,1,0
1075,360,20260318,1,1,opposing_party,Opposing party,0.95,0,0,1,1,1,1,1,0
1076,360,20260318,1,1,document_type,Document type,0.93,0,0,1,1,1,1,1,0
1077,360,20260318,1,1,jurisdiction,Jurisdiction,0.95,0,0,1,1,1,1,1,0
1078,360,20260318,1,1,important_dates,Dates,0.95,0,0,1,1,1,1,1,0
1079,360,20260318,1,1,amounts,Amounts,0.95,0,0,1,1,1,1,1,0
1080,360,20260318,1,1,case_category,Category,0.95,0,0,1,1,1,1,1,0
1081,362,20260318,2,1,case_title,Case title,0.95,0,0,1,1,1,1,1,0
1082,362,20260318,2,1,case_reference,Case reference,0.95,0,0,1,1,1,1,1,0
1083,362,20260318,2,1,client_name,Client,0.95,0,0,1,1,1,1,1,0
1084,362,20260318,2,1,opposing_party,Opposing party,0.95,0,0,1,1,1,1,1,0
1085,362,20260318,2,1,document_type,Document type,0.93,0,0,1,1,1,1,1,0
1086,362,20260318,2,1,jurisdiction,Jurisdiction,0.68,0,0,1,1,1,1,1,0
1087,362,20260318,2,1,important_dates,Dates,0.95,0,0,1,1,1,1,1,0
1088,362,20260318,2,1,amounts,Amounts,0.95,0,0,1,1,1,1,1,0
1089,362,20260318,2,1,case_category,Category,0.9,0,0,1,1,1,1,1,0
1090,365,20260319,10,1,case_title,Case title,0.946,0,0,1,1,1,0,1,1
1091,365,20260319,10,1,case_reference,Case reference,0.946,0,0,1,1,1,0,1,1
1092,365,20260319,10,1,client_name,Client,0.946,0,0,1,1,1,1,1,0
1093,365,20260319,10,1,opposing_party,Opposing party,0.946,0,0,1,1,1,1,1,0
1094,365,20260319,10,1,document_type,Document type,0.0,1,0,1,0,1,0,1,1
1095,365,20260319,10,1,jurisdiction,Jurisdiction,0.0,1,0,1,0,1,0,1,1
1096,365,20260319,10,1,important_dates,Dates,0.717,0,0,1,1,1,0,1,1
1097,365,20260319,10,1,amounts,Amounts,0.946,0,0,1,1,1,1,1,0
1098,365,20260319,10,1,case_category,Category,0.4,0,0,1,1,1,1,1,0
1099,368,20260319,6,1,case_title,Case title,0.95,0,0,1,1,1,1,1,0
1100,368,20260319,6,1,case_reference,Case reference,0.95,0,0,1,1,1,1,1,0
1101,368,20260319,6,1,client_name,Client,0.95,0,0,1,1,1,1,1,0
1102,368,20260319,6,1,opposing_party,Opposing party,0.95,0,0,1,1,1,1,1,0
1103,368,20260319,6,1,document_type,Document type,0.93,0,0,1,1,1,1,1,0
1104,368,20260319,6,1,jurisdiction,Jurisdiction,0.95,0,0,1,1,1,1,1,0
1105,368,20260319,6,1,important_dates,Dates,0.95,0,0,1,1,1,1,1,0
1106,368,20260319,6,1,amounts,Amounts,0.95,0,0,1,1,1,1,1,0
1107,368,20260319,6,1,case_category,Category,0.95,0,0,1,1,1,1,1,0
1108,370,20260319,6,1,case_title,Case title,0.95,0,0,1,1,1,1,1,0
1109,370,20260319,6,1,case_reference,Case reference,0.95,0,0,1,1,1,1,1,0
1110,370,20260319,6,1,client_name,Client,0.95,0,0,1,1,1,1,1,0
1111,370,20260319,6,1,opposing_party,Opposing party,0.95,0,0,1,1,1,1,1,0
1112,370,20260319,6,1,document_type,Document type,0.93,0,0,1,1,1,1,1,0
1113,370,20260319,6,1,jurisdiction,Jurisdiction,0.95,0,0,1,1,1,1,1,0
1114,370,20260319,6,1,important_dates,Dates,0.95,0,0,1,1,1,1,1,0
1115,370,20260319,6,1,amounts,Amounts,0.95,0,0,1,1,1,1,1,0
1116,370,20260319,6,1,case_category,Category,0.86,0,0,1,1,1,1,1,0
1117,373,20260320,8,1,case_title,Case title,0.95,0,0,1,1,1,1,1,0
1118,373,20260320,8,1,case_reference,Case reference,0.95,0,0,1,1,1,1,1,0
1119,373,20260320,8,1,client_name,Client,0.95,0,0,1,1,1,1,1,0
1120,373,20260320,8,1,opposing_party,Opposing party,0.95,0,0,1,1,1,1,1,0
1121,373,20260320,8,1,document_type,Document type,0.93,0,0,1,1,1,1,1,0
1122,373,20260320,8,1,jurisdiction,Jurisdiction,0.57,0,1,1,1,1,0,1,1
1123,373,20260320,8,1,important_dates,Dates,0.95,0,0,1,1,1,1,1,0
1124,373,20260320,8,1,amounts,Amounts,0.95,0,0,1,1,1,1,1,0
1125,373,20260320,8,1,case_category,Category,0.9,0,0,1,1,1,1,1,0
1126,375,20260321,6,1,case_title,Case title,0.95,0,0,1,1,1,1,0,
1127,375,20260321,6,1,case_reference,Case reference,0.95,0,0,1,1,1,1,0,
1128,375,20260321,6,1,client_name,Client,0.95,0,0,1,1,1,1,0,
1129,375,20260321,6,1,opposing_party,Opposing party,0.95,0,0,1,1,1,1,0,
1130,375,20260321,6,1,document_type,Document type,0.93,0,0,1,1,1,1,0,
1131,375,20260321,6,1,jurisdiction,Jurisdiction,0.95,0,0,1,1,1,1,0,
1132,375,20260321,6,1,important_dates,Dates,0.95,0,0,1,1,1,1,0,
1133,375,20260321,6,1,amounts,Amounts,0.95,0,0,1,1,1,1,0,
1134,375,20260321,6,1,case_category,Category,0.95,0,0,1,1,1,1,0,
1135,377,20260323,10,1,case_title,Case title,0.949,0,0,1,1,1,1,1,0
1136,377,20260323,10,1,case_reference,Case reference,0.949,0,0,1,1,1,1,1,0
1137,377,20260323,10,1,client_name,Client,0.949,0,0,1,1,1,1,1,0
1138,377,20260323,10,1,opposing_party,Opposing party,0.719,0,0,1,1,1,1,1,0
1139,377,20260323,10,1,document_type,Document type,0.719,0,0,1,1,1,1,1,0
1140,377,20260323,10,1,jurisdiction,Jurisdiction,0.949,0,0,1,1,1,1,1,0
1141,377,20260323,10,1,important_dates,Dates,0.949,0,0,1,1,1,0,1,1
1142,377,20260323,10,1,amounts,Amounts,0.949,0,0,1,1,1,0,1,1
1143,377,20260323,10,1,case_category,Category,0.95,0,0,1,1,1,1,1,0
1144,380,20260325,7,1,case_title,Case title,0.95,0,0,1,1,1,1,1,0
1145,380,20260325,7,1,case_reference,Case reference,0.95,0,0,1,1,1,1,1,0
1146,380,20260325,7,1,client_name,Client,0.95,0,0,1,1,1,1,1,0
1147,380,20260325,7,1,opposing_party,Opposing party,0.95,0,0,1,1,1,1,1,0
1148,380,20260325,7,1,document_type,Document type,0.93,0,0,1,1,1,1,1,0
1149,380,20260325,7,1,jurisdiction,Jurisdiction,0.95,0,0,1,1,1,1,1,0
1150,380,20260325,7,1,important_dates,Dates,0.5,0,0,1,1,1,1,1,0
1151,380,20260325,7,1,amounts,Amounts,0.95,0,0,1,1,1,1,1,0
1152,380,20260325,7,1,case_category,Category,0.95,0,0,1,1,1,1,1,0
1153,382,20260325,6,1,case_title,Case title,0.95,0,0,1,1,1,1,1,0
1154,382,20260325,6,1,case_reference,Case reference,0.95,0,0,1,1,1,1,1,0
1155,382,20260325,6,1,client_name,Client,0.95,0,0,1,1,1,1,1,0
1156,382,20260325,6,1,opposing_party,Opposing party,0.95,0,0,1,1,1,1,1,0
1157,382,20260325,6,1,document_type,Document type,0.93,0,0,1,1,1,1,1,0
1158,382,20260325,6,1,jurisdiction,Jurisdiction,0.95,0,0,1,1,1,1,1,0
1159,382,20260325,6,1,important_dates,Dates,0.95,0,0,1,1,1,1,1,0
1160,382,20260325,6,1,amounts,Amounts,0.95,0,0,1,1,1,1,1,0
1161,382,20260325,6,1,case_category,Category,0.95,0,0,1,1,1,1,1,0
1162,384,20260325,2,1,case_title,Case title,0.95,0,0,1,1,1,1,1,0
1163,384,20260325,2,1,case_reference,Case reference,0.95,0,0,1,1,1,1,1,0
1164,384,20260325,2,1,client_name,Client,0.95,0,0,1,1,1,1,1,0
1165,384,20260325,2,1,opposing_party,Opposing party,0.95,0,0,1,1,1,1,1,0
1166,384,20260325,2,1,document_type,Document type,0.93,0,0,1,1,1,1,1,0
1167,384,20260325,2,1,jurisdiction,Jurisdiction,0.95,0,0,1,1,1,1,1,0
1168,384,20260325,2,1,important_dates,Dates,0.95,0,0,1,1,1,1,1,0
1169,384,20260325,2,1,amounts,Amounts,0.95,0,0,1,1,1,1,1,0
1170,384,20260325,2,1,case_category,Category,0.95,0,0,1,1,1,1,1,0
1171,386,20260326,3,1,case_title,Case title,0.948,0,0,1,1,1,0,1,1
1172,386,20260326,3,1,case_reference,Case reference,0.948,0,0,1,1,1,1,1,0
1173,386,20260326,3,1,client_name,Client,0.948,0,0,1,1,1,1,1,0
1174,386,20260326,3,1,opposing_party,Opposing party,0.948,0,0,1,1,1,1,1,0
1175,386,20260326,3,1,document_type,Document type,0.719,0,0,1,1,1,1,1,0
1176,386,20260326,3,1,jurisdiction,Jurisdiction,0.948,0,0,1,1,1,1,1,0
1177,386,20260326,3,1,important_dates,Dates,0.719,0,0,1,1,1,1,1,0
1178,386,20260326,3,1,amounts,Amounts,0.948,0,0,1,1,1,1,1,0
1179,386,20260326,3,1,case_category,Category,0.95,0,0,1,1,1,1,1,0
1180,388,20260326,1,1,case_title,Case title,0.95,0,0,1,1,1,1,1,0
1181,388,20260326,1,1,case_reference,Case reference,0.95,0,0,1,1,1,1,1,0
1182,388,20260326,1,1,client_name,Client,0.95,0,0,1,1,1,1,1,0
1183,388,20260326,1,1,opposing_party,Opposing party,0.95,0,0,1,1,1,1,1,0
1184,388,20260326,1,1,document_type,Document type,0.93,0,0,1,1,1,1,1,0
1185,388,20260326,1,1,jurisdiction,Jurisdiction,0.95,0,0,1,1,1,1,1,0
1186,388,20260326,1,1,important_dates,Dates,0.95,0,0,1,1,1,1,1,0
1187,388,20260326,1,1,amounts,Amounts,0.95,0,0,1,1,1,1,1,0
1188,388,20260326,1,1,case_category,Category,0.89,0,0,1,1,1,1,1,0
1189,391,20260327,10,1,case_title,Case title,0.716,0,0,1,1,1,0,0,
1190,391,20260327,10,1,case_reference,Case reference,0.944,0,0,1,1,1,1,0,
1191,391,20260327,10,1,client_name,Client,0.944,0,0,1,1,1,1,0,
1192,391,20260327,10,1,opposing_party,Opposing party,0.716,0,0,1,1,1,0,0,
1193,391,20260327,10,1,document_type,Document type,0.924,0,0,1,1,1,1,0,
1194,391,20260327,10,1,jurisdiction,Jurisdiction,0.944,0,0,1,1,1,0,0,
1195,391,20260327,10,1,important_dates,Dates,0.298,0,0,1,1,1,0,0,
1196,391,20260327,10,1,amounts,Amounts,0.944,0,0,1,1,1,1,0,
1197,391,20260327,10,1,case_category,Category,0.95,0,0,1,1,1,1,0,
1198,393,20260327,3,1,case_title,Case title,0.945,0,0,1,1,1,0,0,
1199,393,20260327,3,1,case_reference,Case reference,0.945,0,0,1,1,1,1,0,
1200,393,20260327,3,1,client_name,Client,0.0,1,0,1,0,1,0,0,
1201,393,20260327,3,1,opposing_party,Opposing party,0.945,0,0,1,1,1,1,0,
1202,393,20260327,3,1,document_type,Document type,0.716,0,0,1,1,1,1,0,
1203,393,20260327,3,1,jurisdiction,Jurisdiction,0.945,0,0,1,1,1,0,0,
1204,393,20260327,3,1,important_dates,Dates,0.945,0,0,1,1,1,0,0,
1205,393,20260327,3,1,amounts,Amounts,0.716,0,0,1,1,1,1,0,
1206,393,20260327,3,1,case_category,Category,0.95,0,0,1,1,1,1,0,
1207,395,20260327,6,1,case_title,Case title,0.95,0,0,1,1,1,1,1,0
1208,395,20260327,6,1,case_reference,Case reference,0.95,0,0,1,1,1,1,1,0
1209,395,20260327,6,1,client_name,Client,0.95,0,0,1,1,1,1,1,0
1210,395,20260327,6,1,opposing_party,Opposing party,0.95,0,0,1,1,1,1,1,0
1211,395,20260327,6,1,document_type,Document type,0.93,0,0,1,1,1,1,1,0
1212,395,20260327,6,1,jurisdiction,Jurisdiction,0.95,0,0,1,1,1,1,1,0
1213,395,20260327,6,1,important_dates,Dates,0.95,0,0,1,1,1,1,1,0
1214,395,20260327,6,1,amounts,Amounts,0.95,0,0,1,1,1,1,1,0
1215,395,20260327,6,1,case_category,Category,0.95,0,0,1,1,1,1,1,0
1216,398,20260327,3,1,case_title,Case title,0.947,0,0,1,1,1,0,1,1
1217,398,20260327,3,1,case_reference,Case reference,0.947,0,0,1,1,1,1,1,0
1218,398,20260327,3,1,client_name,Client,0.947,0,0,1,1,1,0,1,1
1219,398,20260327,3,1,opposing_party,Opposing party,0.0,1,0,1,0,1,0,1,1
1220,398,20260327,3,1,document_type,Document type,0.927,0,0,1,1,1,1,1,0
1221,398,20260327,3,1,jurisdiction,Jurisdiction,0.947,0,0,1,1,1,1,1,0
1222,398,20260327,3,1,important_dates,Dates,0.299,0,0,1,1,1,0,1,1
1223,398,20260327,3,1,amounts,Amounts,0.947,0,0,1,1,1,1,1,0
1224,398,20260327,3,1,case_category,Category,0.95,0,0,1,1,1,1,1,0
1225,401,20260328,9,1,case_title,Case title,0.95,0,0,1,1,1,1,0,
1226,401,20260328,9,1,case_reference,Case reference,0.95,0,0,1,1,1,1,0,
1227,401,20260328,9,1,client_name,Client,0.95,0,0,1,1,1,1,0,
1228,401,20260328,9,1,opposing_party,Opposing party,0.95,0,0,1,1,1,1,0,
1229,401,20260328,9,1,document_type,Document type,0.93,0,0,1,1,1,1,0,
1230,401,20260328,9,1,jurisdiction,Jurisdiction,0.68,0,0,1,1,1,1,0,
1231,401,20260328,9,1,important_dates,Dates,0.95,0,0,1,1,1,1,0,
1232,401,20260328,9,1,amounts,Amounts,0.95,0,0,1,1,1,1,0,
1233,401,20260328,9,1,case_category,Category,0.9,0,0,1,1,1,1,0,
1234,403,20260330,11,1,case_title,Case title,0.95,0,0,1,1,1,1,1,0
1235,403,20260330,11,1,case_reference,Case reference,0.95,0,0,1,1,1,1,1,0
1236,403,20260330,11,1,client_name,Client,0.95,0,0,1,1,1,1,1,0
1237,403,20260330,11,1,opposing_party,Opposing party,0.95,0,0,1,1,1,1,1,0
1238,403,20260330,11,1,document_type,Document type,0.93,0,0,1,1,1,1,1,0
1239,403,20260330,11,1,jurisdiction,Jurisdiction,0.95,0,0,1,1,1,1,1,0
1240,403,20260330,11,1,important_dates,Dates,0.95,0,0,1,1,1,1,1,0
1241,403,20260330,11,1,amounts,Amounts,0.95,0,0,1,1,1,1,1,0
1242,403,20260330,11,1,case_category,Category,0.95,0,0,1,1,1,1,1,0
1243,406,20260331,10,1,case_title,Case title,0.947,0,0,1,1,1,0,1,1
1244,406,20260331,10,1,case_reference,Case reference,0.947,0,0,1,1,1,1,1,0
1245,406,20260331,10,1,client_name,Client,0.0,1,0,1,0,1,0,1,1
1246,406,20260331,10,1,opposing_party,Opposing party,0.0,1,0,1,0,1,0,1,1
1247,406,20260331,10,1,document_type,Document type,0.927,0,0,1,1,1,1,1,0
1248,406,20260331,10,1,jurisdiction,Jurisdiction,0.947,0,0,1,1,1,0,1,1
1249,406,20260331,10,1,important_dates,Dates,0.947,0,0,1,1,1,0,1,1
1250,406,20260331,10,1,amounts,Amounts,0.947,0,0,1,1,1,1,1,0
1251,406,20260331,10,1,case_category,Category,0.95,0,0,1,1,1,1,1,0
1252,409,20260331,5,1,case_title,Case title,0.95,0,0,1,1,1,1,1,0
1253,409,20260331,5,1,case_reference,Case reference,0.95,0,0,1,1,1,1,1,0
1254,409,20260331,5,1,client_name,Client,0.95,0,0,1,1,1,1,1,0
1255,409,20260331,5,1,opposing_party,Opposing party,0.95,0,0,1,1,1,1,1,0
1256,409,20260331,5,1,document_type,Document type,0.93,0,0,1,1,1,1,1,0
1257,409,20260331,5,1,jurisdiction,Jurisdiction,0.95,0,0,1,1,1,1,1,0
1258,409,20260331,5,1,important_dates,Dates,0.57,0,1,1,1,1,0,1,1
1259,409,20260331,5,1,amounts,Amounts,0.95,0,0,1,1,1,1,1,0
1260,409,20260331,5,1,case_category,Category,0.9,0,0,1,1,1,1,1,0
1261,412,20260401,6,1,case_title,Case title,0.95,0,0,1,1,1,1,1,0
1262,412,20260401,6,1,case_reference,Case reference,0.95,0,0,1,1,1,1,1,0
1263,412,20260401,6,1,client_name,Client,0.95,0,0,1,1,1,1,1,0
1264,412,20260401,6,1,opposing_party,Opposing party,0.95,0,0,1,1,1,1,1,0
1265,412,20260401,6,1,document_type,Document type,0.93,0,0,1,1,1,1,1,0
1266,412,20260401,6,1,jurisdiction,Jurisdiction,0.95,0,0,1,1,1,1,1,0
1267,412,20260401,6,1,important_dates,Dates,0.95,0,0,1,1,1,1,1,0
1268,412,20260401,6,1,amounts,Amounts,0.95,0,0,1,1,1,1,1,0
1269,412,20260401,6,1,case_category,Category,0.86,0,0,1,1,1,1,1,0
1270,414,20260401,9,1,case_title,Case title,0.95,0,0,1,1,1,1,0,
1271,414,20260401,9,1,case_reference,Case reference,0.95,0,0,1,1,1,1,0,
1272,414,20260401,9,1,client_name,Client,0.95,0,0,1,1,1,1,0,
1273,414,20260401,9,1,opposing_party,Opposing party,0.95,0,0,1,1,1,1,0,
1274,414,20260401,9,1,document_type,Document type,0.93,0,0,1,1,1,1,0,
1275,414,20260401,9,1,jurisdiction,Jurisdiction,0.68,0,0,1,1,1,1,0,
1276,414,20260401,9,1,important_dates,Dates,0.95,0,0,1,1,1,1,0,
1277,414,20260401,9,1,amounts,Amounts,0.95,0,0,1,1,1,1,0,
1278,414,20260401,9,1,case_category,Category,0.95,0,0,1,1,1,1,0,
1279,417,20260401,1,2,case_title,Case title,0.85,0,0,1,1,1,1,1,0
1280,417,20260401,1,2,case_reference,Case reference,0.85,0,0,1,1,1,1,1,0
1281,417,20260401,1,2,client_name,Client,0.85,0,0,1,1,1,1,1,0
1282,417,20260401,1,2,opposing_party,Opposing party,0.85,0,0,1,1,1,1,1,0
1283,417,20260401,1,2,document_type,Document type,0.85,0,0,1,1,1,1,1,0
1284,417,20260401,1,2,jurisdiction,Jurisdiction,0.85,0,0,1,1,1,1,1,0
1285,417,20260401,1,2,important_dates,Dates,0.85,0,0,1,1,1,1,1,0
1286,417,20260401,1,2,amounts,Amounts,0.85,0,0,1,1,1,1,1,0
1287,417,20260401,1,2,case_category,Category,0.95,0,0,1,1,1,1,1,0
1288,420,20260401,2,1,case_title,Case title,0.95,0,0,1,1,1,1,1,0
1289,420,20260401,2,1,case_reference,Case reference,0.95,0,0,1,1,1,1,1,0
1290,420,20260401,2,1,client_name,Client,0.95,0,0,1,1,1,1,1,0
1291,420,20260401,2,1,opposing_party,Opposing party,0.95,0,0,1,1,1,1,1,0
1292,420,20260401,2,1,document_type,Document type,0.93,0,0,1,1,1,1,1,0
1293,420,20260401,2,1,jurisdiction,Jurisdiction,0.95,0,0,1,1,1,1,1,0
1294,420,20260401,2,1,important_dates,Dates,0.95,0,0,1,1,1,1,1,0
1295,420,20260401,2,1,amounts,Amounts,0.95,0,0,1,1,1,1,1,0
1296,420,20260401,2,1,case_category,Category,0.95,0,0,1,1,1,1,1,0
1297,423,20260401,6,1,case_title,Case title,0.95,0,0,1,1,1,1,1,0
1298,423,20260401,6,1,case_reference,Case reference,0.95,0,0,1,1,1,1,1,0
1299,423,20260401,6,1,client_name,Client,0.95,0,0,1,1,1,1,1,0
1300,423,20260401,6,1,opposing_party,Opposing party,0.95,0,0,1,1,1,1,1,0
1301,423,20260401,6,1,document_type,Document type,0.93,0,0,1,1,1,1,1,0
1302,423,20260401,6,1,jurisdiction,Jurisdiction,0.95,0,0,1,1,1,1,1,0
1303,423,20260401,6,1,important_dates,Dates,0.95,0,0,1,1,1,1,1,0
1304,423,20260401,6,1,amounts,Amounts,0.95,0,0,1,1,1,1,1,0
1305,423,20260401,6,1,case_category,Category,0.95,0,0,1,1,1,1,1,0
1306,426,20260402,3,1,case_title,Case title,0.0,1,0,1,0,1,0,1,1
1307,426,20260402,3,1,case_reference,Case reference,0.0,1,0,1,0,1,0,1,1
1308,426,20260402,3,1,client_name,Client,0.949,0,0,1,1,1,0,1,1
1309,426,20260402,3,1,opposing_party,Opposing party,0.949,0,0,1,1,1,0,1,1
1310,426,20260402,3,1,document_type,Document type,0.929,0,0,1,1,1,1,1,0
1311,426,20260402,3,1,jurisdiction,Jurisdiction,0.949,0,0,1,1,1,1,1,0
1312,426,20260402,3,1,important_dates,Dates,0.3,0,0,1,1,1,0,1,1
1313,426,20260402,3,1,amounts,Amounts,0.949,0,0,1,1,1,1,1,0
1314,426,20260402,3,1,case_category,Category,0.95,0,0,1,1,1,1,1,0
1315,431,20260402,6,1,case_title,Case title,0.95,0,0,1,1,1,1,1,0
1316,431,20260402,6,1,case_reference,Case reference,0.95,0,0,1,1,1,1,1,0
1317,431,20260402,6,1,client_name,Client,0.95,0,0,1,1,1,1,1,0
1318,431,20260402,6,1,opposing_party,Opposing party,0.95,0,0,1,1,1,1,1,0
1319,431,20260402,6,1,document_type,Document type,0.93,0,0,1,1,1,1,1,0
1320,431,20260402,6,1,jurisdiction,Jurisdiction,0.95,0,0,1,1,1,1,1,0
1321,431,20260402,6,1,important_dates,Dates,0.95,0,0,1,1,1,1,1,0
1322,431,20260402,6,1,amounts,Amounts,0.95,0,0,1,1,1,1,1,0
1323,431,20260402,6,1,case_category,Category,0.9,0,0,1,1,1,1,1,0
1324,434,20260403,7,1,case_title,Case title,0.95,0,0,1,1,1,1,1,0
1325,434,20260403,7,1,case_reference,Case reference,0.95,0,0,1,1,1,1,1,0
1326,434,20260403,7,1,client_name,Client,0.95,0,0,1,1,1,1,1,0
1327,434,20260403,7,1,opposing_party,Opposing party,0.95,0,0,1,1,1,1,1,0
1328,434,20260403,7,1,document_type,Document type,0.93,0,0,1,1,1,1,1,0
1329,434,20260403,7,1,jurisdiction,Jurisdiction,0.95,0,0,1,1,1,1,1,0
1330,434,20260403,7,1,important_dates,Dates,0.5,0,0,1,1,1,1,1,0
1331,434,20260403,7,1,amounts,Amounts,0.95,0,0,1,1,1,1,1,0
1332,434,20260403,7,1,case_category,Category,0.95,0,0,1,1,1,1,1,0
1333,436,20260403,1,2,case_title,Case title,0.85,0,0,1,1,1,1,1,0
1334,436,20260403,1,2,case_reference,Case reference,0.85,0,0,1,1,1,1,1,0
1335,436,20260403,1,2,client_name,Client,0.85,0,0,1,1,1,1,1,0
1336,436,20260403,1,2,opposing_party,Opposing party,0.85,0,0,1,1,1,1,1,0
1337,436,20260403,1,2,document_type,Document type,0.85,0,0,1,1,1,1,1,0
1338,436,20260403,1,2,jurisdiction,Jurisdiction,0.85,0,0,1,1,1,1,1,0
1339,436,20260403,1,2,important_dates,Dates,0.85,0,0,1,1,1,1,1,0
1340,436,20260403,1,2,amounts,Amounts,0.85,0,0,1,1,1,1,1,0
1341,436,20260403,1,2,case_category,Category,0.9,0,0,1,1,1,1,1,0
1342,438,20260403,1,1,case_title,Case title,0.95,0,0,1,1,1,1,0,
1343,438,20260403,1,1,case_reference,Case reference,0.95,0,0,1,1,1,1,0,
1344,438,20260403,1,1,client_name,Client,0.95,0,0,1,1,1,1,0,
1345,438,20260403,1,1,opposing_party,Opposing party,0.95,0,0,1,1,1,1,0,
1346,438,20260403,1,1,document_type,Document type,0.93,0,0,1,1,1,1,0,
1347,438,20260403,1,1,jurisdiction,Jurisdiction,0.95,0,0,1,1,1,1,0,
1348,438,20260403,1,1,important_dates,Dates,0.95,0,0,1,1,1,1,0,
1349,438,20260403,1,1,amounts,Amounts,0.95,0,0,1,1,1,1,0,
1350,438,20260403,1,1,case_category,Category,0.95,0,0,1,1,1,1,0,
1351,441,20260403,2,1,case_title,Case title,0.95,0,0,1,1,1,1,1,0
1352,441,20260403,2,1,case_reference,Case reference,0.95,0,0,1,1,1,1,1,0
1353,441,20260403,2,1,client_name,Client,0.95,0,0,1,1,1,1,1,0
1354,441,20260403,2,1,opposing_party,Opposing party,0.95,0,0,1,1,1,1,1,0
1355,441,20260403,2,1,document_type,Document type,0.93,0,0,1,1,1,1,1,0
1356,441,20260403,2,1,jurisdiction,Jurisdiction,0.95,0,0,1,1,1,1,1,0
1357,441,20260403,2,1,important_dates,Dates,0.95,0,0,1,1,1,1,1,0
1358,441,20260403,2,1,amounts,Amounts,0.95,0,0,1,1,1,1,1,0
1359,441,20260403,2,1,case_category,Category,0.86,0,0,1,1,1,1,1,0
1360,443,20260404,1,1,case_title,Case title,0.95,0,0,1,1,1,1,0,
1361,443,20260404,1,1,case_reference,Case reference,0.95,0,0,1,1,1,1,0,
1362,443,20260404,1,1,client_name,Client,0.95,0,0,1,1,1,1,0,
1363,443,20260404,1,1,opposing_party,Opposing party,0.95,0,0,1,1,1,1,0,
1364,443,20260404,1,1,document_type,Document type,0.93,0,0,1,1,1,1,0,
1365,443,20260404,1,1,jurisdiction,Jurisdiction,0.95,0,0,1,1,1,1,0,
1366,443,20260404,1,1,important_dates,Dates,0.95,0,0,1,1,1,1,0,
1367,443,20260404,1,1,amounts,Amounts,0.95,0,0,1,1,1,1,0,
1368,443,20260404,1,1,case_category,Category,0.9,0,0,1,1,1,1,0,
1369,445,20260404,9,1,case_title,Case title,0.95,0,0,1,1,1,1,0,
1370,445,20260404,9,1,case_reference,Case reference,0.95,0,0,1,1,1,1,0,
1371,445,20260404,9,1,client_name,Client,0.95,0,0,1,1,1,1,0,
1372,445,20260404,9,1,opposing_party,Opposing party,0.95,0,0,1,1,1,1,0,
1373,445,20260404,9,1,document_type,Document type,0.93,0,0,1,1,1,1,0,
1374,445,20260404,9,1,jurisdiction,Jurisdiction,0.95,0,0,1,1,1,1,0,
1375,445,20260404,9,1,important_dates,Dates,0.95,0,0,1,1,1,1,0,
1376,445,20260404,9,1,amounts,Amounts,0.95,0,0,1,1,1,1,0,
1377,445,20260404,9,1,case_category,Category,0.9,0,0,1,1,1,1,0,
1378,447,20260405,3,1,case_title,Case title,0.949,0,0,1,1,1,0,0,
1379,447,20260405,3,1,case_reference,Case reference,0.949,0,0,1,1,1,1,0,
1380,447,20260405,3,1,client_name,Client,0.949,0,0,1,1,1,0,0,
1381,447,20260405,3,1,opposing_party,Opposing party,0.949,0,0,1,1,1,0,0,
1382,447,20260405,3,1,document_type,Document type,0.0,1,0,1,0,1,0,0,
1383,447,20260405,3,1,jurisdiction,Jurisdiction,0.949,0,0,1,1,1,1,0,
1384,447,20260405,3,1,important_dates,Dates,0.719,0,0,1,1,1,1,0,
1385,447,20260405,3,1,amounts,Amounts,0.949,0,0,1,1,1,1,0,
1386,447,20260405,3,1,case_category,Category,0.95,0,0,1,1,1,1,0,
1387,449,20260406,7,1,case_title,Case title,0.95,0,0,1,1,1,1,1,0
1388,449,20260406,7,1,case_reference,Case reference,0.95,0,0,1,1,1,1,1,0
1389,449,20260406,7,1,client_name,Client,0.95,0,0,1,1,1,1,1,0
1390,449,20260406,7,1,opposing_party,Opposing party,0.95,0,0,1,1,1,1,1,0
1391,449,20260406,7,1,document_type,Document type,0.93,0,0,1,1,1,1,1,0
1392,449,20260406,7,1,jurisdiction,Jurisdiction,0.95,0,0,1,1,1,1,1,0
1393,449,20260406,7,1,important_dates,Dates,0.95,0,0,1,1,1,1,1,0
1394,449,20260406,7,1,amounts,Amounts,0.95,0,0,1,1,1,1,1,0
1395,449,20260406,7,1,case_category,Category,0.95,0,0,1,1,1,1,1,0
1396,453,20260406,1,1,case_title,Case title,0.95,0,0,1,1,1,1,0,
1397,453,20260406,1,1,case_reference,Case reference,0.95,0,0,1,1,1,1,0,
1398,453,20260406,1,1,client_name,Client,0.95,0,0,1,1,1,1,0,
1399,453,20260406,1,1,opposing_party,Opposing party,0.95,0,0,1,1,1,1,0,
1400,453,20260406,1,1,document_type,Document type,0.93,0,0,1,1,1,1,0,
1401,453,20260406,1,1,jurisdiction,Jurisdiction,0.95,0,0,1,1,1,1,0,
1402,453,20260406,1,1,important_dates,Dates,0.95,0,0,1,1,1,1,0,
1403,453,20260406,1,1,amounts,Amounts,0.95,0,0,1,1,1,1,0,
1404,453,20260406,1,1,case_category,Category,0.95,0,0,1,1,1,1,0,
1405,455,20260406,1,1,case_title,Case title,0.95,0,0,1,1,1,1,1,0
1406,455,20260406,1,1,case_reference,Case reference,0.95,0,0,1,1,1,1,1,0
1407,455,20260406,1,1,client_name,Client,0.95,0,0,1,1,1,1,1,0
1408,455,20260406,1,1,opposing_party,Opposing party,0.95,0,0,1,1,1,1,1,0
1409,455,20260406,1,1,document_type,Document type,0.93,0,0,1,1,1,1,1,0
1410,455,20260406,1,1,jurisdiction,Jurisdiction,0.95,0,0,1,1,1,1,1,0
1411,455,20260406,1,1,important_dates,Dates,0.95,0,0,1,1,1,1,1,0
1412,455,20260406,1,1,amounts,Amounts,0.95,0,0,1,1,1,1,1,0
1413,455,20260406,1,1,case_category,Category,0.85,0,0,1,1,1,1,1,0
1414,457,20260407,2,1,case_title,Case title,0.95,0,0,1,1,1,1,1,0
1415,457,20260407,2,1,case_reference,Case reference,0.95,0,0,1,1,1,1,1,0
1416,457,20260407,2,1,client_name,Client,0.95,0,0,1,1,1,1,1,0
1417,457,20260407,2,1,opposing_party,Opposing party,0.95,0,0,1,1,1,1,1,0
1418,457,20260407,2,1,document_type,Document type,0.93,0,0,1,1,1,1,1,0
1419,457,20260407,2,1,jurisdiction,Jurisdiction,0.95,0,0,1,1,1,1,1,0
1420,457,20260407,2,1,important_dates,Dates,0.95,0,0,1,1,1,1,1,0
1421,457,20260407,2,1,amounts,Amounts,0.95,0,0,1,1,1,1,1,0
1422,457,20260407,2,1,case_category,Category,0.95,0,0,1,1,1,1,1,0
1423,461,20260407,3,1,case_title,Case title,0.947,0,0,1,1,1,1,1,0
1424,461,20260407,3,1,case_reference,Case reference,0.947,0,0,1,1,1,1,1,0
1425,461,20260407,3,1,client_name,Client,0.947,0,0,1,1,1,1,1,0
1426,461,20260407,3,1,opposing_party,Opposing party,0.947,0,0,1,1,1,1,1,0
1427,461,20260407,3,1,document_type,Document type,0.927,0,0,1,1,1,1,1,0
1428,461,20260407,3,1,jurisdiction,Jurisdiction,0.947,0,0,1,1,1,1,1,0
1429,461,20260407,3,1,important_dates,Dates,0.947,0,0,1,1,1,0,1,1
1430,461,20260407,3,1,amounts,Amounts,0.0,1,0,1,0,1,0,1,1
1431,461,20260407,3,1,case_category,Category,0.95,0,0,1,1,1,1,1,0
1432,463,20260407,6,1,case_title,Case title,0.95,0,0,1,1,1,1,1,0
1433,463,20260407,6,1,case_reference,Case reference,0.95,0,0,1,1,1,1,1,0
1434,463,20260407,6,1,client_name,Client,0.95,0,0,1,1,1,1,1,0
1435,463,20260407,6,1,opposing_party,Opposing party,0.95,0,0,1,1,1,1,1,0
1436,463,20260407,6,1,document_type,Document type,0.93,0,0,1,1,1,1,1,0
1437,463,20260407,6,1,jurisdiction,Jurisdiction,0.95,0,0,1,1,1,1,1,0
1438,463,20260407,6,1,important_dates,Dates,0.95,0,0,1,1,1,1,1,0
1439,463,20260407,6,1,amounts,Amounts,0.95,0,0,1,1,1,1,1,0
1440,463,20260407,6,1,case_category,Category,0.95,0,0,1,1,1,1,1,0
1441,465,20260407,1,1,case_title,Case title,0.95,0,0,1,1,1,1,1,0
1442,465,20260407,1,1,case_reference,Case reference,0.95,0,0,1,1,1,1,1,0
1443,465,20260407,1,1,client_name,Client,0.95,0,0,1,1,1,1,1,0
1444,465,20260407,1,1,opposing_party,Opposing party,0.95,0,0,1,1,1,1,1,0
1445,465,20260407,1,1,document_type,Document type,0.93,0,0,1,1,1,1,1,0
1446,465,20260407,1,1,jurisdiction,Jurisdiction,0.95,0,0,1,1,1,1,1,0
1447,465,20260407,1,1,important_dates,Dates,0.95,0,0,1,1,1,1,1,0
1448,465,20260407,1,1,amounts,Amounts,0.95,0,0,1,1,1,1,1,0
1449,465,20260407,1,1,case_category,Category,0.9,0,0,1,1,1,1,1,0
1450,470,20260407,6,1,case_title,Case title,0.95,0,0,1,1,1,1,1,0
1451,470,20260407,6,1,case_reference,Case reference,0.95,0,0,1,1,1,1,1,0
1452,470,20260407,6,1,client_name,Client,0.95,0,0,1,1,1,1,1,0
1453,470,20260407,6,1,opposing_party,Opposing party,0.95,0,0,1,1,1,1,1,0
1454,470,20260407,6,1,document_type,Document type,0.93,0,0,1,1,1,1,1,0
1455,470,20260407,6,1,jurisdiction,Jurisdiction,0.95,0,0,1,1,1,1,1,0
1456,470,20260407,6,1,important_dates,Dates,0.95,0,0,1,1,1,1,1,0
1457,470,20260407,6,1,amounts,Amounts,0.95,0,0,1,1,1,1,1,0
1458,470,20260407,6,1,case_category,Category,0.95,0,0,1,1,1,1,1,0
1459,472,20260407,2,1,case_title,Case title,0.95,0,0,1,1,1,1,0,
1460,472,20260407,2,1,case_reference,Case reference,0.95,0,0,1,1,1,1,0,
1461,472,20260407,2,1,client_name,Client,0.95,0,0,1,1,1,1,0,
1462,472,20260407,2,1,opposing_party,Opposing party,0.95,0,0,1,1,1,1,0,
1463,472,20260407,2,1,document_type,Document type,0.93,0,0,1,1,1,1,0,
1464,472,20260407,2,1,jurisdiction,Jurisdiction,0.95,0,0,1,1,1,1,0,
1465,472,20260407,2,1,important_dates,Dates,0.95,0,0,1,1,1,1,0,
1466,472,20260407,2,1,amounts,Amounts,0.95,0,0,1,1,1,1,0,
1467,472,20260407,2,1,case_category,Category,0.95,0,0,1,1,1,1,0,
1468,475,20260408,11,1,case_title,Case title,0.95,0,0,1,1,1,1,1,0
1469,475,20260408,11,1,case_reference,Case reference,0.95,0,0,1,1,1,1,1,0
1470,475,20260408,11,1,client_name,Client,0.95,0,0,1,1,1,1,1,0
1471,475,20260408,11,1,opposing_party,Opposing party,0.95,0,0,1,1,1,1,1,0
1472,475,20260408,11,1,document_type,Document type,0.93,0,0,1,1,1,1,1,0
1473,475,20260408,11,1,jurisdiction,Jurisdiction,0.95,0,0,1,1,1,1,1,0
1474,475,20260408,11,1,important_dates,Dates,0.95,0,0,1,1,1,1,1,0
1475,475,20260408,11,1,amounts,Amounts,0.95,0,0,1,1,1,1,1,0
1476,475,20260408,11,1,case_category,Category,0.9,0,0,1,1,1,1,1,0
1477,478,20260409,6,1,case_title,Case title,0.95,0,0,1,1,1,1,1,0
1478,478,20260409,6,1,case_reference,Case reference,0.95,0,0,1,1,1,1,1,0
1479,478,20260409,6,1,client_name,Client,0.95,0,0,1,1,1,1,1,0
1480,478,20260409,6,1,opposing_party,Opposing party,0.95,0,0,1,1,1,1,1,0
1481,478,20260409,6,1,document_type,Document type,0.93,0,0,1,1,1,1,1,0
1482,478,20260409,6,1,jurisdiction,Jurisdiction,0.95,0,0,1,1,1,1,1,0
1483,478,20260409,6,1,important_dates,Dates,0.95,0,0,1,1,1,1,1,0
1484,478,20260409,6,1,amounts,Amounts,0.95,0,0,1,1,1,1,1,0
1485,478,20260409,6,1,case_category,Category,0.95,0,0,1,1,1,1,1,0
1486,481,20260409,6,1,case_title,Case title,0.95,0,0,1,1,1,1,1,0
1487,481,20260409,6,1,case_reference,Case reference,0.95,0,0,1,1,1,1,1,0
1488,481,20260409,6,1,client_name,Client,0.95,0,0,1,1,1,1,1,0
1489,481,20260409,6,1,opposing_party,Opposing party,0.95,0,0,1,1,1,1,1,0
1490,481,20260409,6,1,document_type,Document type,0.93,0,0,1,1,1,1,1,0
1491,481,20260409,6,1,jurisdiction,Jurisdiction,0.95,0,0,1,1,1,1,1,0
1492,481,20260409,6,1,important_dates,Dates,0.95,0,0,1,1,1,1,1,0
1493,481,20260409,6,1,amounts,Amounts,0.95,0,0,1,1,1,1,1,0
1494,481,20260409,6,1,case_category,Category,0.4,0,0,1,1,1,1,1,0
1495,484,20260410,1,1,case_title,Case title,0.95,0,0,1,1,1,1,1,0
1496,484,20260410,1,1,case_reference,Case reference,0.95,0,0,1,1,1,1,1,0
1497,484,20260410,1,1,client_name,Client,0.95,0,0,1,1,1,1,1,0
1498,484,20260410,1,1,opposing_party,Opposing party,0.95,0,0,1,1,1,1,1,0
1499,484,20260410,1,1,document_type,Document type,0.93,0,0,1,1,1,1,1,0
1500,484,20260410,1,1,jurisdiction,Jurisdiction,0.95,0,0,1,1,1,1,1,0
1501,484,20260410,1,1,important_dates,Dates,0.95,0,0,1,1,1,1,1,0
1502,484,20260410,1,1,amounts,Amounts,0.95,0,0,1,1,1,1,1,0
1503,484,20260410,1,1,case_category,Category,0.4,0,0,1,1,1,1,1,0
1504,488,20260411,1,1,case_title,Case title,0.95,0,0,1,1,1,1,0,
1505,488,20260411,1,1,case_reference,Case reference,0.95,0,0,1,1,1,1,0,
1506,488,20260411,1,1,client_name,Client,0.95,0,0,1,1,1,1,0,
1507,488,20260411,1,1,opposing_party,Opposing party,0.95,0,0,1,1,1,1,0,
1508,488,20260411,1,1,document_type,Document type,0.93,0,0,1,1,1,1,0,
1509,488,20260411,1,1,jurisdiction,Jurisdiction,0.95,0,0,1,1,1,1,0,
1510,488,20260411,1,1,important_dates,Dates,0.95,0,0,1,1,1,1,0,
1511,488,20260411,1,1,amounts,Amounts,0.95,0,0,1,1,1,1,0,
1512,488,20260411,1,1,case_category,Category,0.87,0,0,1,1,1,1,0,
1513,490,20260413,1,1,case_title,Case title,0.95,0,0,1,1,1,1,1,0
1514,490,20260413,1,1,case_reference,Case reference,0.95,0,0,1,1,1,1,1,0
1515,490,20260413,1,1,client_name,Client,0.95,0,0,1,1,1,1,1,0
1516,490,20260413,1,1,opposing_party,Opposing party,0.95,0,0,1,1,1,1,1,0
1517,490,20260413,1,1,document_type,Document type,0.93,0,0,1,1,1,1,1,0
1518,490,20260413,1,1,jurisdiction,Jurisdiction,0.95,0,0,1,1,1,1,1,0
1519,490,20260413,1,1,important_dates,Dates,0.95,0,0,1,1,1,1,1,0
1520,490,20260413,1,1,amounts,Amounts,0.95,0,0,1,1,1,1,1,0
1521,490,20260413,1,1,case_category,Category,0.95,0,0,1,1,1,1,1,0
1522,492,20260414,6,1,case_title,Case title,0.95,0,0,1,1,1,1,1,0
1523,492,20260414,6,1,case_reference,Case reference,0.95,0,0,1,1,1,1,1,0
1524,492,20260414,6,1,client_name,Client,0.95,0,0,1,1,1,1,1,0
1525,492,20260414,6,1,opposing_party,Opposing party,0.95,0,0,1,1,1,1,1,0
1526,492,20260414,6,1,document_type,Document type,0.93,0,0,1,1,1,1,1,0
1527,492,20260414,6,1,jurisdiction,Jurisdiction,0.95,0,0,1,1,1,1,1,0
1528,492,20260414,6,1,important_dates,Dates,0.95,0,0,1,1,1,1,1,0
1529,492,20260414,6,1,amounts,Amounts,0.95,0,0,1,1,1,1,1,0
1530,492,20260414,6,1,case_category,Category,0.95,0,0,1,1,1,1,1,0
1531,494,20260414,3,2,case_title,Case title,0.85,0,0,1,1,1,1,1,0
1532,494,20260414,3,2,case_reference,Case reference,0.85,0,0,1,1,1,1,1,0
1533,494,20260414,3,2,client_name,Client,0.85,0,0,1,1,1,0,1,1
1534,494,20260414,3,2,opposing_party,Opposing party,0.0,1,0,1,0,1,0,1,1
1535,494,20260414,3,2,document_type,Document type,0.0,1,0,1,0,1,0,1,1
1536,494,20260414,3,2,jurisdiction,Jurisdiction,0.85,0,0,1,1,1,0,1,1
1537,494,20260414,3,2,important_dates,Dates,0.85,0,0,1,1,1,0,1,1
1538,494,20260414,3,2,amounts,Amounts,0.85,0,0,1,1,1,1,1,0
1539,494,20260414,3,2,case_category,Category,0.95,0,0,1,1,1,1,1,0
1540,497,20260414,1,1,case_title,Case title,0.95,0,0,1,1,1,1,1,0
1541,497,20260414,1,1,case_reference,Case reference,0.95,0,0,1,1,1,1,1,0
1542,497,20260414,1,1,client_name,Client,0.95,0,0,1,1,1,1,1,0
1543,497,20260414,1,1,opposing_party,Opposing party,0.95,0,0,1,1,1,1,1,0
1544,497,20260414,1,1,document_type,Document type,0.93,0,0,1,1,1,1,1,0
1545,497,20260414,1,1,jurisdiction,Jurisdiction,0.95,0,0,1,1,1,1,1,0
1546,497,20260414,1,1,important_dates,Dates,0.95,0,0,1,1,1,1,1,0
1547,497,20260414,1,1,amounts,Amounts,0.95,0,0,1,1,1,1,1,0
1548,497,20260414,1,1,case_category,Category,0.9,0,0,1,1,1,1,1,0
1549,502,20260415,3,1,case_title,Case title,0.945,0,0,1,1,1,1,0,
1550,502,20260415,3,1,case_reference,Case reference,0.945,0,0,1,1,1,1,0,
1551,502,20260415,3,1,client_name,Client,0.945,0,0,1,1,1,1,0,
1552,502,20260415,3,1,opposing_party,Opposing party,0.945,0,0,1,1,1,1,0,
1553,502,20260415,3,1,document_type,Document type,0.0,1,0,1,0,1,0,0,
1554,502,20260415,3,1,jurisdiction,Jurisdiction,0.945,0,0,1,1,1,1,0,
1555,502,20260415,3,1,important_dates,Dates,0.299,0,0,1,1,1,0,0,
1556,502,20260415,3,1,amounts,Amounts,0.945,0,0,1,1,1,1,0,
1557,502,20260415,3,1,case_category,Category,0.87,0,0,1,1,1,1,0,
1558,504,20260415,6,1,case_title,Case title,0.95,0,0,1,1,1,1,1,0
1559,504,20260415,6,1,case_reference,Case reference,0.95,0,0,1,1,1,1,1,0
1560,504,20260415,6,1,client_name,Client,0.95,0,0,1,1,1,1,1,0
1561,504,20260415,6,1,opposing_party,Opposing party,0.95,0,0,1,1,1,1,1,0
1562,504,20260415,6,1,document_type,Document type,0.93,0,0,1,1,1,1,1,0
1563,504,20260415,6,1,jurisdiction,Jurisdiction,0.95,0,0,1,1,1,1,1,0
1564,504,20260415,6,1,important_dates,Dates,0.95,0,0,1,1,1,1,1,0
1565,504,20260415,6,1,amounts,Amounts,0.95,0,0,1,1,1,1,1,0
1566,504,20260415,6,1,case_category,Category,0.95,0,0,1,1,1,1,1,0
1567,507,20260415,9,1,case_title,Case title,0.95,0,0,1,1,1,1,1,0
1568,507,20260415,9,1,case_reference,Case reference,0.95,0,0,1,1,1,1,1,0
1569,507,20260415,9,1,client_name,Client,0.95,0,0,1,1,1,1,1,0
1570,507,20260415,9,1,opposing_party,Opposing party,0.95,0,0,1,1,1,1,1,0
1571,507,20260415,9,1,document_type,Document type,0.93,0,0,1,1,1,1,1,0
1572,507,20260415,9,1,jurisdiction,Jurisdiction,0.95,0,0,1,1,1,1,1,0
1573,507,20260415,9,1,important_dates,Dates,0.95,0,0,1,1,1,1,1,0
1574,507,20260415,9,1,amounts,Amounts,0.95,0,0,1,1,1,1,1,0
1575,507,20260415,9,1,case_category,Category,0.95,0,0,1,1,1,1,1,0
1576,510,20260415,6,1,case_title,Case title,0.95,0,0,1,1,1,1,1,0
1577,510,20260415,6,1,case_reference,Case reference,0.95,0,0,1,1,1,1,1,0
1578,510,20260415,6,1,client_name,Client,0.95,0,0,1,1,1,1,1,0
1579,510,20260415,6,1,opposing_party,Opposing party,0.95,0,0,1,1,1,1,1,0
1580,510,20260415,6,1,document_type,Document type,0.93,0,0,1,1,1,1,1,0
1581,510,20260415,6,1,jurisdiction,Jurisdiction,0.95,0,0,1,1,1,1,1,0
1582,510,20260415,6,1,important_dates,Dates,0.95,0,0,1,1,1,1,1,0
1583,510,20260415,6,1,amounts,Amounts,0.95,0,0,1,1,1,1,1,0
1584,510,20260415,6,1,case_category,Category,0.95,0,0,1,1,1,1,1,0
1585,514,20260416,9,1,case_title,Case title,0.95,0,0,1,1,1,1,1,0
1586,514,20260416,9,1,case_reference,Case reference,0.95,0,0,1,1,1,1,1,0
1587,514,20260416,9,1,client_name,Client,0.95,0,0,1,1,1,1,1,0
1588,514,20260416,9,1,opposing_party,Opposing party,0.95,0,0,1,1,1,1,1,0
1589,514,20260416,9,1,document_type,Document type,0.93,0,0,1,1,1,1,1,0
1590,514,20260416,9,1,jurisdiction,Jurisdiction,0.95,0,0,1,1,1,1,1,0
1591,514,20260416,9,1,important_dates,Dates,0.95,0,0,1,1,1,1,1,0
1592,514,20260416,9,1,amounts,Amounts,0.95,0,0,1,1,1,1,1,0
1593,514,20260416,9,1,case_category,Category,0.9,0,0,1,1,1,1,1,0
1594,516,20260416,1,1,case_title,Case title,0.95,0,0,1,1,1,1,1,0
1595,516,20260416,1,1,case_reference,Case reference,0.95,0,0,1,1,1,1,1,0
1596,516,20260416,1,1,client_name,Client,0.95,0,0,1,1,1,1,1,0
1597,516,20260416,1,1,opposing_party,Opposing party,0.95,0,0,1,1,1,1,1,0
1598,516,20260416,1,1,document_type,Document type,0.93,0,0,1,1,1,1,1,0
1599,516,20260416,1,1,jurisdiction,Jurisdiction,0.95,0,0,1,1,1,1,1,0
1600,516,20260416,1,1,important_dates,Dates,0.95,0,0,1,1,1,1,1,0
1601,516,20260416,1,1,amounts,Amounts,0.95,0,0,1,1,1,1,1,0
1602,516,20260416,1,1,case_category,Category,0.95,0,0,1,1,1,1,1,0
1603,520,20260417,6,1,case_title,Case title,0.95,0,0,1,1,1,1,0,
1604,520,20260417,6,1,case_reference,Case reference,0.95,0,0,1,1,1,1,0,
1605,520,20260417,6,1,client_name,Client,0.95,0,0,1,1,1,1,0,
1606,520,20260417,6,1,opposing_party,Opposing party,0.95,0,0,1,1,1,1,0,
1607,520,20260417,6,1,document_type,Document type,0.93,0,0,1,1,1,1,0,
1608,520,20260417,6,1,jurisdiction,Jurisdiction,0.95,0,0,1,1,1,1,0,
1609,520,20260417,6,1,important_dates,Dates,0.95,0,0,1,1,1,1,0,
1610,520,20260417,6,1,amounts,Amounts,0.95,0,0,1,1,1,1,0,
1611,520,20260417,6,1,case_category,Category,0.86,0,0,1,1,1,1,0,
1612,522,20260421,4,1,case_title,Case title,0.95,0,0,1,1,1,1,1,0
1613,522,20260421,4,1,case_reference,Case reference,0.95,0,0,1,1,1,1,1,0
1614,522,20260421,4,1,client_name,Client,0.95,0,0,1,1,1,1,1,0
1615,522,20260421,4,1,opposing_party,Opposing party,0.95,0,0,1,1,1,1,1,0
1616,522,20260421,4,1,document_type,Document type,0.93,0,0,1,1,1,1,1,0
1617,522,20260421,4,1,jurisdiction,Jurisdiction,0.68,0,0,1,1,1,1,1,0
1618,522,20260421,4,1,important_dates,Dates,0.5,0,0,1,1,1,1,1,0
1619,522,20260421,4,1,amounts,Amounts,0.0,1,0,0,0,1,1,1,0
1620,522,20260421,4,1,case_category,Category,0.9,0,0,1,1,1,1,1,0
1621,524,20260423,2,1,case_title,Case title,0.95,0,0,1,1,1,1,1,0
1622,524,20260423,2,1,case_reference,Case reference,0.95,0,0,1,1,1,1,1,0
1623,524,20260423,2,1,client_name,Client,0.95,0,0,1,1,1,1,1,0
1624,524,20260423,2,1,opposing_party,Opposing party,0.95,0,0,1,1,1,1,1,0
1625,524,20260423,2,1,document_type,Document type,0.93,0,0,1,1,1,1,1,0
1626,524,20260423,2,1,jurisdiction,Jurisdiction,0.95,0,0,1,1,1,1,1,0
1627,524,20260423,2,1,important_dates,Dates,0.95,0,0,1,1,1,1,1,0
1628,524,20260423,2,1,amounts,Amounts,0.95,0,0,1,1,1,1,1,0
1629,524,20260423,2,1,case_category,Category,0.4,0,0,1,1,1,1,1,0
1630,526,20260423,6,2,case_title,Case title,0.85,0,0,1,1,1,1,1,0
1631,526,20260423,6,2,case_reference,Case reference,0.85,0,0,1,1,1,1,1,0
1632,526,20260423,6,2,client_name,Client,0.85,0,0,1,1,1,1,1,0
1633,526,20260423,6,2,opposing_party,Opposing party,0.85,0,0,1,1,1,1,1,0
1634,526,20260423,6,2,document_type,Document type,0.85,0,0,1,1,1,1,1,0
1635,526,20260423,6,2,jurisdiction,Jurisdiction,0.85,0,0,1,1,1,1,1,0
1636,526,20260423,6,2,important_dates,Dates,0.85,0,0,1,1,1,1,1,0
1637,526,20260423,6,2,amounts,Amounts,0.85,0,0,1,1,1,1,1,0
1638,526,20260423,6,2,case_category,Category,0.95,0,0,1,1,1,1,1,0
1639,528,20260423,7,1,case_title,Case title,0.95,0,0,1,1,1,1,1,0
1640,528,20260423,7,1,case_reference,Case reference,0.95,0,0,1,1,1,1,1,0
1641,528,20260423,7,1,client_name,Client,0.95,0,0,1,1,1,1,1,0
1642,528,20260423,7,1,opposing_party,Opposing party,0.95,0,0,1,1,1,1,1,0
1643,528,20260423,7,1,document_type,Document type,0.93,0,0,1,1,1,1,1,0
1644,528,20260423,7,1,jurisdiction,Jurisdiction,0.0,1,0,0,0,1,1,1,0
1645,528,20260423,7,1,important_dates,Dates,0.95,0,0,1,1,1,1,1,0
1646,528,20260423,7,1,amounts,Amounts,0.95,0,0,1,1,1,1,1,0
1647,528,20260423,7,1,case_category,Category,0.95,0,0,1,1,1,1,1,0
1648,530,20260423,11,2,case_title,Case title,0.85,0,0,1,1,1,1,1,0
1649,530,20260423,11,2,case_reference,Case reference,0.85,0,0,1,1,1,1,1,0
1650,530,20260423,11,2,client_name,Client,0.85,0,0,1,1,1,1,1,0
1651,530,20260423,11,2,opposing_party,Opposing party,0.85,0,0,1,1,1,1,1,0
1652,530,20260423,11,2,document_type,Document type,0.85,0,0,1,1,1,1,1,0
1653,530,20260423,11,2,jurisdiction,Jurisdiction,0.85,0,0,1,1,1,1,1,0
1654,530,20260423,11,2,important_dates,Dates,0.85,0,0,1,1,1,1,1,0
1655,530,20260423,11,2,amounts,Amounts,0.85,0,0,1,1,1,1,1,0
1656,530,20260423,11,2,case_category,Category,0.83,0,0,1,1,1,1,1,0
1657,535,20260424,3,1,case_title,Case title,0.0,1,0,1,0,1,0,1,1
1658,535,20260424,3,1,case_reference,Case reference,0.947,0,0,1,1,1,1,1,0
1659,535,20260424,3,1,client_name,Client,0.947,0,0,1,1,1,1,1,0
1660,535,20260424,3,1,opposing_party,Opposing party,0.947,0,0,1,1,1,1,1,0
1661,535,20260424,3,1,document_type,Document type,0.927,0,0,1,1,1,1,1,0
1662,535,20260424,3,1,jurisdiction,Jurisdiction,0.947,0,0,1,1,1,0,1,1
1663,535,20260424,3,1,important_dates,Dates,0.947,0,0,1,1,1,0,1,1
1664,535,20260424,3,1,amounts,Amounts,0.947,0,0,1,1,1,1,1,0
1665,535,20260424,3,1,case_category,Category,0.95,0,0,1,1,1,1,1,0
1666,538,20260424,5,1,case_title,Case title,0.95,0,0,1,1,1,1,1,0
1667,538,20260424,5,1,case_reference,Case reference,0.95,0,0,1,1,1,1,1,0
1668,538,20260424,5,1,client_name,Client,0.95,0,0,1,1,1,1,1,0
1669,538,20260424,5,1,opposing_party,Opposing party,0.95,0,0,1,1,1,1,1,0
1670,538,20260424,5,1,document_type,Document type,0.93,0,0,1,1,1,1,1,0
1671,538,20260424,5,1,jurisdiction,Jurisdiction,0.57,0,1,1,1,1,0,1,1
1672,538,20260424,5,1,important_dates,Dates,0.95,0,0,1,1,1,1,1,0
1673,538,20260424,5,1,amounts,Amounts,0.95,0,0,1,1,1,1,1,0
1674,538,20260424,5,1,case_category,Category,0.9,0,0,1,1,1,1,1,0
1675,541,20260424,1,1,case_title,Case title,0.95,0,0,1,1,1,1,1,0
1676,541,20260424,1,1,case_reference,Case reference,0.95,0,0,1,1,1,1,1,0
1677,541,20260424,1,1,client_name,Client,0.95,0,0,1,1,1,1,1,0
1678,541,20260424,1,1,opposing_party,Opposing party,0.95,0,0,1,1,1,1,1,0
1679,541,20260424,1,1,document_type,Document type,0.93,0,0,1,1,1,1,1,0
1680,541,20260424,1,1,jurisdiction,Jurisdiction,0.95,0,0,1,1,1,1,1,0
1681,541,20260424,1,1,important_dates,Dates,0.95,0,0,1,1,1,1,1,0
1682,541,20260424,1,1,amounts,Amounts,0.95,0,0,1,1,1,1,1,0
1683,541,20260424,1,1,case_category,Category,0.9,0,0,1,1,1,1,1,0
1684,544,20260427,1,1,case_title,Case title,0.95,0,0,1,1,1,1,1,0
1685,544,20260427,1,1,case_reference,Case reference,0.95,0,0,1,1,1,1,1,0
1686,544,20260427,1,1,client_name,Client,0.95,0,0,1,1,1,1,1,0
1687,544,20260427,1,1,opposing_party,Opposing party,0.95,0,0,1,1,1,1,1,0
1688,544,20260427,1,1,document_type,Document type,0.93,0,0,1,1,1,1,1,0
1689,544,20260427,1,1,jurisdiction,Jurisdiction,0.95,0,0,1,1,1,1,1,0
1690,544,20260427,1,1,important_dates,Dates,0.95,0,0,1,1,1,1,1,0
1691,544,20260427,1,1,amounts,Amounts,0.95,0,0,1,1,1,1,1,0
1692,544,20260427,1,1,case_category,Category,0.95,0,0,1,1,1,1,1,0
1693,546,20260427,10,1,case_title,Case title,0.947,0,0,1,1,1,0,1,1
1694,546,20260427,10,1,case_reference,Case reference,0.0,1,0,1,0,1,0,1,1
1695,546,20260427,10,1,client_name,Client,0.947,0,0,1,1,1,1,1,0
1696,546,20260427,10,1,opposing_party,Opposing party,0.947,0,0,1,1,1,1,1,0
1697,546,20260427,10,1,document_type,Document type,0.927,0,0,1,1,1,1,1,0
1698,546,20260427,10,1,jurisdiction,Jurisdiction,0.947,0,0,1,1,1,1,1,0
1699,546,20260427,10,1,important_dates,Dates,0.947,0,0,1,1,1,0,1,1
1700,546,20260427,10,1,amounts,Amounts,0.947,0,0,1,1,1,0,1,1
1701,546,20260427,10,1,case_category,Category,0.95,0,0,1,1,1,1,1,0
1702,548,20260428,6,1,case_title,Case title,0.95,0,0,1,1,1,1,1,0
1703,548,20260428,6,1,case_reference,Case reference,0.95,0,0,1,1,1,1,1,0
1704,548,20260428,6,1,client_name,Client,0.95,0,0,1,1,1,1,1,0
1705,548,20260428,6,1,opposing_party,Opposing party,0.95,0,0,1,1,1,1,1,0
1706,548,20260428,6,1,document_type,Document type,0.93,0,0,1,1,1,1,1,0
1707,548,20260428,6,1,jurisdiction,Jurisdiction,0.68,0,0,1,1,1,1,1,0
1708,548,20260428,6,1,important_dates,Dates,0.95,0,0,1,1,1,1,1,0
1709,548,20260428,6,1,amounts,Amounts,0.95,0,0,1,1,1,1,1,0
1710,548,20260428,6,1,case_category,Category,0.86,0,0,1,1,1,1,1,0
1711,550,20260428,5,2,case_title,Case title,0.85,0,0,1,1,1,1,1,0
1712,550,20260428,5,2,case_reference,Case reference,0.85,0,0,1,1,1,1,1,0
1713,550,20260428,5,2,client_name,Client,0.85,0,0,1,1,1,1,1,0
1714,550,20260428,5,2,opposing_party,Opposing party,0.85,0,0,1,1,1,1,1,0
1715,550,20260428,5,2,document_type,Document type,0.85,0,0,1,1,1,1,1,0
1716,550,20260428,5,2,jurisdiction,Jurisdiction,0.57,0,1,1,1,1,0,1,1
1717,550,20260428,5,2,important_dates,Dates,0.85,0,0,1,1,1,1,1,0
1718,550,20260428,5,2,amounts,Amounts,0.85,0,0,1,1,1,1,1,0
1719,550,20260428,5,2,case_category,Category,0.87,0,0,1,1,1,1,1,0
1720,553,20260429,10,2,case_title,Case title,0.85,0,0,1,1,1,1,1,0
1721,553,20260429,10,2,case_reference,Case reference,0.85,0,0,1,1,1,1,1,0
1722,553,20260429,10,2,client_name,Client,0.85,0,0,1,1,1,1,1,0
1723,553,20260429,10,2,opposing_party,Opposing party,0.85,0,0,1,1,1,1,1,0
1724,553,20260429,10,2,document_type,Document type,0.85,0,0,1,1,1,1,1,0
1725,553,20260429,10,2,jurisdiction,Jurisdiction,0.0,1,0,1,0,1,0,1,1
1726,553,20260429,10,2,important_dates,Dates,0.85,0,0,1,1,1,0,1,1
1727,553,20260429,10,2,amounts,Amounts,0.0,1,0,1,0,1,0,1,1
1728,553,20260429,10,2,case_category,Category,0.95,0,0,1,1,1,1,1,0
1729,556,20260429,6,1,case_title,Case title,0.95,0,0,1,1,1,1,1,0
1730,556,20260429,6,1,case_reference,Case reference,0.95,0,0,1,1,1,1,1,0
1731,556,20260429,6,1,client_name,Client,0.95,0,0,1,1,1,1,1,0
1732,556,20260429,6,1,opposing_party,Opposing party,0.95,0,0,1,1,1,1,1,0
1733,556,20260429,6,1,document_type,Document type,0.93,0,0,1,1,1,1,1,0
1734,556,20260429,6,1,jurisdiction,Jurisdiction,0.95,0,0,1,1,1,1,1,0
1735,556,20260429,6,1,important_dates,Dates,0.95,0,0,1,1,1,1,1,0
1736,556,20260429,6,1,amounts,Amounts,0.95,0,0,1,1,1,1,1,0
1737,556,20260429,6,1,case_category,Category,0.95,0,0,1,1,1,1,1,0
1738,563,20260430,6,1,case_title,Case title,0.95,0,0,1,1,1,1,1,0
1739,563,20260430,6,1,case_reference,Case reference,0.95,0,0,1,1,1,1,1,0
1740,563,20260430,6,1,client_name,Client,0.95,0,0,1,1,1,1,1,0
1741,563,20260430,6,1,opposing_party,Opposing party,0.95,0,0,1,1,1,1,1,0
1742,563,20260430,6,1,document_type,Document type,0.93,0,0,1,1,1,1,1,0
1743,563,20260430,6,1,jurisdiction,Jurisdiction,0.95,0,0,1,1,1,1,1,0
1744,563,20260430,6,1,important_dates,Dates,0.95,0,0,1,1,1,1,1,0
1745,563,20260430,6,1,amounts,Amounts,0.95,0,0,1,1,1,1,1,0
1746,563,20260430,6,1,case_category,Category,0.89,0,0,1,1,1,1,1,0
1747,565,20260430,4,1,case_title,Case title,0.95,0,0,1,1,1,1,1,0
1748,565,20260430,4,1,case_reference,Case reference,0.95,0,0,1,1,1,1,1,0
1749,565,20260430,4,1,client_name,Client,0.95,0,0,1,1,1,1,1,0
1750,565,20260430,4,1,opposing_party,Opposing party,0.95,0,0,1,1,1,1,1,0
1751,565,20260430,4,1,document_type,Document type,0.93,0,0,1,1,1,1,1,0
1752,565,20260430,4,1,jurisdiction,Jurisdiction,0.0,1,0,0,0,1,1,1,0
1753,565,20260430,4,1,important_dates,Dates,0.95,0,0,1,1,1,1,1,0
1754,565,20260430,4,1,amounts,Amounts,0.95,0,0,1,1,1,1,1,0
1755,565,20260430,4,1,case_category,Category,0.4,0,0,1,1,1,1,1,0
1756,567,20260430,11,1,case_title,Case title,0.95,0,0,1,1,1,1,1,0
1757,567,20260430,11,1,case_reference,Case reference,0.95,0,0,1,1,1,1,1,0
1758,567,20260430,11,1,client_name,Client,0.95,0,0,1,1,1,1,1,0
1759,567,20260430,11,1,opposing_party,Opposing party,0.95,0,0,1,1,1,1,1,0
1760,567,20260430,11,1,document_type,Document type,0.93,0,0,1,1,1,1,1,0
1761,567,20260430,11,1,jurisdiction,Jurisdiction,0.95,0,0,1,1,1,1,1,0
1762,567,20260430,11,1,important_dates,Dates,0.95,0,0,1,1,1,1,1,0
1763,567,20260430,11,1,amounts,Amounts,0.95,0,0,1,1,1,1,1,0
1764,567,20260430,11,1,case_category,Category,0.95,0,0,1,1,1,1,1,0
1765,570,20260501,1,1,case_title,Case title,0.95,0,0,1,1,1,1,1,0
1766,570,20260501,1,1,case_reference,Case reference,0.95,0,0,1,1,1,1,1,0
1767,570,20260501,1,1,client_name,Client,0.95,0,0,1,1,1,1,1,0
1768,570,20260501,1,1,opposing_party,Opposing party,0.95,0,0,1,1,1,1,1,0
1769,570,20260501,1,1,document_type,Document type,0.93,0,0,1,1,1,1,1,0
1770,570,20260501,1,1,jurisdiction,Jurisdiction,0.95,0,0,1,1,1,1,1,0
1771,570,20260501,1,1,important_dates,Dates,0.95,0,0,1,1,1,1,1,0
1772,570,20260501,1,1,amounts,Amounts,0.95,0,0,1,1,1,1,1,0
1773,570,20260501,1,1,case_category,Category,0.95,0,0,1,1,1,1,1,0
1774,573,20260501,11,1,case_title,Case title,0.95,0,0,1,1,1,1,1,0
1775,573,20260501,11,1,case_reference,Case reference,0.95,0,0,1,1,1,1,1,0
1776,573,20260501,11,1,client_name,Client,0.95,0,0,1,1,1,1,1,0
1777,573,20260501,11,1,opposing_party,Opposing party,0.95,0,0,1,1,1,1,1,0
1778,573,20260501,11,1,document_type,Document type,0.93,0,0,1,1,1,1,1,0
1779,573,20260501,11,1,jurisdiction,Jurisdiction,0.95,0,0,1,1,1,1,1,0
1780,573,20260501,11,1,important_dates,Dates,0.95,0,0,1,1,1,1,1,0
1781,573,20260501,11,1,amounts,Amounts,0.95,0,0,1,1,1,1,1,0
1782,573,20260501,11,1,case_category,Category,0.4,0,0,1,1,1,1,1,0
1783,578,20260503,3,2,case_title,Case title,0.85,0,0,1,1,1,1,0,
1784,578,20260503,3,2,case_reference,Case reference,0.85,0,0,1,1,1,1,0,
1785,578,20260503,3,2,client_name,Client,0.85,0,0,1,1,1,1,0,
1786,578,20260503,3,2,opposing_party,Opposing party,0.0,1,0,1,0,1,0,0,
1787,578,20260503,3,2,document_type,Document type,0.0,1,0,1,0,1,0,0,
1788,578,20260503,3,2,jurisdiction,Jurisdiction,0.85,0,0,1,1,1,1,0,
1789,578,20260503,3,2,important_dates,Dates,0.85,0,0,1,1,1,0,0,
1790,578,20260503,3,2,amounts,Amounts,0.85,0,0,1,1,1,0,0,
1791,578,20260503,3,2,case_category,Category,0.88,0,0,1,1,1,1,0,
1792,580,20260505,1,1,case_title,Case title,0.95,0,0,1,1,1,1,1,0
1793,580,20260505,1,1,case_reference,Case reference,0.95,0,0,1,1,1,1,1,0
1794,580,20260505,1,1,client_name,Client,0.95,0,0,1,1,1,1,1,0
1795,580,20260505,1,1,opposing_party,Opposing party,0.95,0,0,1,1,1,1,1,0
1796,580,20260505,1,1,document_type,Document type,0.93,0,0,1,1,1,1,1,0
1797,580,20260505,1,1,jurisdiction,Jurisdiction,0.95,0,0,1,1,1,1,1,0
1798,580,20260505,1,1,important_dates,Dates,0.95,0,0,1,1,1,1,1,0
1799,580,20260505,1,1,amounts,Amounts,0.95,0,0,1,1,1,1,1,0
1800,580,20260505,1,1,case_category,Category,0.95,0,0,1,1,1,1,1,0
1801,582,20260505,5,1,case_title,Case title,0.95,0,0,1,1,1,1,1,0
1802,582,20260505,5,1,case_reference,Case reference,0.95,0,0,1,1,1,1,1,0
1803,582,20260505,5,1,client_name,Client,0.95,0,0,1,1,1,1,1,0
1804,582,20260505,5,1,opposing_party,Opposing party,0.95,0,0,1,1,1,1,1,0
1805,582,20260505,5,1,document_type,Document type,0.93,0,0,1,1,1,1,1,0
1806,582,20260505,5,1,jurisdiction,Jurisdiction,0.57,0,1,1,1,1,0,1,1
1807,582,20260505,5,1,important_dates,Dates,0.95,0,0,1,1,1,1,1,0
1808,582,20260505,5,1,amounts,Amounts,0.95,0,0,1,1,1,1,1,0
1809,582,20260505,5,1,case_category,Category,0.95,0,0,1,1,1,1,1,0
1810,584,20260506,6,1,case_title,Case title,0.95,0,0,1,1,1,1,1,0
1811,584,20260506,6,1,case_reference,Case reference,0.95,0,0,1,1,1,1,1,0
1812,584,20260506,6,1,client_name,Client,0.95,0,0,1,1,1,1,1,0
1813,584,20260506,6,1,opposing_party,Opposing party,0.95,0,0,1,1,1,1,1,0
1814,584,20260506,6,1,document_type,Document type,0.93,0,0,1,1,1,1,1,0
1815,584,20260506,6,1,jurisdiction,Jurisdiction,0.95,0,0,1,1,1,1,1,0
1816,584,20260506,6,1,important_dates,Dates,0.95,0,0,1,1,1,1,1,0
1817,584,20260506,6,1,amounts,Amounts,0.95,0,0,1,1,1,1,1,0
1818,584,20260506,6,1,case_category,Category,0.95,0,0,1,1,1,1,1,0
1819,587,20260506,1,1,case_title,Case title,0.95,0,0,1,1,1,1,1,0
1820,587,20260506,1,1,case_reference,Case reference,0.95,0,0,1,1,1,1,1,0
1821,587,20260506,1,1,client_name,Client,0.95,0,0,1,1,1,1,1,0
1822,587,20260506,1,1,opposing_party,Opposing party,0.95,0,0,1,1,1,1,1,0
1823,587,20260506,1,1,document_type,Document type,0.93,0,0,1,1,1,1,1,0
1824,587,20260506,1,1,jurisdiction,Jurisdiction,0.68,0,0,1,1,1,1,1,0
1825,587,20260506,1,1,important_dates,Dates,0.95,0,0,1,1,1,1,1,0
1826,587,20260506,1,1,amounts,Amounts,0.95,0,0,1,1,1,1,1,0
1827,587,20260506,1,1,case_category,Category,0.95,0,0,1,1,1,1,1,0
1828,589,20260506,3,1,case_title,Case title,0.949,0,0,1,1,1,1,1,0
1829,589,20260506,3,1,case_reference,Case reference,0.949,0,0,1,1,1,1,1,0
1830,589,20260506,3,1,client_name,Client,0.0,1,0,1,0,1,0,1,1
1831,589,20260506,3,1,opposing_party,Opposing party,0.949,0,0,1,1,1,1,1,0
1832,589,20260506,3,1,document_type,Document type,0.929,0,0,1,1,1,1,1,0
1833,589,20260506,3,1,jurisdiction,Jurisdiction,0.679,0,0,1,1,1,1,1,0
1834,589,20260506,3,1,important_dates,Dates,0.949,0,0,1,1,1,0,1,1
1835,589,20260506,3,1,amounts,Amounts,0.949,0,0,1,1,1,1,1,0
1836,589,20260506,3,1,case_category,Category,0.95,0,0,1,1,1,1,1,0
1837,592,20260506,6,1,case_title,Case title,0.95,0,0,1,1,1,1,1,0
1838,592,20260506,6,1,case_reference,Case reference,0.95,0,0,1,1,1,1,1,0
1839,592,20260506,6,1,client_name,Client,0.95,0,0,1,1,1,1,1,0
1840,592,20260506,6,1,opposing_party,Opposing party,0.95,0,0,1,1,1,1,1,0
1841,592,20260506,6,1,document_type,Document type,0.93,0,0,1,1,1,1,1,0
1842,592,20260506,6,1,jurisdiction,Jurisdiction,0.95,0,0,1,1,1,1,1,0
1843,592,20260506,6,1,important_dates,Dates,0.95,0,0,1,1,1,1,1,0
1844,592,20260506,6,1,amounts,Amounts,0.95,0,0,1,1,1,1,1,0
1845,592,20260506,6,1,case_category,Category,0.95,0,0,1,1,1,1,1,0
1846,597,20260507,10,1,case_title,Case title,0.944,0,0,1,1,1,0,1,1
1847,597,20260507,10,1,case_reference,Case reference,0.715,0,0,1,1,1,1,1,0
1848,597,20260507,10,1,client_name,Client,0.944,0,0,1,1,1,1,1,0
1849,597,20260507,10,1,opposing_party,Opposing party,0.944,0,0,1,1,1,1,1,0
1850,597,20260507,10,1,document_type,Document type,0.0,1,0,1,0,1,0,1,1
1851,597,20260507,10,1,jurisdiction,Jurisdiction,0.944,0,0,1,1,1,1,1,0
1852,597,20260507,10,1,important_dates,Dates,0.944,0,0,1,1,1,1,1,0
1853,597,20260507,10,1,amounts,Amounts,0.715,0,0,1,1,1,0,1,1
1854,597,20260507,10,1,case_category,Category,0.89,0,0,1,1,1,1,1,0
1855,599,20260507,6,1,case_title,Case title,0.95,0,0,1,1,1,1,1,0
1856,599,20260507,6,1,case_reference,Case reference,0.95,0,0,1,1,1,1,1,0
1857,599,20260507,6,1,client_name,Client,0.95,0,0,1,1,1,1,1,0
1858,599,20260507,6,1,opposing_party,Opposing party,0.95,0,0,1,1,1,1,1,0
1859,599,20260507,6,1,document_type,Document type,0.93,0,0,1,1,1,1,1,0
1860,599,20260507,6,1,jurisdiction,Jurisdiction,0.95,0,0,1,1,1,1,1,0
1861,599,20260507,6,1,important_dates,Dates,0.95,0,0,1,1,1,1,1,0
1862,599,20260507,6,1,amounts,Amounts,0.95,0,0,1,1,1,1,1,0
1863,599,20260507,6,1,case_category,Category,0.95,0,0,1,1,1,1,1,0
1864,602,20260508,1,1,case_title,Case title,0.95,0,0,1,1,1,1,1,0
1865,602,20260508,1,1,case_reference,Case reference,0.95,0,0,1,1,1,1,1,0
1866,602,20260508,1,1,client_name,Client,0.95,0,0,1,1,1,1,1,0
1867,602,20260508,1,1,opposing_party,Opposing party,0.95,0,0,1,1,1,1,1,0
1868,602,20260508,1,1,document_type,Document type,0.93,0,0,1,1,1,1,1,0
1869,602,20260508,1,1,jurisdiction,Jurisdiction,0.95,0,0,1,1,1,1,1,0
1870,602,20260508,1,1,important_dates,Dates,0.95,0,0,1,1,1,1,1,0
1871,602,20260508,1,1,amounts,Amounts,0.95,0,0,1,1,1,1,1,0
1872,602,20260508,1,1,case_category,Category,0.95,0,0,1,1,1,1,1,0
1873,605,20260508,9,1,case_title,Case title,0.95,0,0,1,1,1,1,0,
1874,605,20260508,9,1,case_reference,Case reference,0.95,0,0,1,1,1,1,0,
1875,605,20260508,9,1,client_name,Client,0.95,0,0,1,1,1,1,0,
1876,605,20260508,9,1,opposing_party,Opposing party,0.95,0,0,1,1,1,1,0,
1877,605,20260508,9,1,document_type,Document type,0.93,0,0,1,1,1,1,0,
1878,605,20260508,9,1,jurisdiction,Jurisdiction,0.95,0,0,1,1,1,1,0,
1879,605,20260508,9,1,important_dates,Dates,0.95,0,0,1,1,1,1,0,
1880,605,20260508,9,1,amounts,Amounts,0.95,0,0,1,1,1,1,0,
1881,605,20260508,9,1,case_category,Category,0.9,0,0,1,1,1,1,0,
1882,607,20260510,1,1,case_title,Case title,0.95,0,0,1,1,1,1,0,
1883,607,20260510,1,1,case_reference,Case reference,0.95,0,0,1,1,1,1,0,
1884,607,20260510,1,1,client_name,Client,0.95,0,0,1,1,1,1,0,
1885,607,20260510,1,1,opposing_party,Opposing party,0.95,0,0,1,1,1,1,0,
1886,607,20260510,1,1,document_type,Document type,0.93,0,0,1,1,1,1,0,
1887,607,20260510,1,1,jurisdiction,Jurisdiction,0.95,0,0,1,1,1,1,0,
1888,607,20260510,1,1,important_dates,Dates,0.95,0,0,1,1,1,1,0,
1889,607,20260510,1,1,amounts,Amounts,0.95,0,0,1,1,1,1,0,
1890,607,20260510,1,1,case_category,Category,0.9,0,0,1,1,1,1,0,
1891,609,20260511,1,2,case_title,Case title,0.85,0,0,1,1,1,1,1,0
1892,609,20260511,1,2,case_reference,Case reference,0.85,0,0,1,1,1,1,1,0
1893,609,20260511,1,2,client_name,Client,0.85,0,0,1,1,1,1,1,0
1894,609,20260511,1,2,opposing_party,Opposing party,0.85,0,0,1,1,1,1,1,0
1895,609,20260511,1,2,document_type,Document type,0.85,0,0,1,1,1,1,1,0
1896,609,20260511,1,2,jurisdiction,Jurisdiction,0.85,0,0,1,1,1,1,1,0
1897,609,20260511,1,2,important_dates,Dates,0.85,0,0,1,1,1,1,1,0
1898,609,20260511,1,2,amounts,Amounts,0.85,0,0,1,1,1,1,1,0
1899,609,20260511,1,2,case_category,Category,0.86,0,0,1,1,1,1,1,0
1900,611,20260511,6,1,case_title,Case title,0.95,0,0,1,1,1,1,1,0
1901,611,20260511,6,1,case_reference,Case reference,0.95,0,0,1,1,1,1,1,0
1902,611,20260511,6,1,client_name,Client,0.95,0,0,1,1,1,1,1,0
1903,611,20260511,6,1,opposing_party,Opposing party,0.95,0,0,1,1,1,1,1,0
1904,611,20260511,6,1,document_type,Document type,0.93,0,0,1,1,1,1,1,0
1905,611,20260511,6,1,jurisdiction,Jurisdiction,0.68,0,0,1,1,1,1,1,0
1906,611,20260511,6,1,important_dates,Dates,0.95,0,0,1,1,1,1,1,0
1907,611,20260511,6,1,amounts,Amounts,0.95,0,0,1,1,1,1,1,0
1908,611,20260511,6,1,case_category,Category,0.95,0,0,1,1,1,1,1,0
1909,614,20260511,10,1,case_title,Case title,0.946,0,0,1,1,1,0,1,1
1910,614,20260511,10,1,case_reference,Case reference,0.717,0,0,1,1,1,1,1,0
1911,614,20260511,10,1,client_name,Client,0.717,0,0,1,1,1,1,1,0
1912,614,20260511,10,1,opposing_party,Opposing party,0.946,0,0,1,1,1,1,1,0
1913,614,20260511,10,1,document_type,Document type,0.0,1,0,1,0,1,0,1,1
1914,614,20260511,10,1,jurisdiction,Jurisdiction,0.946,0,0,1,1,1,0,1,1
1915,614,20260511,10,1,important_dates,Dates,0.946,0,0,1,1,1,0,1,1
1916,614,20260511,10,1,amounts,Amounts,0.946,0,0,1,1,1,1,1,0
1917,614,20260511,10,1,case_category,Category,0.4,0,0,1,1,1,1,1,0
1918,616,20260512,3,1,case_title,Case title,0.718,0,0,1,1,1,0,1,1
1919,616,20260512,3,1,case_reference,Case reference,0.947,0,0,1,1,1,0,1,1
1920,616,20260512,3,1,client_name,Client,0.947,0,0,1,1,1,1,1,0
1921,616,20260512,3,1,opposing_party,Opposing party,0.947,0,0,1,1,1,0,1,1
1922,616,20260512,3,1,document_type,Document type,0.927,0,0,1,1,1,1,1,0
1923,616,20260512,3,1,jurisdiction,Jurisdiction,0.947,0,0,1,1,1,1,1,0
1924,616,20260512,3,1,important_dates,Dates,0.947,0,0,1,1,1,1,1,0
1925,616,20260512,3,1,amounts,Amounts,0.0,1,0,1,0,1,0,1,1
1926,616,20260512,3,1,case_category,Category,0.85,0,0,1,1,1,1,1,0
1927,618,20260512,6,1,case_title,Case title,0.95,0,0,1,1,1,1,1,0
1928,618,20260512,6,1,case_reference,Case reference,0.95,0,0,1,1,1,1,1,0
1929,618,20260512,6,1,client_name,Client,0.95,0,0,1,1,1,1,1,0
1930,618,20260512,6,1,opposing_party,Opposing party,0.95,0,0,1,1,1,1,1,0
1931,618,20260512,6,1,document_type,Document type,0.93,0,0,1,1,1,1,1,0
1932,618,20260512,6,1,jurisdiction,Jurisdiction,0.68,0,0,1,1,1,1,1,0
1933,618,20260512,6,1,important_dates,Dates,0.95,0,0,1,1,1,1,1,0
1934,618,20260512,6,1,amounts,Amounts,0.95,0,0,1,1,1,1,1,0
1935,618,20260512,6,1,case_category,Category,0.9,0,0,1,1,1,1,1,0
1936,621,20260512,12,1,case_title,Case title,0.943,0,0,1,1,1,0,1,1
1937,621,20260512,12,1,case_reference,Case reference,0.943,0,0,1,1,1,1,1,0
1938,621,20260512,12,1,client_name,Client,0.943,0,0,1,1,1,0,1,1
1939,621,20260512,12,1,opposing_party,Opposing party,0.943,0,0,1,1,1,0,1,1
1940,621,20260512,12,1,document_type,Document type,0.0,1,0,1,0,1,0,1,1
1941,621,20260512,12,1,jurisdiction,Jurisdiction,0.943,0,0,1,1,1,1,1,0
1942,621,20260512,12,1,important_dates,Dates,0.714,0,0,1,1,1,1,1,0
1943,621,20260512,12,1,amounts,Amounts,0.0,1,0,1,0,1,0,1,1
1944,621,20260512,12,1,case_category,Category,0.9,0,0,1,1,1,1,1,0
1945,624,20260513,9,2,case_title,Case title,0.85,0,0,1,1,1,1,0,
1946,624,20260513,9,2,case_reference,Case reference,0.85,0,0,1,1,1,1,0,
1947,624,20260513,9,2,client_name,Client,0.85,0,0,1,1,1,1,0,
1948,624,20260513,9,2,opposing_party,Opposing party,0.85,0,0,1,1,1,1,0,
1949,624,20260513,9,2,document_type,Document type,0.85,0,0,1,1,1,1,0,
1950,624,20260513,9,2,jurisdiction,Jurisdiction,0.85,0,0,1,1,1,1,0,
1951,624,20260513,9,2,important_dates,Dates,0.85,0,0,1,1,1,1,0,
1952,624,20260513,9,2,amounts,Amounts,0.85,0,0,1,1,1,1,0,
1953,624,20260513,9,2,case_category,Category,0.95,0,0,1,1,1,1,0,
1954,626,20260513,7,1,case_title,Case title,0.95,0,0,1,1,1,1,1,0
1955,626,20260513,7,1,case_reference,Case reference,0.95,0,0,1,1,1,1,1,0
1956,626,20260513,7,1,client_name,Client,0.95,0,0,1,1,1,1,1,0
1957,626,20260513,7,1,opposing_party,Opposing party,0.95,0,0,1,1,1,1,1,0
1958,626,20260513,7,1,document_type,Document type,0.93,0,0,1,1,1,1,1,0
1959,626,20260513,7,1,jurisdiction,Jurisdiction,0.95,0,0,1,1,1,1,1,0
1960,626,20260513,7,1,important_dates,Dates,0.5,0,0,1,1,1,1,1,0
1961,626,20260513,7,1,amounts,Amounts,0.95,0,0,1,1,1,1,1,0
1962,626,20260513,7,1,case_category,Category,0.85,0,0,1,1,1,1,1,0
1963,628,20260513,1,1,case_title,Case title,0.95,0,0,1,1,1,1,1,0
1964,628,20260513,1,1,case_reference,Case reference,0.95,0,0,1,1,1,1,1,0
1965,628,20260513,1,1,client_name,Client,0.95,0,0,1,1,1,1,1,0
1966,628,20260513,1,1,opposing_party,Opposing party,0.95,0,0,1,1,1,1,1,0
1967,628,20260513,1,1,document_type,Document type,0.93,0,0,1,1,1,1,1,0
1968,628,20260513,1,1,jurisdiction,Jurisdiction,0.95,0,0,1,1,1,1,1,0
1969,628,20260513,1,1,important_dates,Dates,0.95,0,0,1,1,1,1,1,0
1970,628,20260513,1,1,amounts,Amounts,0.95,0,0,1,1,1,1,1,0
1971,628,20260513,1,1,case_category,Category,0.9,0,0,1,1,1,1,1,0
1972,631,20260514,4,2,case_title,Case title,0.85,0,0,1,1,1,1,1,0
1973,631,20260514,4,2,case_reference,Case reference,0.85,0,0,1,1,1,1,1,0
1974,631,20260514,4,2,client_name,Client,0.85,0,0,1,1,1,1,1,0
1975,631,20260514,4,2,opposing_party,Opposing party,0.0,1,0,0,0,1,1,1,0
1976,631,20260514,4,2,document_type,Document type,0.85,0,0,1,1,1,1,1,0
1977,631,20260514,4,2,jurisdiction,Jurisdiction,0.85,0,0,1,1,1,1,1,0
1978,631,20260514,4,2,important_dates,Dates,0.85,0,0,1,1,1,1,1,0
1979,631,20260514,4,2,amounts,Amounts,0.85,0,0,1,1,1,1,1,0
1980,631,20260514,4,2,case_category,Category,0.4,0,0,1,1,1,1,1,0
1981,634,20260514,1,1,case_title,Case title,0.95,0,0,1,1,1,1,1,0
1982,634,20260514,1,1,case_reference,Case reference,0.95,0,0,1,1,1,1,1,0
1983,634,20260514,1,1,client_name,Client,0.95,0,0,1,1,1,1,1,0
1984,634,20260514,1,1,opposing_party,Opposing party,0.95,0,0,1,1,1,1,1,0
1985,634,20260514,1,1,document_type,Document type,0.93,0,0,1,1,1,1,1,0
1986,634,20260514,1,1,jurisdiction,Jurisdiction,0.95,0,0,1,1,1,1,1,0
1987,634,20260514,1,1,important_dates,Dates,0.95,0,0,1,1,1,1,1,0
1988,634,20260514,1,1,amounts,Amounts,0.95,0,0,1,1,1,1,1,0
1989,634,20260514,1,1,case_category,Category,0.95,0,0,1,1,1,1,1,0
1990,636,20260514,1,1,case_title,Case title,0.95,0,0,1,1,1,1,1,0
1991,636,20260514,1,1,case_reference,Case reference,0.95,0,0,1,1,1,1,1,0
1992,636,20260514,1,1,client_name,Client,0.95,0,0,1,1,1,1,1,0
1993,636,20260514,1,1,opposing_party,Opposing party,0.95,0,0,1,1,1,1,1,0
1994,636,20260514,1,1,document_type,Document type,0.93,0,0,1,1,1,1,1,0
1995,636,20260514,1,1,jurisdiction,Jurisdiction,0.95,0,0,1,1,1,1,1,0
1996,636,20260514,1,1,important_dates,Dates,0.95,0,0,1,1,1,1,1,0
1997,636,20260514,1,1,amounts,Amounts,0.95,0,0,1,1,1,1,1,0
1998,636,20260514,1,1,case_category,Category,0.95,0,0,1,1,1,1,1,0
1999,641,20260515,6,1,case_title,Case title,0.95,0,0,1,1,1,1,1,0
2000,641,20260515,6,1,case_reference,Case reference,0.95,0,0,1,1,1,1,1,0
2001,641,20260515,6,1,client_name,Client,0.95,0,0,1,1,1,1,1,0
2002,641,20260515,6,1,opposing_party,Opposing party,0.95,0,0,1,1,1,1,1,0
2003,641,20260515,6,1,document_type,Document type,0.93,0,0,1,1,1,1,1,0
2004,641,20260515,6,1,jurisdiction,Jurisdiction,0.95,0,0,1,1,1,1,1,0
2005,641,20260515,6,1,important_dates,Dates,0.95,0,0,1,1,1,1,1,0
2006,641,20260515,6,1,amounts,Amounts,0.95,0,0,1,1,1,1,1,0
2007,641,20260515,6,1,case_category,Category,0.9,0,0,1,1,1,1,1,0
2008,643,20260515,12,2,case_title,Case title,0.85,0,0,1,1,1,0,1,1
2009,643,20260515,12,2,case_reference,Case reference,0.85,0,0,1,1,1,1,1,0
2010,643,20260515,12,2,client_name,Client,0.0,1,0,1,0,1,0,1,1
2011,643,20260515,12,2,opposing_party,Opposing party,0.85,0,0,1,1,1,1,1,0
2012,643,20260515,12,2,document_type,Document type,0.85,0,0,1,1,1,1,1,0
2013,643,20260515,12,2,jurisdiction,Jurisdiction,0.0,1,0,1,0,1,0,1,1
2014,643,20260515,12,2,important_dates,Dates,0.299,0,0,1,1,1,0,1,1
2015,643,20260515,12,2,amounts,Amounts,0.0,1,0,1,0,1,0,1,1
2016,643,20260515,12,2,case_category,Category,0.4,0,0,1,1,1,1,1,0
2017,645,20260515,6,1,case_title,Case title,0.95,0,0,1,1,1,1,1,0
2018,645,20260515,6,1,case_reference,Case reference,0.95,0,0,1,1,1,1,1,0
2019,645,20260515,6,1,client_name,Client,0.95,0,0,1,1,1,1,1,0
2020,645,20260515,6,1,opposing_party,Opposing party,0.95,0,0,1,1,1,1,1,0
2021,645,20260515,6,1,document_type,Document type,0.93,0,0,1,1,1,1,1,0
2022,645,20260515,6,1,jurisdiction,Jurisdiction,0.95,0,0,1,1,1,1,1,0
2023,645,20260515,6,1,important_dates,Dates,0.95,0,0,1,1,1,1,1,0
2024,645,20260515,6,1,amounts,Amounts,0.95,0,0,1,1,1,1,1,0
2025,645,20260515,6,1,case_category,Category,0.95,0,0,1,1,1,1,1,0
2026,648,20260515,1,1,case_title,Case title,0.95,0,0,1,1,1,1,1,0
2027,648,20260515,1,1,case_reference,Case reference,0.95,0,0,1,1,1,1,1,0
2028,648,20260515,1,1,client_name,Client,0.95,0,0,1,1,1,1,1,0
2029,648,20260515,1,1,opposing_party,Opposing party,0.95,0,0,1,1,1,1,1,0
2030,648,20260515,1,1,document_type,Document type,0.93,0,0,1,1,1,1,1,0
2031,648,20260515,1,1,jurisdiction,Jurisdiction,0.68,0,0,1,1,1,1,1,0
2032,648,20260515,1,1,important_dates,Dates,0.95,0,0,1,1,1,1,1,0
2033,648,20260515,1,1,amounts,Amounts,0.95,0,0,1,1,1,1,1,0
2034,648,20260515,1,1,case_category,Category,0.95,0,0,1,1,1,1,1,0
2035,651,20260515,5,1,case_title,Case title,0.95,0,0,1,1,1,1,0,
2036,651,20260515,5,1,case_reference,Case reference,0.95,0,0,1,1,1,1,0,
2037,651,20260515,5,1,client_name,Client,0.95,0,0,1,1,1,1,0,
2038,651,20260515,5,1,opposing_party,Opposing party,0.95,0,0,1,1,1,1,0,
2039,651,20260515,5,1,document_type,Document type,0.93,0,0,1,1,1,1,0,
2040,651,20260515,5,1,jurisdiction,Jurisdiction,0.57,0,1,1,1,1,0,0,
2041,651,20260515,5,1,important_dates,Dates,0.95,0,0,1,1,1,1,0,
2042,651,20260515,5,1,amounts,Amounts,0.95,0,0,1,1,1,1,0,
2043,651,20260515,5,1,case_category,Category,0.9,0,0,1,1,1,1,0,
2044,653,20260515,2,1,case_title,Case title,0.95,0,0,1,1,1,1,1,0
2045,653,20260515,2,1,case_reference,Case reference,0.95,0,0,1,1,1,1,1,0
2046,653,20260515,2,1,client_name,Client,0.95,0,0,1,1,1,1,1,0
2047,653,20260515,2,1,opposing_party,Opposing party,0.95,0,0,1,1,1,1,1,0
2048,653,20260515,2,1,document_type,Document type,0.93,0,0,1,1,1,1,1,0
2049,653,20260515,2,1,jurisdiction,Jurisdiction,0.95,0,0,1,1,1,1,1,0
2050,653,20260515,2,1,important_dates,Dates,0.95,0,0,1,1,1,1,1,0
2051,653,20260515,2,1,amounts,Amounts,0.95,0,0,1,1,1,1,1,0
2052,653,20260515,2,1,case_category,Category,0.95,0,0,1,1,1,1,1,0
2053,657,20260516,6,1,case_title,Case title,0.95,0,0,1,1,1,1,0,
2054,657,20260516,6,1,case_reference,Case reference,0.95,0,0,1,1,1,1,0,
2055,657,20260516,6,1,client_name,Client,0.95,0,0,1,1,1,1,0,
2056,657,20260516,6,1,opposing_party,Opposing party,0.95,0,0,1,1,1,1,0,
2057,657,20260516,6,1,document_type,Document type,0.93,0,0,1,1,1,1,0,
2058,657,20260516,6,1,jurisdiction,Jurisdiction,0.95,0,0,1,1,1,1,0,
2059,657,20260516,6,1,important_dates,Dates,0.95,0,0,1,1,1,1,0,
2060,657,20260516,6,1,amounts,Amounts,0.95,0,0,1,1,1,1,0,
2061,657,20260516,6,1,case_category,Category,0.4,0,0,1,1,1,1,0,
2062,659,20260517,6,1,case_title,Case title,0.95,0,0,1,1,1,1,0,
2063,659,20260517,6,1,case_reference,Case reference,0.95,0,0,1,1,1,1,0,
2064,659,20260517,6,1,client_name,Client,0.95,0,0,1,1,1,1,0,
2065,659,20260517,6,1,opposing_party,Opposing party,0.95,0,0,1,1,1,1,0,
2066,659,20260517,6,1,document_type,Document type,0.93,0,0,1,1,1,1,0,
2067,659,20260517,6,1,jurisdiction,Jurisdiction,0.95,0,0,1,1,1,1,0,
2068,659,20260517,6,1,important_dates,Dates,0.95,0,0,1,1,1,1,0,
2069,659,20260517,6,1,amounts,Amounts,0.95,0,0,1,1,1,1,0,
2070,659,20260517,6,1,case_category,Category,0.95,0,0,1,1,1,1,0,
2071,661,20260517,1,1,case_title,Case title,0.95,0,0,1,1,1,1,0,
2072,661,20260517,1,1,case_reference,Case reference,0.95,0,0,1,1,1,1,0,
2073,661,20260517,1,1,client_name,Client,0.95,0,0,1,1,1,1,0,
2074,661,20260517,1,1,opposing_party,Opposing party,0.95,0,0,1,1,1,1,0,
2075,661,20260517,1,1,document_type,Document type,0.93,0,0,1,1,1,1,0,
2076,661,20260517,1,1,jurisdiction,Jurisdiction,0.95,0,0,1,1,1,1,0,
2077,661,20260517,1,1,important_dates,Dates,0.95,0,0,1,1,1,1,0,
2078,661,20260517,1,1,amounts,Amounts,0.95,0,0,1,1,1,1,0,
2079,661,20260517,1,1,case_category,Category,0.86,0,0,1,1,1,1,0,
2080,663,20260517,9,1,case_title,Case title,0.95,0,0,1,1,1,1,0,
2081,663,20260517,9,1,case_reference,Case reference,0.95,0,0,1,1,1,1,0,
2082,663,20260517,9,1,client_name,Client,0.95,0,0,1,1,1,1,0,
2083,663,20260517,9,1,opposing_party,Opposing party,0.95,0,0,1,1,1,1,0,
2084,663,20260517,9,1,document_type,Document type,0.93,0,0,1,1,1,1,0,
2085,663,20260517,9,1,jurisdiction,Jurisdiction,0.95,0,0,1,1,1,1,0,
2086,663,20260517,9,1,important_dates,Dates,0.95,0,0,1,1,1,1,0,
2087,663,20260517,9,1,amounts,Amounts,0.95,0,0,1,1,1,1,0,
2088,663,20260517,9,1,case_category,Category,0.92,0,0,1,1,1,1,0,
2089,665,20260519,9,1,case_title,Case title,0.95,0,0,1,1,1,1,0,
2090,665,20260519,9,1,case_reference,Case reference,0.95,0,0,1,1,1,1,0,
2091,665,20260519,9,1,client_name,Client,0.95,0,0,1,1,1,1,0,
2092,665,20260519,9,1,opposing_party,Opposing party,0.95,0,0,1,1,1,1,0,
2093,665,20260519,9,1,document_type,Document type,0.93,0,0,1,1,1,1,0,
2094,665,20260519,9,1,jurisdiction,Jurisdiction,0.95,0,0,1,1,1,1,0,
2095,665,20260519,9,1,important_dates,Dates,0.95,0,0,1,1,1,1,0,
2096,665,20260519,9,1,amounts,Amounts,0.95,0,0,1,1,1,1,0,
2097,665,20260519,9,1,case_category,Category,0.9,0,0,1,1,1,1,0,
2098,667,20260519,6,1,case_title,Case title,0.95,0,0,1,1,1,1,1,0
2099,667,20260519,6,1,case_reference,Case reference,0.95,0,0,1,1,1,1,1,0
2100,667,20260519,6,1,client_name,Client,0.95,0,0,1,1,1,1,1,0
2101,667,20260519,6,1,opposing_party,Opposing party,0.95,0,0,1,1,1,1,1,0
2102,667,20260519,6,1,document_type,Document type,0.93,0,0,1,1,1,1,1,0
2103,667,20260519,6,1,jurisdiction,Jurisdiction,0.95,0,0,1,1,1,1,1,0
2104,667,20260519,6,1,important_dates,Dates,0.95,0,0,1,1,1,1,1,0
2105,667,20260519,6,1,amounts,Amounts,0.95,0,0,1,1,1,1,1,0
2106,667,20260519,6,1,case_category,Category,0.95,0,0,1,1,1,1,1,0
2107,670,20260519,11,1,case_title,Case title,0.95,0,0,1,1,1,1,1,0
2108,670,20260519,11,1,case_reference,Case reference,0.95,0,0,1,1,1,1,1,0
2109,670,20260519,11,1,client_name,Client,0.95,0,0,1,1,1,1,1,0
2110,670,20260519,11,1,opposing_party,Opposing party,0.95,0,0,1,1,1,1,1,0
2111,670,20260519,11,1,document_type,Document type,0.93,0,0,1,1,1,1,1,0
2112,670,20260519,11,1,jurisdiction,Jurisdiction,0.95,0,0,1,1,1,1,1,0
2113,670,20260519,11,1,important_dates,Dates,0.95,0,0,1,1,1,1,1,0
2114,670,20260519,11,1,amounts,Amounts,0.95,0,0,1,1,1,1,1,0
2115,670,20260519,11,1,case_category,Category,0.95,0,0,1,1,1,1,1,0
2116,674,20260520,6,1,case_title,Case title,0.95,0,0,1,1,1,1,1,0
2117,674,20260520,6,1,case_reference,Case reference,0.95,0,0,1,1,1,1,1,0
2118,674,20260520,6,1,client_name,Client,0.95,0,0,1,1,1,1,1,0
2119,674,20260520,6,1,opposing_party,Opposing party,0.95,0,0,1,1,1,1,1,0
2120,674,20260520,6,1,document_type,Document type,0.93,0,0,1,1,1,1,1,0
2121,674,20260520,6,1,jurisdiction,Jurisdiction,0.95,0,0,1,1,1,1,1,0
2122,674,20260520,6,1,important_dates,Dates,0.95,0,0,1,1,1,1,1,0
2123,674,20260520,6,1,amounts,Amounts,0.95,0,0,1,1,1,1,1,0
2124,674,20260520,6,1,case_category,Category,0.9,0,0,1,1,1,1,1,0
2125,677,20260520,1,1,case_title,Case title,0.95,0,0,1,1,1,1,1,0
2126,677,20260520,1,1,case_reference,Case reference,0.95,0,0,1,1,1,1,1,0
2127,677,20260520,1,1,client_name,Client,0.95,0,0,1,1,1,1,1,0
2128,677,20260520,1,1,opposing_party,Opposing party,0.95,0,0,1,1,1,1,1,0
2129,677,20260520,1,1,document_type,Document type,0.93,0,0,1,1,1,1,1,0
2130,677,20260520,1,1,jurisdiction,Jurisdiction,0.95,0,0,1,1,1,1,1,0
2131,677,20260520,1,1,important_dates,Dates,0.95,0,0,1,1,1,1,1,0
2132,677,20260520,1,1,amounts,Amounts,0.95,0,0,1,1,1,1,1,0
2133,677,20260520,1,1,case_category,Category,0.95,0,0,1,1,1,1,1,0
2134,679,20260520,7,2,case_title,Case title,0.85,0,0,1,1,1,1,1,0
2135,679,20260520,7,2,case_reference,Case reference,0.85,0,0,1,1,1,1,1,0
2136,679,20260520,7,2,client_name,Client,0.85,0,0,1,1,1,1,1,0
2137,679,20260520,7,2,opposing_party,Opposing party,0.85,0,0,1,1,1,1,1,0
2138,679,20260520,7,2,document_type,Document type,0.85,0,0,1,1,1,1,1,0
2139,679,20260520,7,2,jurisdiction,Jurisdiction,0.85,0,0,1,1,1,1,1,0
2140,679,20260520,7,2,important_dates,Dates,0.5,0,0,1,1,1,1,1,0
2141,679,20260520,7,2,amounts,Amounts,0.85,0,0,1,1,1,1,1,0
2142,679,20260520,7,2,case_category,Category,0.95,0,0,1,1,1,1,1,0
2143,681,20260520,6,1,case_title,Case title,0.95,0,0,1,1,1,1,1,0
2144,681,20260520,6,1,case_reference,Case reference,0.95,0,0,1,1,1,1,1,0
2145,681,20260520,6,1,client_name,Client,0.95,0,0,1,1,1,1,1,0
2146,681,20260520,6,1,opposing_party,Opposing party,0.95,0,0,1,1,1,1,1,0
2147,681,20260520,6,1,document_type,Document type,0.93,0,0,1,1,1,1,1,0
2148,681,20260520,6,1,jurisdiction,Jurisdiction,0.95,0,0,1,1,1,1,1,0
2149,681,20260520,6,1,important_dates,Dates,0.95,0,0,1,1,1,1,1,0
2150,681,20260520,6,1,amounts,Amounts,0.95,0,0,1,1,1,1,1,0
2151,681,20260520,6,1,case_category,Category,0.95,0,0,1,1,1,1,1,0
2152,686,20260520,1,1,case_title,Case title,0.95,0,0,1,1,1,1,1,0
2153,686,20260520,1,1,case_reference,Case reference,0.95,0,0,1,1,1,1,1,0
2154,686,20260520,1,1,client_name,Client,0.95,0,0,1,1,1,1,1,0
2155,686,20260520,1,1,opposing_party,Opposing party,0.95,0,0,1,1,1,1,1,0
2156,686,20260520,1,1,document_type,Document type,0.93,0,0,1,1,1,1,1,0
2157,686,20260520,1,1,jurisdiction,Jurisdiction,0.95,0,0,1,1,1,1,1,0
2158,686,20260520,1,1,important_dates,Dates,0.95,0,0,1,1,1,1,1,0
2159,686,20260520,1,1,amounts,Amounts,0.95,0,0,1,1,1,1,1,0
2160,686,20260520,1,1,case_category,Category,0.9,0,0,1,1,1,1,1,0
2161,688,20260520,1,2,case_title,Case title,0.85,0,0,1,1,1,1,1,0
2162,688,20260520,1,2,case_reference,Case reference,0.85,0,0,1,1,1,1,1,0
2163,688,20260520,1,2,client_name,Client,0.85,0,0,1,1,1,1,1,0
2164,688,20260520,1,2,opposing_party,Opposing party,0.85,0,0,1,1,1,1,1,0
2165,688,20260520,1,2,document_type,Document type,0.85,0,0,1,1,1,1,1,0
2166,688,20260520,1,2,jurisdiction,Jurisdiction,0.85,0,0,1,1,1,1,1,0
2167,688,20260520,1,2,important_dates,Dates,0.85,0,0,1,1,1,1,1,0
2168,688,20260520,1,2,amounts,Amounts,0.85,0,0,1,1,1,1,1,0
2169,688,20260520,1,2,case_category,Category,0.95,0,0,1,1,1,1,1,0
2170,690,20260521,6,2,case_title,Case title,0.85,0,0,1,1,1,1,1,0
2171,690,20260521,6,2,case_reference,Case reference,0.85,0,0,1,1,1,1,1,0
2172,690,20260521,6,2,client_name,Client,0.85,0,0,1,1,1,1,1,0
2173,690,20260521,6,2,opposing_party,Opposing party,0.85,0,0,1,1,1,1,1,0
2174,690,20260521,6,2,document_type,Document type,0.85,0,0,1,1,1,1,1,0
2175,690,20260521,6,2,jurisdiction,Jurisdiction,0.0,1,0,1,0,1,0,1,1
2176,690,20260521,6,2,important_dates,Dates,0.85,0,0,1,1,1,1,1,0
2177,690,20260521,6,2,amounts,Amounts,0.85,0,0,1,1,1,1,1,0
2178,690,20260521,6,2,case_category,Category,0.95,0,0,1,1,1,1,1,0
2179,692,20260522,9,1,case_title,Case title,0.95,0,0,1,1,1,1,0,
2180,692,20260522,9,1,case_reference,Case reference,0.95,0,0,1,1,1,1,0,
2181,692,20260522,9,1,client_name,Client,0.95,0,0,1,1,1,1,0,
2182,692,20260522,9,1,opposing_party,Opposing party,0.95,0,0,1,1,1,1,0,
2183,692,20260522,9,1,document_type,Document type,0.93,0,0,1,1,1,1,0,
2184,692,20260522,9,1,jurisdiction,Jurisdiction,0.95,0,0,1,1,1,1,0,
2185,692,20260522,9,1,important_dates,Dates,0.95,0,0,1,1,1,1,0,
2186,692,20260522,9,1,amounts,Amounts,0.95,0,0,1,1,1,1,0,
2187,692,20260522,9,1,case_category,Category,0.9,0,0,1,1,1,1,0,
2188,694,20260522,4,1,case_title,Case title,0.95,0,0,1,1,1,1,1,0
2189,694,20260522,4,1,case_reference,Case reference,0.95,0,0,1,1,1,1,1,0
2190,694,20260522,4,1,client_name,Client,0.95,0,0,1,1,1,1,1,0
2191,694,20260522,4,1,opposing_party,Opposing party,0.95,0,0,1,1,1,1,1,0
2192,694,20260522,4,1,document_type,Document type,0.93,0,0,1,1,1,1,1,0
2193,694,20260522,4,1,jurisdiction,Jurisdiction,0.95,0,0,1,1,1,1,1,0
2194,694,20260522,4,1,important_dates,Dates,0.95,0,0,1,1,1,1,1,0
2195,694,20260522,4,1,amounts,Amounts,0.0,1,0,0,0,1,1,1,0
2196,694,20260522,4,1,case_category,Category,0.95,0,0,1,1,1,1,1,0
2197,696,20260523,3,1,case_title,Case title,0.949,0,0,1,1,1,1,0,
2198,696,20260523,3,1,case_reference,Case reference,0.949,0,0,1,1,1,1,0,
2199,696,20260523,3,1,client_name,Client,0.0,1,0,1,0,1,0,0,
2200,696,20260523,3,1,opposing_party,Opposing party,0.949,0,0,1,1,1,1,0,
2201,696,20260523,3,1,document_type,Document type,0.929,0,0,1,1,1,1,0,
2202,696,20260523,3,1,jurisdiction,Jurisdiction,0.679,0,0,1,1,1,1,0,
2203,696,20260523,3,1,important_dates,Dates,0.949,0,0,1,1,1,0,0,
2204,696,20260523,3,1,amounts,Amounts,0.949,0,0,1,1,1,1,0,
2205,696,20260523,3,1,case_category,Category,0.95,0,0,1,1,1,1,0,
2206,698,20260523,10,1,case_title,Case title,0.947,0,0,1,1,1,0,0,
2207,698,20260523,10,1,case_reference,Case reference,0.947,0,0,1,1,1,1,0,
2208,698,20260523,10,1,client_name,Client,0.947,0,0,1,1,1,1,0,
2209,698,20260523,10,1,opposing_party,Opposing party,0.0,1,0,1,0,1,0,0,
2210,698,20260523,10,1,document_type,Document type,0.718,0,0,1,1,1,1,0,
2211,698,20260523,10,1,jurisdiction,Jurisdiction,0.0,1,0,1,0,1,0,0,
2212,698,20260523,10,1,important_dates,Dates,0.718,0,0,1,1,1,1,0,
2213,698,20260523,10,1,amounts,Amounts,0.947,0,0,1,1,1,1,0,
2214,698,20260523,10,1,case_category,Category,0.89,0,0,1,1,1,1,0,
2215,700,20260525,11,1,case_title,Case title,0.95,0,0,1,1,1,1,1,0
2216,700,20260525,11,1,case_reference,Case reference,0.95,0,0,1,1,1,1,1,0
2217,700,20260525,11,1,client_name,Client,0.95,0,0,1,1,1,1,1,0
2218,700,20260525,11,1,opposing_party,Opposing party,0.95,0,0,1,1,1,1,1,0
2219,700,20260525,11,1,document_type,Document type,0.93,0,0,1,1,1,1,1,0
2220,700,20260525,11,1,jurisdiction,Jurisdiction,0.95,0,0,1,1,1,1,1,0
2221,700,20260525,11,1,important_dates,Dates,0.95,0,0,1,1,1,1,1,0
2222,700,20260525,11,1,amounts,Amounts,0.95,0,0,1,1,1,1,1,0
2223,700,20260525,11,1,case_category,Category,0.95,0,0,1,1,1,1,1,0
2224,702,20260526,1,1,case_title,Case title,0.95,0,0,1,1,1,1,1,0
2225,702,20260526,1,1,case_reference,Case reference,0.95,0,0,1,1,1,1,1,0
2226,702,20260526,1,1,client_name,Client,0.95,0,0,1,1,1,1,1,0
2227,702,20260526,1,1,opposing_party,Opposing party,0.95,0,0,1,1,1,1,1,0
2228,702,20260526,1,1,document_type,Document type,0.93,0,0,1,1,1,1,1,0
2229,702,20260526,1,1,jurisdiction,Jurisdiction,0.95,0,0,1,1,1,1,1,0
2230,702,20260526,1,1,important_dates,Dates,0.95,0,0,1,1,1,1,1,0
2231,702,20260526,1,1,amounts,Amounts,0.95,0,0,1,1,1,1,1,0
2232,702,20260526,1,1,case_category,Category,0.95,0,0,1,1,1,1,1,0
2233,704,20260526,5,1,case_title,Case title,0.95,0,0,1,1,1,1,1,0
2234,704,20260526,5,1,case_reference,Case reference,0.95,0,0,1,1,1,1,1,0
2235,704,20260526,5,1,client_name,Client,0.95,0,0,1,1,1,1,1,0
2236,704,20260526,5,1,opposing_party,Opposing party,0.95,0,0,1,1,1,1,1,0
2237,704,20260526,5,1,document_type,Document type,0.93,0,0,1,1,1,1,1,0
2238,704,20260526,5,1,jurisdiction,Jurisdiction,0.95,0,0,1,1,1,1,1,0
2239,704,20260526,5,1,important_dates,Dates,0.95,0,0,1,1,1,1,1,0
2240,704,20260526,5,1,amounts,Amounts,0.57,0,1,1,1,1,0,1,1
2241,704,20260526,5,1,case_category,Category,0.4,0,0,1,1,1,1,1,0
2242,706,20260526,1,1,case_title,Case title,0.95,0,0,1,1,1,1,1,0
2243,706,20260526,1,1,case_reference,Case reference,0.95,0,0,1,1,1,1,1,0
2244,706,20260526,1,1,client_name,Client,0.95,0,0,1,1,1,1,1,0
2245,706,20260526,1,1,opposing_party,Opposing party,0.95,0,0,1,1,1,1,1,0
2246,706,20260526,1,1,document_type,Document type,0.93,0,0,1,1,1,1,1,0
2247,706,20260526,1,1,jurisdiction,Jurisdiction,0.95,0,0,1,1,1,1,1,0
2248,706,20260526,1,1,important_dates,Dates,0.95,0,0,1,1,1,1,1,0
2249,706,20260526,1,1,amounts,Amounts,0.95,0,0,1,1,1,1,1,0
2250,706,20260526,1,1,case_category,Category,0.9,0,0,1,1,1,1,1,0
2251,709,20260526,9,1,case_title,Case title,0.95,0,0,1,1,1,1,1,0
2252,709,20260526,9,1,case_reference,Case reference,0.95,0,0,1,1,1,1,1,0
2253,709,20260526,9,1,client_name,Client,0.95,0,0,1,1,1,1,1,0
2254,709,20260526,9,1,opposing_party,Opposing party,0.95,0,0,1,1,1,1,1,0
2255,709,20260526,9,1,document_type,Document type,0.93,0,0,1,1,1,1,1,0
2256,709,20260526,9,1,jurisdiction,Jurisdiction,0.95,0,0,1,1,1,1,1,0
2257,709,20260526,9,1,important_dates,Dates,0.95,0,0,1,1,1,1,1,0
2258,709,20260526,9,1,amounts,Amounts,0.95,0,0,1,1,1,1,1,0
2259,709,20260526,9,1,case_category,Category,0.95,0,0,1,1,1,1,1,0
2260,713,20260526,3,1,case_title,Case title,0.718,0,0,1,1,1,0,1,1
2261,713,20260526,3,1,case_reference,Case reference,0.947,0,0,1,1,1,1,1,0
2262,713,20260526,3,1,client_name,Client,0.947,0,0,1,1,1,1,1,0
2263,713,20260526,3,1,opposing_party,Opposing party,0.947,0,0,1,1,1,0,1,1
2264,713,20260526,3,1,document_type,Document type,0.927,0,0,1,1,1,1,1,0
2265,713,20260526,3,1,jurisdiction,Jurisdiction,0.947,0,0,1,1,1,1,1,0
2266,713,20260526,3,1,important_dates,Dates,0.947,0,0,1,1,1,1,1,0
2267,713,20260526,3,1,amounts,Amounts,0.947,0,0,1,1,1,0,1,1
2268,713,20260526,3,1,case_category,Category,0.95,0,0,1,1,1,1,1,0
2269,717,20260527,6,1,case_title,Case title,0.95,0,0,1,1,1,1,1,0
2270,717,20260527,6,1,case_reference,Case reference,0.95,0,0,1,1,1,1,1,0
2271,717,20260527,6,1,client_name,Client,0.95,0,0,1,1,1,1,1,0
2272,717,20260527,6,1,opposing_party,Opposing party,0.95,0,0,1,1,1,1,1,0
2273,717,20260527,6,1,document_type,Document type,0.93,0,0,1,1,1,1,1,0
2274,717,20260527,6,1,jurisdiction,Jurisdiction,0.95,0,0,1,1,1,1,1,0
2275,717,20260527,6,1,important_dates,Dates,0.95,0,0,1,1,1,1,1,0
2276,717,20260527,6,1,amounts,Amounts,0.95,0,0,1,1,1,1,1,0
2277,717,20260527,6,1,case_category,Category,0.95,0,0,1,1,1,1,1,0
2278,719,20260527,10,1,case_title,Case title,0.943,0,0,1,1,1,1,1,0
2279,719,20260527,10,1,case_reference,Case reference,0.943,0,0,1,1,1,1,1,0
2280,719,20260527,10,1,client_name,Client,0.943,0,0,1,1,1,1,1,0
2281,719,20260527,10,1,opposing_party,Opposing party,0.943,0,0,1,1,1,1,1,0
2282,719,20260527,10,1,document_type,Document type,0.714,0,0,1,1,1,1,1,0
2283,719,20260527,10,1,jurisdiction,Jurisdiction,0.943,0,0,1,1,1,1,1,0
2284,719,20260527,10,1,important_dates,Dates,0.714,0,0,1,1,1,0,1,1
2285,719,20260527,10,1,amounts,Amounts,0.714,0,0,1,1,1,1,1,0
2286,719,20260527,10,1,case_category,Category,0.9,0,0,1,1,1,1,1,0
2287,722,20260527,12,1,case_title,Case title,0.0,1,0,1,0,1,0,1,1
2288,722,20260527,12,1,case_reference,Case reference,0.938,0,0,1,1,1,1,1,0
2289,722,20260527,12,1,client_name,Client,0.711,0,0,1,1,1,1,1,0
2290,722,20260527,12,1,opposing_party,Opposing party,0.938,0,0,1,1,1,0,1,1
2291,722,20260527,12,1,document_type,Document type,0.711,0,0,1,1,1,1,1,0
2292,722,20260527,12,1,jurisdiction,Jurisdiction,0.938,0,0,1,1,1,1,1,0
2293,722,20260527,12,1,important_dates,Dates,0.711,0,0,1,1,1,1,1,0
2294,722,20260527,12,1,amounts,Amounts,0.938,0,0,1,1,1,0,1,1
2295,722,20260527,12,1,case_category,Category,0.84,0,0,1,1,1,1,1,0
2296,725,20260528,6,1,case_title,Case title,0.95,0,0,1,1,1,1,1,0
2297,725,20260528,6,1,case_reference,Case reference,0.95,0,0,1,1,1,1,1,0
2298,725,20260528,6,1,client_name,Client,0.95,0,0,1,1,1,1,1,0
2299,725,20260528,6,1,opposing_party,Opposing party,0.95,0,0,1,1,1,1,1,0
2300,725,20260528,6,1,document_type,Document type,0.93,0,0,1,1,1,1,1,0
2301,725,20260528,6,1,jurisdiction,Jurisdiction,0.68,0,0,1,1,1,1,1,0
2302,725,20260528,6,1,important_dates,Dates,0.95,0,0,1,1,1,1,1,0
2303,725,20260528,6,1,amounts,Amounts,0.95,0,0,1,1,1,1,1,0
2304,725,20260528,6,1,case_category,Category,0.91,0,0,1,1,1,1,1,0
2305,727,20260528,1,1,case_title,Case title,0.95,0,0,1,1,1,1,0,
2306,727,20260528,1,1,case_reference,Case reference,0.95,0,0,1,1,1,1,0,
2307,727,20260528,1,1,client_name,Client,0.95,0,0,1,1,1,1,0,
2308,727,20260528,1,1,opposing_party,Opposing party,0.95,0,0,1,1,1,1,0,
2309,727,20260528,1,1,document_type,Document type,0.93,0,0,1,1,1,1,0,
2310,727,20260528,1,1,jurisdiction,Jurisdiction,0.95,0,0,1,1,1,1,0,
2311,727,20260528,1,1,important_dates,Dates,0.95,0,0,1,1,1,1,0,
2312,727,20260528,1,1,amounts,Amounts,0.95,0,0,1,1,1,1,0,
2313,727,20260528,1,1,case_category,Category,0.91,0,0,1,1,1,1,0,
2314,730,20260529,1,1,case_title,Case title,0.95,0,0,1,1,1,1,1,0
2315,730,20260529,1,1,case_reference,Case reference,0.95,0,0,1,1,1,1,1,0
2316,730,20260529,1,1,client_name,Client,0.95,0,0,1,1,1,1,1,0
2317,730,20260529,1,1,opposing_party,Opposing party,0.95,0,0,1,1,1,1,1,0
2318,730,20260529,1,1,document_type,Document type,0.93,0,0,1,1,1,1,1,0
2319,730,20260529,1,1,jurisdiction,Jurisdiction,0.95,0,0,1,1,1,1,1,0
2320,730,20260529,1,1,important_dates,Dates,0.95,0,0,1,1,1,1,1,0
2321,730,20260529,1,1,amounts,Amounts,0.95,0,0,1,1,1,1,1,0
2322,730,20260529,1,1,case_category,Category,0.95,0,0,1,1,1,1,1,0
2323,732,20260529,11,1,case_title,Case title,0.95,0,0,1,1,1,1,1,0
2324,732,20260529,11,1,case_reference,Case reference,0.95,0,0,1,1,1,1,1,0
2325,732,20260529,11,1,client_name,Client,0.95,0,0,1,1,1,1,1,0
2326,732,20260529,11,1,opposing_party,Opposing party,0.95,0,0,1,1,1,1,1,0
2327,732,20260529,11,1,document_type,Document type,0.93,0,0,1,1,1,1,1,0
2328,732,20260529,11,1,jurisdiction,Jurisdiction,0.95,0,0,1,1,1,1,1,0
2329,732,20260529,11,1,important_dates,Dates,0.95,0,0,1,1,1,1,1,0
2330,732,20260529,11,1,amounts,Amounts,0.95,0,0,1,1,1,1,1,0
2331,732,20260529,11,1,case_category,Category,0.95,0,0,1,1,1,1,1,0
2332,738,20260529,11,1,case_title,Case title,0.95,0,0,1,1,1,1,1,0
2333,738,20260529,11,1,case_reference,Case reference,0.95,0,0,1,1,1,1,1,0
2334,738,20260529,11,1,client_name,Client,0.95,0,0,1,1,1,1,1,0
2335,738,20260529,11,1,opposing_party,Opposing party,0.95,0,0,1,1,1,1,1,0
2336,738,20260529,11,1,document_type,Document type,0.93,0,0,1,1,1,1,1,0
2337,738,20260529,11,1,jurisdiction,Jurisdiction,0.95,0,0,1,1,1,1,1,0
2338,738,20260529,11,1,important_dates,Dates,0.95,0,0,1,1,1,1,1,0
2339,738,20260529,11,1,amounts,Amounts,0.95,0,0,1,1,1,1,1,0
2340,738,20260529,11,1,case_category,Category,0.95,0,0,1,1,1,1,1,0
2341,740,20260529,3,1,case_title,Case title,0.948,0,0,1,1,1,0,0,
2342,740,20260529,3,1,case_reference,Case reference,0.948,0,0,1,1,1,1,0,
2343,740,20260529,3,1,client_name,Client,0.948,0,0,1,1,1,1,0,
2344,740,20260529,3,1,opposing_party,Opposing party,0.948,0,0,1,1,1,0,0,
2345,740,20260529,3,1,document_type,Document type,0.928,0,0,1,1,1,1,0,
2346,740,20260529,3,1,jurisdiction,Jurisdiction,0.679,0,0,1,1,1,1,0,
2347,740,20260529,3,1,important_dates,Dates,0.948,0,0,1,1,1,0,0,
2348,740,20260529,3,1,amounts,Amounts,0.0,1,0,1,0,1,0,0,
2349,740,20260529,3,1,case_category,Category,0.9,0,0,1,1,1,1,0,
2350,742,20260531,1,1,case_title,Case title,0.95,0,0,1,1,1,1,0,
2351,742,20260531,1,1,case_reference,Case reference,0.95,0,0,1,1,1,1,0,
2352,742,20260531,1,1,client_name,Client,0.95,0,0,1,1,1,1,0,
2353,742,20260531,1,1,opposing_party,Opposing party,0.95,0,0,1,1,1,1,0,
2354,742,20260531,1,1,document_type,Document type,0.93,0,0,1,1,1,1,0,
2355,742,20260531,1,1,jurisdiction,Jurisdiction,0.95,0,0,1,1,1,1,0,
2356,742,20260531,1,1,important_dates,Dates,0.95,0,0,1,1,1,1,0,
2357,742,20260531,1,1,amounts,Amounts,0.95,0,0,1,1,1,1,0,
2358,742,20260531,1,1,case_category,Category,0.95,0,0,1,1,1,1,0,
2359,744,20260601,1,2,case_title,Case title,0.85,0,0,1,1,1,1,1,0
2360,744,20260601,1,2,case_reference,Case reference,0.85,0,0,1,1,1,1,1,0
2361,744,20260601,1,2,client_name,Client,0.85,0,0,1,1,1,1,1,0
2362,744,20260601,1,2,opposing_party,Opposing party,0.85,0,0,1,1,1,1,1,0
2363,744,20260601,1,2,document_type,Document type,0.85,0,0,1,1,1,1,1,0
2364,744,20260601,1,2,jurisdiction,Jurisdiction,0.85,0,0,1,1,1,1,1,0
2365,744,20260601,1,2,important_dates,Dates,0.85,0,0,1,1,1,1,1,0
2366,744,20260601,1,2,amounts,Amounts,0.85,0,0,1,1,1,1,1,0
2367,744,20260601,1,2,case_category,Category,0.9,0,0,1,1,1,1,1,0
2368,747,20260601,1,1,case_title,Case title,0.95,0,0,1,1,1,1,1,0
2369,747,20260601,1,1,case_reference,Case reference,0.95,0,0,1,1,1,1,1,0
2370,747,20260601,1,1,client_name,Client,0.95,0,0,1,1,1,1,1,0
2371,747,20260601,1,1,opposing_party,Opposing party,0.95,0,0,1,1,1,1,1,0
2372,747,20260601,1,1,document_type,Document type,0.93,0,0,1,1,1,1,1,0
2373,747,20260601,1,1,jurisdiction,Jurisdiction,0.68,0,0,1,1,1,1,1,0
2374,747,20260601,1,1,important_dates,Dates,0.95,0,0,1,1,1,1,1,0
2375,747,20260601,1,1,amounts,Amounts,0.95,0,0,1,1,1,1,1,0
2376,747,20260601,1,1,case_category,Category,0.95,0,0,1,1,1,1,1,0
2377,749,20260601,8,1,case_title,Case title,0.95,0,0,1,1,1,1,1,0
2378,749,20260601,8,1,case_reference,Case reference,0.95,0,0,1,1,1,1,1,0
2379,749,20260601,8,1,client_name,Client,0.95,0,0,1,1,1,1,1,0
2380,749,20260601,8,1,opposing_party,Opposing party,0.95,0,0,1,1,1,1,1,0
2381,749,20260601,8,1,document_type,Document type,0.93,0,0,1,1,1,1,1,0
2382,749,20260601,8,1,jurisdiction,Jurisdiction,0.57,0,1,1,1,1,0,1,1
2383,749,20260601,8,1,important_dates,Dates,0.95,0,0,1,1,1,1,1,0
2384,749,20260601,8,1,amounts,Amounts,0.95,0,0,1,1,1,1,1,0
2385,749,20260601,8,1,case_category,Category,0.92,0,0,1,1,1,1,1,0
2386,751,20260602,13,1,case_title,Case title,0.95,0,0,1,1,1,1,1,0
2387,751,20260602,13,1,case_reference,Case reference,0.95,0,0,1,1,1,1,1,0
2388,751,20260602,13,1,client_name,Client,0.95,0,0,1,1,1,1,1,0
2389,751,20260602,13,1,opposing_party,Opposing party,0.95,0,0,1,1,1,1,1,0
2390,751,20260602,13,1,document_type,Document type,0.93,0,0,1,1,1,1,1,0
2391,751,20260602,13,1,jurisdiction,Jurisdiction,0.95,0,0,1,1,1,1,1,0
2392,751,20260602,13,1,important_dates,Dates,0.95,0,0,1,1,1,1,1,0
2393,751,20260602,13,1,amounts,Amounts,0.95,0,0,1,1,1,1,1,0
2394,751,20260602,13,1,case_category,Category,0.95,0,0,1,1,1,1,1,0
2395,753,20260602,13,1,case_title,Case title,0.95,0,0,1,1,1,1,1,0
2396,753,20260602,13,1,case_reference,Case reference,0.95,0,0,1,1,1,1,1,0
2397,753,20260602,13,1,client_name,Client,0.95,0,0,1,1,1,1,1,0
2398,753,20260602,13,1,opposing_party,Opposing party,0.0,1,0,0,0,1,1,1,0
2399,753,20260602,13,1,document_type,Document type,0.93,0,0,1,1,1,1,1,0
2400,753,20260602,13,1,jurisdiction,Jurisdiction,0.0,1,0,0,0,1,1,1,0
2401,753,20260602,13,1,important_dates,Dates,0.95,0,0,1,1,1,1,1,0
2402,753,20260602,13,1,amounts,Amounts,0.95,0,0,1,1,1,1,1,0
2403,753,20260602,13,1,case_category,Category,0.95,0,0,1,1,1,1,1,0
2404,756,20260602,12,1,case_title,Case title,0.947,0,0,1,1,1,1,1,0
2405,756,20260602,12,1,case_reference,Case reference,0.718,0,0,1,1,1,1,1,0
2406,756,20260602,12,1,client_name,Client,0.947,0,0,1,1,1,0,1,1
2407,756,20260602,12,1,opposing_party,Opposing party,0.0,1,0,1,0,1,0,1,1
2408,756,20260602,12,1,document_type,Document type,0.927,0,0,1,1,1,1,1,0
2409,756,20260602,12,1,jurisdiction,Jurisdiction,0.947,0,0,1,1,1,0,1,1
2410,756,20260602,12,1,important_dates,Dates,0.718,0,0,1,1,1,1,1,0
2411,756,20260602,12,1,amounts,Amounts,0.947,0,0,1,1,1,1,1,0
2412,756,20260602,12,1,case_category,Category,0.95,0,0,1,1,1,1,1,0
2413,759,20260603,11,2,case_title,Case title,0.85,0,0,1,1,1,1,0,
2414,759,20260603,11,2,case_reference,Case reference,0.85,0,0,1,1,1,1,0,
2415,759,20260603,11,2,client_name,Client,0.85,0,0,1,1,1,1,0,
2416,759,20260603,11,2,opposing_party,Opposing party,0.85,0,0,1,1,1,1,0,
2417,759,20260603,11,2,document_type,Document type,0.85,0,0,1,1,1,1,0,
2418,759,20260603,11,2,jurisdiction,Jurisdiction,0.85,0,0,1,1,1,1,0,
2419,759,20260603,11,2,important_dates,Dates,0.85,0,0,1,1,1,1,0,
2420,759,20260603,11,2,amounts,Amounts,0.85,0,0,1,1,1,1,0,
2421,759,20260603,11,2,case_category,Category,0.95,0,0,1,1,1,1,0,
2422,761,20260603,9,1,case_title,Case title,0.95,0,0,1,1,1,1,0,
2423,761,20260603,9,1,case_reference,Case reference,0.95,0,0,1,1,1,1,0,
2424,761,20260603,9,1,client_name,Client,0.95,0,0,1,1,1,1,0,
2425,761,20260603,9,1,opposing_party,Opposing party,0.95,0,0,1,1,1,1,0,
2426,761,20260603,9,1,document_type,Document type,0.93,0,0,1,1,1,1,0,
2427,761,20260603,9,1,jurisdiction,Jurisdiction,0.95,0,0,1,1,1,1,0,
2428,761,20260603,9,1,important_dates,Dates,0.95,0,0,1,1,1,1,0,
2429,761,20260603,9,1,amounts,Amounts,0.95,0,0,1,1,1,1,0,
2430,761,20260603,9,1,case_category,Category,0.87,0,0,1,1,1,1,0,
2431,763,20260603,6,2,case_title,Case title,0.85,0,0,1,1,1,1,1,0
2432,763,20260603,6,2,case_reference,Case reference,0.85,0,0,1,1,1,1,1,0
2433,763,20260603,6,2,client_name,Client,0.85,0,0,1,1,1,1,1,0
2434,763,20260603,6,2,opposing_party,Opposing party,0.85,0,0,1,1,1,1,1,0
2435,763,20260603,6,2,document_type,Document type,0.85,0,0,1,1,1,1,1,0
2436,763,20260603,6,2,jurisdiction,Jurisdiction,0.85,0,0,1,1,1,1,1,0
2437,763,20260603,6,2,important_dates,Dates,0.85,0,0,1,1,1,1,1,0
2438,763,20260603,6,2,amounts,Amounts,0.85,0,0,1,1,1,1,1,0
2439,763,20260603,6,2,case_category,Category,0.86,0,0,1,1,1,1,1,0
2440,766,20260604,6,1,case_title,Case title,0.95,0,0,1,1,1,1,0,
2441,766,20260604,6,1,case_reference,Case reference,0.95,0,0,1,1,1,1,0,
2442,766,20260604,6,1,client_name,Client,0.95,0,0,1,1,1,1,0,
2443,766,20260604,6,1,opposing_party,Opposing party,0.95,0,0,1,1,1,1,0,
2444,766,20260604,6,1,document_type,Document type,0.93,0,0,1,1,1,1,0,
2445,766,20260604,6,1,jurisdiction,Jurisdiction,0.95,0,0,1,1,1,1,0,
2446,766,20260604,6,1,important_dates,Dates,0.95,0,0,1,1,1,1,0,
2447,766,20260604,6,1,amounts,Amounts,0.95,0,0,1,1,1,1,0,
2448,766,20260604,6,1,case_category,Category,0.95,0,0,1,1,1,1,0,
2449,768,20260604,11,1,case_title,Case title,0.95,0,0,1,1,1,1,1,0
2450,768,20260604,11,1,case_reference,Case reference,0.95,0,0,1,1,1,1,1,0
2451,768,20260604,11,1,client_name,Client,0.95,0,0,1,1,1,1,1,0
2452,768,20260604,11,1,opposing_party,Opposing party,0.95,0,0,1,1,1,1,1,0
2453,768,20260604,11,1,document_type,Document type,0.93,0,0,1,1,1,1,1,0
2454,768,20260604,11,1,jurisdiction,Jurisdiction,0.95,0,0,1,1,1,1,1,0
2455,768,20260604,11,1,important_dates,Dates,0.95,0,0,1,1,1,1,1,0
2456,768,20260604,11,1,amounts,Amounts,0.95,0,0,1,1,1,1,1,0
2457,768,20260604,11,1,case_category,Category,0.95,0,0,1,1,1,1,1,0
2458,771,20260605,10,1,case_title,Case title,0.947,0,0,1,1,1,0,0,
2459,771,20260605,10,1,case_reference,Case reference,0.947,0,0,1,1,1,0,0,
2460,771,20260605,10,1,client_name,Client,0.0,1,0,1,0,1,0,0,
2461,771,20260605,10,1,opposing_party,Opposing party,0.0,1,0,1,0,1,0,0,
2462,771,20260605,10,1,document_type,Document type,0.718,0,0,1,1,1,1,0,
2463,771,20260605,10,1,jurisdiction,Jurisdiction,0.678,0,0,1,1,1,1,0,
2464,771,20260605,10,1,important_dates,Dates,0.299,0,0,1,1,1,0,0,
2465,771,20260605,10,1,amounts,Amounts,0.947,0,0,1,1,1,1,0,
2466,771,20260605,10,1,case_category,Category,0.84,0,0,1,1,1,1,0,
2467,773,20260605,1,1,case_title,Case title,0.95,0,0,1,1,1,1,1,0
2468,773,20260605,1,1,case_reference,Case reference,0.95,0,0,1,1,1,1,1,0
2469,773,20260605,1,1,client_name,Client,0.95,0,0,1,1,1,1,1,0
2470,773,20260605,1,1,opposing_party,Opposing party,0.95,0,0,1,1,1,1,1,0
2471,773,20260605,1,1,document_type,Document type,0.93,0,0,1,1,1,1,1,0
2472,773,20260605,1,1,jurisdiction,Jurisdiction,0.95,0,0,1,1,1,1,1,0
2473,773,20260605,1,1,important_dates,Dates,0.95,0,0,1,1,1,1,1,0
2474,773,20260605,1,1,amounts,Amounts,0.95,0,0,1,1,1,1,1,0
2475,773,20260605,1,1,case_category,Category,0.9,0,0,1,1,1,1,1,0
2476,776,20260605,6,1,case_title,Case title,0.95,0,0,1,1,1,1,1,0
2477,776,20260605,6,1,case_reference,Case reference,0.95,0,0,1,1,1,1,1,0
2478,776,20260605,6,1,client_name,Client,0.95,0,0,1,1,1,1,1,0
2479,776,20260605,6,1,opposing_party,Opposing party,0.95,0,0,1,1,1,1,1,0
2480,776,20260605,6,1,document_type,Document type,0.93,0,0,1,1,1,1,1,0
2481,776,20260605,6,1,jurisdiction,Jurisdiction,0.95,0,0,1,1,1,1,1,0
2482,776,20260605,6,1,important_dates,Dates,0.95,0,0,1,1,1,1,1,0
2483,776,20260605,6,1,amounts,Amounts,0.95,0,0,1,1,1,1,1,0
2484,776,20260605,6,1,case_category,Category,0.95,0,0,1,1,1,1,1,0
2485,779,20260609,6,1,case_title,Case title,0.95,0,0,1,1,1,1,1,0
2486,779,20260609,6,1,case_reference,Case reference,0.95,0,0,1,1,1,1,1,0
2487,779,20260609,6,1,client_name,Client,0.95,0,0,1,1,1,1,1,0
2488,779,20260609,6,1,opposing_party,Opposing party,0.95,0,0,1,1,1,1,1,0
2489,779,20260609,6,1,document_type,Document type,0.93,0,0,1,1,1,1,1,0
2490,779,20260609,6,1,jurisdiction,Jurisdiction,0.95,0,0,1,1,1,1,1,0
2491,779,20260609,6,1,important_dates,Dates,0.95,0,0,1,1,1,1,1,0
2492,779,20260609,6,1,amounts,Amounts,0.95,0,0,1,1,1,1,1,0
2493,779,20260609,6,1,case_category,Category,0.86,0,0,1,1,1,1,1,0
2494,783,20260609,6,1,case_title,Case title,0.95,0,0,1,1,1,1,1,0
2495,783,20260609,6,1,case_reference,Case reference,0.95,0,0,1,1,1,1,1,0
2496,783,20260609,6,1,client_name,Client,0.95,0,0,1,1,1,1,1,0
2497,783,20260609,6,1,opposing_party,Opposing party,0.95,0,0,1,1,1,1,1,0
2498,783,20260609,6,1,document_type,Document type,0.93,0,0,1,1,1,1,1,0
2499,783,20260609,6,1,jurisdiction,Jurisdiction,0.95,0,0,1,1,1,1,1,0
2500,783,20260609,6,1,important_dates,Dates,0.95,0,0,1,1,1,1,1,0
2501,783,20260609,6,1,amounts,Amounts,0.95,0,0,1,1,1,1,1,0
2502,783,20260609,6,1,case_category,Category,0.95,0,0,1,1,1,1,1,0
2503,785,20260610,3,1,case_title,Case title,0.944,0,0,1,1,1,0,1,1
2504,785,20260610,3,1,case_reference,Case reference,0.944,0,0,1,1,1,1,1,0
2505,785,20260610,3,1,client_name,Client,0.944,0,0,1,1,1,1,1,0
2506,785,20260610,3,1,opposing_party,Opposing party,0.944,0,0,1,1,1,1,1,0
2507,785,20260610,3,1,document_type,Document type,0.924,0,0,1,1,1,1,1,0
2508,785,20260610,3,1,jurisdiction,Jurisdiction,0.944,0,0,1,1,1,1,1,0
2509,785,20260610,3,1,important_dates,Dates,0.944,0,0,1,1,1,1,1,0
2510,785,20260610,3,1,amounts,Amounts,0.944,0,0,1,1,1,0,1,1
2511,785,20260610,3,1,case_category,Category,0.95,0,0,1,1,1,1,1,0
2512,788,20260610,1,1,case_title,Case title,0.95,0,0,1,1,1,1,1,0
2513,788,20260610,1,1,case_reference,Case reference,0.95,0,0,1,1,1,1,1,0
2514,788,20260610,1,1,client_name,Client,0.95,0,0,1,1,1,1,1,0
2515,788,20260610,1,1,opposing_party,Opposing party,0.95,0,0,1,1,1,1,1,0
2516,788,20260610,1,1,document_type,Document type,0.93,0,0,1,1,1,1,1,0
2517,788,20260610,1,1,jurisdiction,Jurisdiction,0.95,0,0,1,1,1,1,1,0
2518,788,20260610,1,1,important_dates,Dates,0.95,0,0,1,1,1,1,1,0
2519,788,20260610,1,1,amounts,Amounts,0.95,0,0,1,1,1,1,1,0
2520,788,20260610,1,1,case_category,Category,0.95,0,0,1,1,1,1,1,0
2521,791,20260611,1,1,case_title,Case title,0.95,0,0,1,1,1,1,0,
2522,791,20260611,1,1,case_reference,Case reference,0.95,0,0,1,1,1,1,0,
2523,791,20260611,1,1,client_name,Client,0.95,0,0,1,1,1,1,0,
2524,791,20260611,1,1,opposing_party,Opposing party,0.95,0,0,1,1,1,1,0,
2525,791,20260611,1,1,document_type,Document type,0.93,0,0,1,1,1,1,0,
2526,791,20260611,1,1,jurisdiction,Jurisdiction,0.95,0,0,1,1,1,1,0,
2527,791,20260611,1,1,important_dates,Dates,0.95,0,0,1,1,1,1,0,
2528,791,20260611,1,1,amounts,Amounts,0.95,0,0,1,1,1,1,0,
2529,791,20260611,1,1,case_category,Category,0.95,0,0,1,1,1,1,0,
2530,793,20260611,1,1,case_title,Case title,0.95,0,0,1,1,1,1,1,0
2531,793,20260611,1,1,case_reference,Case reference,0.95,0,0,1,1,1,1,1,0
2532,793,20260611,1,1,client_name,Client,0.95,0,0,1,1,1,1,1,0
2533,793,20260611,1,1,opposing_party,Opposing party,0.95,0,0,1,1,1,1,1,0
2534,793,20260611,1,1,document_type,Document type,0.93,0,0,1,1,1,1,1,0
2535,793,20260611,1,1,jurisdiction,Jurisdiction,0.95,0,0,1,1,1,1,1,0
2536,793,20260611,1,1,important_dates,Dates,0.95,0,0,1,1,1,1,1,0
2537,793,20260611,1,1,amounts,Amounts,0.95,0,0,1,1,1,1,1,0
2538,793,20260611,1,1,case_category,Category,0.95,0,0,1,1,1,1,1,0
2539,795,20260611,6,1,case_title,Case title,0.95,0,0,1,1,1,1,1,0
2540,795,20260611,6,1,case_reference,Case reference,0.95,0,0,1,1,1,1,1,0
2541,795,20260611,6,1,client_name,Client,0.95,0,0,1,1,1,1,1,0
2542,795,20260611,6,1,opposing_party,Opposing party,0.95,0,0,1,1,1,1,1,0
2543,795,20260611,6,1,document_type,Document type,0.93,0,0,1,1,1,1,1,0
2544,795,20260611,6,1,jurisdiction,Jurisdiction,0.95,0,0,1,1,1,1,1,0
2545,795,20260611,6,1,important_dates,Dates,0.95,0,0,1,1,1,1,1,0
2546,795,20260611,6,1,amounts,Amounts,0.95,0,0,1,1,1,1,1,0
2547,795,20260611,6,1,case_category,Category,0.95,0,0,1,1,1,1,1,0
2548,799,20260611,3,1,case_title,Case title,0.949,0,0,1,1,1,0,1,1
2549,799,20260611,3,1,case_reference,Case reference,0.949,0,0,1,1,1,1,1,0
2550,799,20260611,3,1,client_name,Client,0.949,0,0,1,1,1,1,1,0
2551,799,20260611,3,1,opposing_party,Opposing party,0.0,1,0,1,0,1,0,1,1
2552,799,20260611,3,1,document_type,Document type,0.929,0,0,1,1,1,1,1,0
2553,799,20260611,3,1,jurisdiction,Jurisdiction,0.949,0,0,1,1,1,0,1,1
2554,799,20260611,3,1,important_dates,Dates,0.949,0,0,1,1,1,1,1,0
2555,799,20260611,3,1,amounts,Amounts,0.949,0,0,1,1,1,1,1,0
2556,799,20260611,3,1,case_category,Category,0.95,0,0,1,1,1,1,1,0
2557,801,20260611,3,1,case_title,Case title,0.948,0,0,1,1,1,1,0,
2558,801,20260611,3,1,case_reference,Case reference,0.948,0,0,1,1,1,1,0,
2559,801,20260611,3,1,client_name,Client,0.948,0,0,1,1,1,1,0,
2560,801,20260611,3,1,opposing_party,Opposing party,0.948,0,0,1,1,1,1,0,
2561,801,20260611,3,1,document_type,Document type,0.928,0,0,1,1,1,1,0,
2562,801,20260611,3,1,jurisdiction,Jurisdiction,0.948,0,0,1,1,1,1,0,
2563,801,20260611,3,1,important_dates,Dates,0.948,0,0,1,1,1,0,0,
2564,801,20260611,3,1,amounts,Amounts,0.948,0,0,1,1,1,1,0,
2565,801,20260611,3,1,case_category,Category,0.95,0,0,1,1,1,1,0,
2566,803,20260611,11,1,case_title,Case title,0.95,0,0,1,1,1,1,1,0
2567,803,20260611,11,1,case_reference,Case reference,0.95,0,0,1,1,1,1,1,0
2568,803,20260611,11,1,client_name,Client,0.95,0,0,1,1,1,1,1,0
2569,803,20260611,11,1,opposing_party,Opposing party,0.95,0,0,1,1,1,1,1,0
2570,803,20260611,11,1,document_type,Document type,0.93,0,0,1,1,1,1,1,0
2571,803,20260611,11,1,jurisdiction,Jurisdiction,0.95,0,0,1,1,1,1,1,0
2572,803,20260611,11,1,important_dates,Dates,0.95,0,0,1,1,1,1,1,0
2573,803,20260611,11,1,amounts,Amounts,0.95,0,0,1,1,1,1,1,0
2574,803,20260611,11,1,case_category,Category,0.95,0,0,1,1,1,1,1,0
2575,805,20260611,3,1,case_title,Case title,0.95,0,0,1,1,1,1,1,0
2576,805,20260611,3,1,case_reference,Case reference,0.0,1,0,1,0,1,0,1,1
2577,805,20260611,3,1,client_name,Client,0.95,0,0,1,1,1,0,1,1
2578,805,20260611,3,1,opposing_party,Opposing party,0.95,0,0,1,1,1,1,1,0
2579,805,20260611,3,1,document_type,Document type,0.93,0,0,1,1,1,1,1,0
2580,805,20260611,3,1,jurisdiction,Jurisdiction,0.95,0,0,1,1,1,1,1,0
2581,805,20260611,3,1,important_dates,Dates,0.3,0,0,1,1,1,0,1,1
2582,805,20260611,3,1,amounts,Amounts,0.95,0,0,1,1,1,0,1,1
2583,805,20260611,3,1,case_category,Category,0.95,0,0,1,1,1,1,1,0
2584,809,20260611,6,1,case_title,Case title,0.95,0,0,1,1,1,1,0,
2585,809,20260611,6,1,case_reference,Case reference,0.95,0,0,1,1,1,1,0,
2586,809,20260611,6,1,client_name,Client,0.95,0,0,1,1,1,1,0,
2587,809,20260611,6,1,opposing_party,Opposing party,0.95,0,0,1,1,1,1,0,
2588,809,20260611,6,1,document_type,Document type,0.93,0,0,1,1,1,1,0,
2589,809,20260611,6,1,jurisdiction,Jurisdiction,0.95,0,0,1,1,1,1,0,
2590,809,20260611,6,1,important_dates,Dates,0.95,0,0,1,1,1,1,0,
2591,809,20260611,6,1,amounts,Amounts,0.95,0,0,1,1,1,1,0,
2592,809,20260611,6,1,case_category,Category,0.9,0,0,1,1,1,1,0,
2593,812,20260615,1,1,case_title,Case title,0.95,0,0,1,1,1,1,1,0
2594,812,20260615,1,1,case_reference,Case reference,0.95,0,0,1,1,1,1,1,0
2595,812,20260615,1,1,client_name,Client,0.95,0,0,1,1,1,1,1,0
2596,812,20260615,1,1,opposing_party,Opposing party,0.95,0,0,1,1,1,1,1,0
2597,812,20260615,1,1,document_type,Document type,0.93,0,0,1,1,1,1,1,0
2598,812,20260615,1,1,jurisdiction,Jurisdiction,0.95,0,0,1,1,1,1,1,0
2599,812,20260615,1,1,important_dates,Dates,0.95,0,0,1,1,1,1,1,0
2600,812,20260615,1,1,amounts,Amounts,0.95,0,0,1,1,1,1,1,0
2601,812,20260615,1,1,case_category,Category,0.95,0,0,1,1,1,1,1,0
2602,817,20260615,1,1,case_title,Case title,0.95,0,0,1,1,1,1,1,0
2603,817,20260615,1,1,case_reference,Case reference,0.95,0,0,1,1,1,1,1,0
2604,817,20260615,1,1,client_name,Client,0.95,0,0,1,1,1,1,1,0
2605,817,20260615,1,1,opposing_party,Opposing party,0.95,0,0,1,1,1,1,1,0
2606,817,20260615,1,1,document_type,Document type,0.93,0,0,1,1,1,1,1,0
2607,817,20260615,1,1,jurisdiction,Jurisdiction,0.95,0,0,1,1,1,1,1,0
2608,817,20260615,1,1,important_dates,Dates,0.95,0,0,1,1,1,1,1,0
2609,817,20260615,1,1,amounts,Amounts,0.95,0,0,1,1,1,1,1,0
2610,817,20260615,1,1,case_category,Category,0.95,0,0,1,1,1,1,1,0
2611,819,20260615,6,1,case_title,Case title,0.95,0,0,1,1,1,1,1,0
2612,819,20260615,6,1,case_reference,Case reference,0.95,0,0,1,1,1,1,1,0
2613,819,20260615,6,1,client_name,Client,0.95,0,0,1,1,1,1,1,0
2614,819,20260615,6,1,opposing_party,Opposing party,0.95,0,0,1,1,1,1,1,0
2615,819,20260615,6,1,document_type,Document type,0.93,0,0,1,1,1,1,1,0
2616,819,20260615,6,1,jurisdiction,Jurisdiction,0.95,0,0,1,1,1,1,1,0
2617,819,20260615,6,1,important_dates,Dates,0.95,0,0,1,1,1,1,1,0
2618,819,20260615,6,1,amounts,Amounts,0.95,0,0,1,1,1,1,1,0
2619,819,20260615,6,1,case_category,Category,0.95,0,0,1,1,1,1,1,0
2620,822,20260615,1,1,case_title,Case title,0.95,0,0,1,1,1,1,0,
2621,822,20260615,1,1,case_reference,Case reference,0.95,0,0,1,1,1,1,0,
2622,822,20260615,1,1,client_name,Client,0.95,0,0,1,1,1,1,0,
2623,822,20260615,1,1,opposing_party,Opposing party,0.95,0,0,1,1,1,1,0,
2624,822,20260615,1,1,document_type,Document type,0.93,0,0,1,1,1,1,0,
2625,822,20260615,1,1,jurisdiction,Jurisdiction,0.95,0,0,1,1,1,1,0,
2626,822,20260615,1,1,important_dates,Dates,0.95,0,0,1,1,1,1,0,
2627,822,20260615,1,1,amounts,Amounts,0.95,0,0,1,1,1,1,0,
2628,822,20260615,1,1,case_category,Category,0.95,0,0,1,1,1,1,0,
2629,824,20260615,6,1,case_title,Case title,0.95,0,0,1,1,1,1,0,
2630,824,20260615,6,1,case_reference,Case reference,0.95,0,0,1,1,1,1,0,
2631,824,20260615,6,1,client_name,Client,0.95,0,0,1,1,1,1,0,
2632,824,20260615,6,1,opposing_party,Opposing party,0.95,0,0,1,1,1,1,0,
2633,824,20260615,6,1,document_type,Document type,0.93,0,0,1,1,1,1,0,
2634,824,20260615,6,1,jurisdiction,Jurisdiction,0.95,0,0,1,1,1,1,0,
2635,824,20260615,6,1,important_dates,Dates,0.95,0,0,1,1,1,1,0,
2636,824,20260615,6,1,amounts,Amounts,0.95,0,0,1,1,1,1,0,
2637,824,20260615,6,1,case_category,Category,0.95,0,0,1,1,1,1,0,
2638,826,20260616,9,1,case_title,Case title,0.95,0,0,1,1,1,1,1,0
2639,826,20260616,9,1,case_reference,Case reference,0.95,0,0,1,1,1,1,1,0
2640,826,20260616,9,1,client_name,Client,0.95,0,0,1,1,1,1,1,0
2641,826,20260616,9,1,opposing_party,Opposing party,0.95,0,0,1,1,1,1,1,0
2642,826,20260616,9,1,document_type,Document type,0.93,0,0,1,1,1,1,1,0
2643,826,20260616,9,1,jurisdiction,Jurisdiction,0.95,0,0,1,1,1,1,1,0
2644,826,20260616,9,1,important_dates,Dates,0.95,0,0,1,1,1,1,1,0
2645,826,20260616,9,1,amounts,Amounts,0.95,0,0,1,1,1,1,1,0
2646,826,20260616,9,1,case_category,Category,0.95,0,0,1,1,1,1,1,0
2647,828,20260616,6,1,case_title,Case title,0.95,0,0,1,1,1,1,0,
2648,828,20260616,6,1,case_reference,Case reference,0.95,0,0,1,1,1,1,0,
2649,828,20260616,6,1,client_name,Client,0.95,0,0,1,1,1,1,0,
2650,828,20260616,6,1,opposing_party,Opposing party,0.95,0,0,1,1,1,1,0,
2651,828,20260616,6,1,document_type,Document type,0.93,0,0,1,1,1,1,0,
2652,828,20260616,6,1,jurisdiction,Jurisdiction,0.95,0,0,1,1,1,1,0,
2653,828,20260616,6,1,important_dates,Dates,0.95,0,0,1,1,1,1,0,
2654,828,20260616,6,1,amounts,Amounts,0.95,0,0,1,1,1,1,0,
2655,828,20260616,6,1,case_category,Category,0.95,0,0,1,1,1,1,0,
2656,831,20260617,1,1,case_title,Case title,0.95,0,0,1,1,1,1,1,0
2657,831,20260617,1,1,case_reference,Case reference,0.95,0,0,1,1,1,1,1,0
2658,831,20260617,1,1,client_name,Client,0.95,0,0,1,1,1,1,1,0
2659,831,20260617,1,1,opposing_party,Opposing party,0.95,0,0,1,1,1,1,1,0
2660,831,20260617,1,1,document_type,Document type,0.93,0,0,1,1,1,1,1,0
2661,831,20260617,1,1,jurisdiction,Jurisdiction,0.95,0,0,1,1,1,1,1,0
2662,831,20260617,1,1,important_dates,Dates,0.95,0,0,1,1,1,1,1,0
2663,831,20260617,1,1,amounts,Amounts,0.95,0,0,1,1,1,1,1,0
2664,831,20260617,1,1,case_category,Category,0.95,0,0,1,1,1,1,1,0
2665,833,20260617,6,1,case_title,Case title,0.95,0,0,1,1,1,1,1,0
2666,833,20260617,6,1,case_reference,Case reference,0.95,0,0,1,1,1,1,1,0
2667,833,20260617,6,1,client_name,Client,0.95,0,0,1,1,1,1,1,0
2668,833,20260617,6,1,opposing_party,Opposing party,0.95,0,0,1,1,1,1,1,0
2669,833,20260617,6,1,document_type,Document type,0.93,0,0,1,1,1,1,1,0
2670,833,20260617,6,1,jurisdiction,Jurisdiction,0.95,0,0,1,1,1,1,1,0
2671,833,20260617,6,1,important_dates,Dates,0.95,0,0,1,1,1,1,1,0
2672,833,20260617,6,1,amounts,Amounts,0.95,0,0,1,1,1,1,1,0
2673,833,20260617,6,1,case_category,Category,0.95,0,0,1,1,1,1,1,0
2674,835,20260618,11,2,case_title,Case title,0.85,0,0,1,1,1,1,1,0
2675,835,20260618,11,2,case_reference,Case reference,0.85,0,0,1,1,1,1,1,0
2676,835,20260618,11,2,client_name,Client,0.85,0,0,1,1,1,1,1,0
2677,835,20260618,11,2,opposing_party,Opposing party,0.85,0,0,1,1,1,1,1,0
2678,835,20260618,11,2,document_type,Document type,0.85,0,0,1,1,1,1,1,0
2679,835,20260618,11,2,jurisdiction,Jurisdiction,0.85,0,0,1,1,1,1,1,0
2680,835,20260618,11,2,important_dates,Dates,0.85,0,0,1,1,1,1,1,0
2681,835,20260618,11,2,amounts,Amounts,0.85,0,0,1,1,1,1,1,0
2682,835,20260618,11,2,case_category,Category,0.95,0,0,1,1,1,1,1,0
2683,837,20260618,6,1,case_title,Case title,0.95,0,0,1,1,1,1,1,0
2684,837,20260618,6,1,case_reference,Case reference,0.95,0,0,1,1,1,1,1,0
2685,837,20260618,6,1,client_name,Client,0.95,0,0,1,1,1,1,1,0
2686,837,20260618,6,1,opposing_party,Opposing party,0.95,0,0,1,1,1,1,1,0
2687,837,20260618,6,1,document_type,Document type,0.93,0,0,1,1,1,1,1,0
2688,837,20260618,6,1,jurisdiction,Jurisdiction,0.95,0,0,1,1,1,1,1,0
2689,837,20260618,6,1,important_dates,Dates,0.95,0,0,1,1,1,1,1,0
2690,837,20260618,6,1,amounts,Amounts,0.95,0,0,1,1,1,1,1,0
2691,837,20260618,6,1,case_category,Category,0.95,0,0,1,1,1,1,1,0
2692,840,20260619,6,1,case_title,Case title,0.95,0,0,1,1,1,1,1,0
2693,840,20260619,6,1,case_reference,Case reference,0.95,0,0,1,1,1,1,1,0
2694,840,20260619,6,1,client_name,Client,0.95,0,0,1,1,1,1,1,0
2695,840,20260619,6,1,opposing_party,Opposing party,0.95,0,0,1,1,1,1,1,0
2696,840,20260619,6,1,document_type,Document type,0.93,0,0,1,1,1,1,1,0
2697,840,20260619,6,1,jurisdiction,Jurisdiction,0.95,0,0,1,1,1,1,1,0
2698,840,20260619,6,1,important_dates,Dates,0.95,0,0,1,1,1,1,1,0
2699,840,20260619,6,1,amounts,Amounts,0.95,0,0,1,1,1,1,1,0
2700,840,20260619,6,1,case_category,Category,0.4,0,0,1,1,1,1,1,0
2701,842,20260619,3,1,case_title,Case title,0.948,0,0,1,1,1,1,1,0
2702,842,20260619,3,1,case_reference,Case reference,0.0,1,0,1,0,1,0,1,1
2703,842,20260619,3,1,client_name,Client,0.948,0,0,1,1,1,1,1,0
2704,842,20260619,3,1,opposing_party,Opposing party,0.948,0,0,1,1,1,1,1,0
2705,842,20260619,3,1,document_type,Document type,0.0,1,0,1,0,1,0,1,1
2706,842,20260619,3,1,jurisdiction,Jurisdiction,0.948,0,0,1,1,1,1,1,0
2707,842,20260619,3,1,important_dates,Dates,0.948,0,0,1,1,1,1,1,0
2708,842,20260619,3,1,amounts,Amounts,0.948,0,0,1,1,1,1,1,0
2709,842,20260619,3,1,case_category,Category,0.89,0,0,1,1,1,1,1,0
2710,844,20260620,6,1,case_title,Case title,0.95,0,0,1,1,1,1,0,
2711,844,20260620,6,1,case_reference,Case reference,0.95,0,0,1,1,1,1,0,
2712,844,20260620,6,1,client_name,Client,0.95,0,0,1,1,1,1,0,
2713,844,20260620,6,1,opposing_party,Opposing party,0.95,0,0,1,1,1,1,0,
2714,844,20260620,6,1,document_type,Document type,0.93,0,0,1,1,1,1,0,
2715,844,20260620,6,1,jurisdiction,Jurisdiction,0.95,0,0,1,1,1,1,0,
2716,844,20260620,6,1,important_dates,Dates,0.95,0,0,1,1,1,1,0,
2717,844,20260620,6,1,amounts,Amounts,0.95,0,0,1,1,1,1,0,
2718,844,20260620,6,1,case_category,Category,0.95,0,0,1,1,1,0,0,
2719,846,20260622,11,1,case_title,Case title,0.95,0,0,1,1,1,1,1,0
2720,846,20260622,11,1,case_reference,Case reference,0.95,0,0,1,1,1,1,1,0
2721,846,20260622,11,1,client_name,Client,0.95,0,0,1,1,1,1,1,0
2722,846,20260622,11,1,opposing_party,Opposing party,0.95,0,0,1,1,1,1,1,0
2723,846,20260622,11,1,document_type,Document type,0.93,0,0,1,1,1,1,1,0
2724,846,20260622,11,1,jurisdiction,Jurisdiction,0.95,0,0,1,1,1,1,1,0
2725,846,20260622,11,1,important_dates,Dates,0.95,0,0,1,1,1,1,1,0
2726,846,20260622,11,1,amounts,Amounts,0.95,0,0,1,1,1,1,1,0
2727,846,20260622,11,1,case_category,Category,0.95,0,0,1,1,1,1,1,0
2728,848,20260622,12,1,case_title,Case title,0.947,0,0,1,1,1,0,1,1
2729,848,20260622,12,1,case_reference,Case reference,0.0,1,0,1,0,1,0,1,1
2730,848,20260622,12,1,client_name,Client,0.718,0,0,1,1,1,1,1,0
2731,848,20260622,12,1,opposing_party,Opposing party,0.947,0,0,1,1,1,0,1,1
2732,848,20260622,12,1,document_type,Document type,0.927,0,0,1,1,1,1,1,0
2733,848,20260622,12,1,jurisdiction,Jurisdiction,0.947,0,0,1,1,1,0,1,1
2734,848,20260622,12,1,important_dates,Dates,0.947,0,0,1,1,1,0,1,1
2735,848,20260622,12,1,amounts,Amounts,0.947,0,0,1,1,1,0,1,1
2736,848,20260622,12,1,case_category,Category,0.89,0,0,1,1,1,1,1,0
2737,850,20260622,6,2,case_title,Case title,0.85,0,0,1,1,1,1,0,
2738,850,20260622,6,2,case_reference,Case reference,0.85,0,0,1,1,1,1,0,
2739,850,20260622,6,2,client_name,Client,0.85,0,0,1,1,1,1,0,
2740,850,20260622,6,2,opposing_party,Opposing party,0.85,0,0,1,1,1,1,0,
2741,850,20260622,6,2,document_type,Document type,0.85,0,0,1,1,1,1,0,
2742,850,20260622,6,2,jurisdiction,Jurisdiction,0.85,0,0,1,1,1,1,0,
2743,850,20260622,6,2,important_dates,Dates,0.85,0,0,1,1,1,1,0,
2744,850,20260622,6,2,amounts,Amounts,0.85,0,0,1,1,1,1,0,
2745,850,20260622,6,2,case_category,Category,0.95,0,0,1,1,1,1,0,
2746,852,20260623,1,1,case_title,Case title,0.95,0,0,1,1,1,1,1,0
2747,852,20260623,1,1,case_reference,Case reference,0.95,0,0,1,1,1,1,1,0
2748,852,20260623,1,1,client_name,Client,0.95,0,0,1,1,1,1,1,0
2749,852,20260623,1,1,opposing_party,Opposing party,0.95,0,0,1,1,1,1,1,0
2750,852,20260623,1,1,document_type,Document type,0.93,0,0,1,1,1,1,1,0
2751,852,20260623,1,1,jurisdiction,Jurisdiction,0.95,0,0,1,1,1,1,1,0
2752,852,20260623,1,1,important_dates,Dates,0.95,0,0,1,1,1,1,1,0
2753,852,20260623,1,1,amounts,Amounts,0.95,0,0,1,1,1,1,1,0
2754,852,20260623,1,1,case_category,Category,0.85,0,0,1,1,1,1,1,0
2755,855,20260623,1,1,case_title,Case title,0.95,0,0,1,1,1,1,1,0
2756,855,20260623,1,1,case_reference,Case reference,0.95,0,0,1,1,1,1,1,0
2757,855,20260623,1,1,client_name,Client,0.95,0,0,1,1,1,1,1,0
2758,855,20260623,1,1,opposing_party,Opposing party,0.95,0,0,1,1,1,1,1,0
2759,855,20260623,1,1,document_type,Document type,0.93,0,0,1,1,1,1,1,0
2760,855,20260623,1,1,jurisdiction,Jurisdiction,0.68,0,0,1,1,1,1,1,0
2761,855,20260623,1,1,important_dates,Dates,0.95,0,0,1,1,1,1,1,0
2762,855,20260623,1,1,amounts,Amounts,0.95,0,0,1,1,1,1,1,0
2763,855,20260623,1,1,case_category,Category,0.95,0,0,1,1,1,1,1,0
2764,858,20260625,7,1,case_title,Case title,0.95,0,0,1,1,1,1,1,0
2765,858,20260625,7,1,case_reference,Case reference,0.95,0,0,1,1,1,1,1,0
2766,858,20260625,7,1,client_name,Client,0.95,0,0,1,1,1,1,1,0
2767,858,20260625,7,1,opposing_party,Opposing party,0.95,0,0,1,1,1,1,1,0
2768,858,20260625,7,1,document_type,Document type,0.93,0,0,1,1,1,1,1,0
2769,858,20260625,7,1,jurisdiction,Jurisdiction,0.0,1,0,0,0,1,1,1,0
2770,858,20260625,7,1,important_dates,Dates,0.95,0,0,1,1,1,1,1,0
2771,858,20260625,7,1,amounts,Amounts,0.95,0,0,1,1,1,1,1,0
2772,858,20260625,7,1,case_category,Category,0.95,0,0,1,1,1,1,1,0
2773,861,20260625,1,1,case_title,Case title,0.95,0,0,1,1,1,1,1,0
2774,861,20260625,1,1,case_reference,Case reference,0.95,0,0,1,1,1,1,1,0
2775,861,20260625,1,1,client_name,Client,0.95,0,0,1,1,1,1,1,0
2776,861,20260625,1,1,opposing_party,Opposing party,0.95,0,0,1,1,1,1,1,0
2777,861,20260625,1,1,document_type,Document type,0.93,0,0,1,1,1,1,1,0
2778,861,20260625,1,1,jurisdiction,Jurisdiction,0.95,0,0,1,1,1,1,1,0
2779,861,20260625,1,1,important_dates,Dates,0.95,0,0,1,1,1,1,1,0
2780,861,20260625,1,1,amounts,Amounts,0.95,0,0,1,1,1,1,1,0
2781,861,20260625,1,1,case_category,Category,0.95,0,0,1,1,1,1,1,0
2782,865,20260626,9,1,case_title,Case title,0.95,0,0,1,1,1,1,1,0
2783,865,20260626,9,1,case_reference,Case reference,0.95,0,0,1,1,1,1,1,0
2784,865,20260626,9,1,client_name,Client,0.95,0,0,1,1,1,1,1,0
2785,865,20260626,9,1,opposing_party,Opposing party,0.95,0,0,1,1,1,1,1,0
2786,865,20260626,9,1,document_type,Document type,0.93,0,0,1,1,1,1,1,0
2787,865,20260626,9,1,jurisdiction,Jurisdiction,0.95,0,0,1,1,1,1,1,0
2788,865,20260626,9,1,important_dates,Dates,0.95,0,0,1,1,1,1,1,0
2789,865,20260626,9,1,amounts,Amounts,0.95,0,0,1,1,1,1,1,0
2790,865,20260626,9,1,case_category,Category,0.95,0,0,1,1,1,1,1,0
2791,868,20260626,7,1,case_title,Case title,0.95,0,0,1,1,1,1,1,0
2792,868,20260626,7,1,case_reference,Case reference,0.95,0,0,1,1,1,1,1,0
2793,868,20260626,7,1,client_name,Client,0.95,0,0,1,1,1,1,1,0
2794,868,20260626,7,1,opposing_party,Opposing party,0.95,0,0,1,1,1,1,1,0
2795,868,20260626,7,1,document_type,Document type,0.93,0,0,1,1,1,1,1,0
2796,868,20260626,7,1,jurisdiction,Jurisdiction,0.0,1,0,0,0,1,1,1,0
2797,868,20260626,7,1,important_dates,Dates,0.5,0,0,1,1,1,1,1,0
2798,868,20260626,7,1,amounts,Amounts,0.95,0,0,1,1,1,1,1,0
2799,868,20260626,7,1,case_category,Category,0.95,0,0,1,1,1,1,1,0
2800,870,20260626,7,1,case_title,Case title,0.95,0,0,1,1,1,1,1,0
2801,870,20260626,7,1,case_reference,Case reference,0.95,0,0,1,1,1,1,1,0
2802,870,20260626,7,1,client_name,Client,0.95,0,0,1,1,1,1,1,0
2803,870,20260626,7,1,opposing_party,Opposing party,0.95,0,0,1,1,1,1,1,0
2804,870,20260626,7,1,document_type,Document type,0.93,0,0,1,1,1,1,1,0
2805,870,20260626,7,1,jurisdiction,Jurisdiction,0.0,1,0,0,0,1,1,1,0
2806,870,20260626,7,1,important_dates,Dates,0.95,0,0,1,1,1,1,1,0
2807,870,20260626,7,1,amounts,Amounts,0.95,0,0,1,1,1,1,1,0
2808,870,20260626,7,1,case_category,Category,0.9,0,0,1,1,1,1,1,0
2809,874,20260626,6,1,case_title,Case title,0.95,0,0,1,1,1,1,1,0
2810,874,20260626,6,1,case_reference,Case reference,0.95,0,0,1,1,1,1,1,0
2811,874,20260626,6,1,client_name,Client,0.95,0,0,1,1,1,1,1,0
2812,874,20260626,6,1,opposing_party,Opposing party,0.95,0,0,1,1,1,1,1,0
2813,874,20260626,6,1,document_type,Document type,0.93,0,0,1,1,1,1,1,0
2814,874,20260626,6,1,jurisdiction,Jurisdiction,0.95,0,0,1,1,1,1,1,0
2815,874,20260626,6,1,important_dates,Dates,0.95,0,0,1,1,1,1,1,0
2816,874,20260626,6,1,amounts,Amounts,0.95,0,0,1,1,1,1,1,0
2817,874,20260626,6,1,case_category,Category,0.95,0,0,1,1,1,1,1,0
2818,876,20260626,2,1,case_title,Case title,0.95,0,0,1,1,1,1,1,0
2819,876,20260626,2,1,case_reference,Case reference,0.95,0,0,1,1,1,1,1,0
2820,876,20260626,2,1,client_name,Client,0.95,0,0,1,1,1,1,1,0
2821,876,20260626,2,1,opposing_party,Opposing party,0.95,0,0,1,1,1,1,1,0
2822,876,20260626,2,1,document_type,Document type,0.93,0,0,1,1,1,1,1,0
2823,876,20260626,2,1,jurisdiction,Jurisdiction,0.95,0,0,1,1,1,1,1,0
2824,876,20260626,2,1,important_dates,Dates,0.95,0,0,1,1,1,1,1,0
2825,876,20260626,2,1,amounts,Amounts,0.95,0,0,1,1,1,1,1,0
2826,876,20260626,2,1,case_category,Category,0.86,0,0,1,1,1,1,1,0
2827,879,20260626,9,1,case_title,Case title,0.95,0,0,1,1,1,1,0,
2828,879,20260626,9,1,case_reference,Case reference,0.95,0,0,1,1,1,1,0,
2829,879,20260626,9,1,client_name,Client,0.95,0,0,1,1,1,1,0,
2830,879,20260626,9,1,opposing_party,Opposing party,0.95,0,0,1,1,1,1,0,
2831,879,20260626,9,1,document_type,Document type,0.93,0,0,1,1,1,1,0,
2832,879,20260626,9,1,jurisdiction,Jurisdiction,0.95,0,0,1,1,1,1,0,
2833,879,20260626,9,1,important_dates,Dates,0.95,0,0,1,1,1,1,0,
2834,879,20260626,9,1,amounts,Amounts,0.95,0,0,1,1,1,1,0,
2835,879,20260626,9,1,case_category,Category,0.95,0,0,1,1,1,1,0,
2836,881,20260626,7,1,case_title,Case title,0.95,0,0,1,1,1,1,1,0
2837,881,20260626,7,1,case_reference,Case reference,0.95,0,0,1,1,1,1,1,0
2838,881,20260626,7,1,client_name,Client,0.95,0,0,1,1,1,1,1,0
2839,881,20260626,7,1,opposing_party,Opposing party,0.0,1,0,0,0,1,1,1,0
2840,881,20260626,7,1,document_type,Document type,0.93,0,0,1,1,1,1,1,0
2841,881,20260626,7,1,jurisdiction,Jurisdiction,0.0,1,0,0,0,1,1,1,0
2842,881,20260626,7,1,important_dates,Dates,0.95,0,0,1,1,1,1,1,0
2843,881,20260626,7,1,amounts,Amounts,0.95,0,0,1,1,1,1,1,0
2844,881,20260626,7,1,case_category,Category,0.95,0,0,1,1,1,1,1,0
2845,885,20260627,6,1,case_title,Case title,0.95,0,0,1,1,1,1,0,
2846,885,20260627,6,1,case_reference,Case reference,0.95,0,0,1,1,1,1,0,
2847,885,20260627,6,1,client_name,Client,0.95,0,0,1,1,1,1,0,
2848,885,20260627,6,1,opposing_party,Opposing party,0.95,0,0,1,1,1,1,0,
2849,885,20260627,6,1,document_type,Document type,0.93,0,0,1,1,1,1,0,
2850,885,20260627,6,1,jurisdiction,Jurisdiction,0.95,0,0,1,1,1,1,0,
2851,885,20260627,6,1,important_dates,Dates,0.95,0,0,1,1,1,1,0,
2852,885,20260627,6,1,amounts,Amounts,0.95,0,0,1,1,1,1,0,
2853,885,20260627,6,1,case_category,Category,0.87,0,0,1,1,1,1,0,
2854,887,20260629,9,1,case_title,Case title,0.95,0,0,1,1,1,1,0,
2855,887,20260629,9,1,case_reference,Case reference,0.95,0,0,1,1,1,1,0,
2856,887,20260629,9,1,client_name,Client,0.95,0,0,1,1,1,1,0,
2857,887,20260629,9,1,opposing_party,Opposing party,0.95,0,0,1,1,1,1,0,
2858,887,20260629,9,1,document_type,Document type,0.93,0,0,1,1,1,1,0,
2859,887,20260629,9,1,jurisdiction,Jurisdiction,0.95,0,0,1,1,1,1,0,
2860,887,20260629,9,1,important_dates,Dates,0.95,0,0,1,1,1,1,0,
2861,887,20260629,9,1,amounts,Amounts,0.95,0,0,1,1,1,1,0,
2862,887,20260629,9,1,case_category,Category,0.95,0,0,1,1,1,1,0,
2863,889,20260630,6,1,case_title,Case title,0.95,0,0,1,1,1,1,0,
2864,889,20260630,6,1,case_reference,Case reference,0.95,0,0,1,1,1,1,0,
2865,889,20260630,6,1,client_name,Client,0.95,0,0,1,1,1,1,0,
2866,889,20260630,6,1,opposing_party,Opposing party,0.95,0,0,1,1,1,1,0,
2867,889,20260630,6,1,document_type,Document type,0.93,0,0,1,1,1,1,0,
2868,889,20260630,6,1,jurisdiction,Jurisdiction,0.95,0,0,1,1,1,1,0,
2869,889,20260630,6,1,important_dates,Dates,0.95,0,0,1,1,1,1,0,
2870,889,20260630,6,1,amounts,Amounts,0.95,0,0,1,1,1,1,0,
2871,889,20260630,6,1,case_category,Category,0.95,0,0,1,1,1,1,0,
2872,891,20260715,1,1,case_title,Case title,0.95,0,0,1,1,1,1,0,
2873,891,20260715,1,1,case_reference,Case reference,0.95,0,0,1,1,1,1,0,
2874,891,20260715,1,1,client_name,Client,0.95,0,0,1,1,1,1,0,
2875,891,20260715,1,1,opposing_party,Opposing party,0.95,0,0,1,1,1,1,0,
2876,891,20260715,1,1,document_type,Document type,0.93,0,0,1,1,1,1,0,
2877,891,20260715,1,1,jurisdiction,Jurisdiction,0.95,0,0,1,1,1,1,0,
2878,891,20260715,1,1,important_dates,Dates,0.95,0,0,1,1,1,1,0,
2879,891,20260715,1,1,amounts,Amounts,0.95,0,0,1,1,1,1,0,
2880,891,20260715,1,1,case_category,Category,0.95,0,0,1,1,1,1,0,
